actual,predicted,abs_error,ape_pct
126.64155857293869,122.47039395934509,4.171164613593604,3.2936775736151715
126.72213904862579,122.47053974659855,4.251599302027245,3.3550564518136974
126.80271952431289,122.44869161831825,4.354027905994641,3.4337023072756803
126.8833,122.46206372631197,4.421236273688038,3.4844902943791958
114.53666000000001,112.74702837697788,1.7896316230221316,1.5624967787799395
106.60999999999999,105.54176076148127,1.0682392385187143,1.0020066021186702
105.38,103.82921285461785,1.5507871453821451,1.471614296244207
109.437475,107.20858903245028,2.2288859675497292,2.0366752499998095
105.85866000000001,104.66853282425463,1.1901271757453884,1.124260571355606
105.933328,104.89172172586251,1.041606274137493,0.9832658841205224
105.696658,104.09989321570535,1.596764784294649,1.5107050823637669
77.01,75.32679579466556,1.683204205334448,2.185695630871897
63.853332,64.32313492630483,0.4698029263048298,0.7357531887370102
56.430004,57.71737218946464,1.2873681894646438,2.2813540638144274
47.403334,49.777760690303346,2.374426690303345,5.008986689213347
44.25,45.65663962107754,1.406639621077538,3.1788466013051706
38.71,40.89688225440065,2.1868822544006505,5.649398745545468
38.72743402767102,40.356899600527086,1.6294655728560627,4.207522687126129
38.744868055342046,40.517238000195164,1.7723699448531178,4.574463751745176
38.76230208301307,39.995249735213434,1.232947652200366,3.1807905772982576
38.77973611068409,40.14756364408409,1.3678275333999963,3.5271708128595285
38.79717013835511,40.25084589933119,1.4536757609760755,3.746860288500689
38.814604166026136,40.437397966905856,1.6227938008797196,4.180884581325005
38.83203819369716,40.43462358924163,1.602585395544473,4.126966984196542
38.84947222136818,40.36206911220234,1.5125968908341605,3.893481183515781
38.866906249039204,40.35368006654801,1.486773817508805,3.8252949899905095
38.884340276710226,40.336296400724635,1.4519561240144085,3.734038210966016
38.90177430438125,40.298111222363886,1.3963369179826373,3.589391339986714
38.91920833205227,40.348243808309526,1.4290354762572548,3.6717999607416467
38.936642359723294,40.53600191490753,1.5993595551842361,4.107594949786014
38.954076387394316,40.53262905799304,1.5785526705987252,4.052342699388325
38.97151041506533,40.53262905799304,1.5611186429277097,4.0057945568469
38.988944442736354,40.524416698679424,1.5354722559430698,3.9382247400881574
39.00637847040738,40.54056069689424,1.5341822264868625,3.933157310799276
39.0238124980784,40.47826162164669,1.4544491235682884,3.7270810575976085
39.04124652574942,40.48656221830058,1.445315692551155,3.70202240237874
39.058680553420444,40.48656221830058,1.4278816648801325,3.6557345118896754
39.07611458109147,40.56862875620336,1.4925141751118929,3.8195050636741277
39.09354860876249,40.56862875620336,1.4750801474408703,3.773206065796349
39.11098263643351,40.563379835263426,1.4523971988299138,3.713527763623472
39.128416664104535,40.55719544774117,1.4287787836366377,3.65151188176588
39.14585069177556,40.469967963926884,1.3241172721513266,3.3825226652425773
39.16328471944658,40.455704931444245,1.2924202119976655,3.3000812400087383
39.1807187471176,40.4454379342703,1.2647191871527,3.227912165970006
39.198152774788625,40.4454379342703,1.2472851594816774,3.1819998423086493
39.21558680245965,40.4454379342703,1.2298511318106549,3.136128341023619
39.23302083013067,40.44571621399222,1.2126953838615506,3.0910069074523303
39.25045485780169,40.44571621399222,1.195261356190528,3.0452165727015763
39.267888885472715,40.44571621399222,1.1778273285195056,2.9994668976341297
39.28532291314374,40.437937868106474,1.1526149549627362,2.9339582049791537
39.30275694081476,40.437937868106474,1.1351809272917137,2.8882984697515246
39.32019096848578,40.437937868106474,1.1177468996206912,2.842679224311345
39.337624996156805,40.437937868106474,1.1003128719496686,2.7971004148246537
39.35505902382783,40.60110455455505,1.2460455307272227,3.1661635419547833
39.37249305149885,40.60110455455505,1.2286115030562001,3.1204818588682914
39.38992707916987,40.60110455455505,1.2111774753851776,3.074840613314237
39.407361106840895,41.00794689976171,1.6005857929208176,4.061641652637748
39.42479513451192,41.00794689976171,1.583151765249795,4.015624583078496
39.44222916218294,41.006730754378594,1.5645015921956542,3.9665648352748084
39.45966318985396,41.048450373110654,1.5887871832566915,4.026357689908532
39.47709721752498,41.048450373110654,1.5713531555856761,3.9804171692950843
39.494531245196,41.048450373110654,1.5539191279146536,3.9345172076290122
39.51196527286702,41.048450373110654,1.536485100243631,3.888657751222361
39.529399300538046,41.2973604617946,1.767961161256551,4.472522205093277
39.54683332820907,41.49443704963503,1.9476037214259634,4.924803220683468
39.56426735588009,41.678768271052185,2.114500915172094,5.3444713032398266
39.58170138355111,41.678768271052185,2.0970668875010716,5.298071619459353
39.599135411222136,41.635493744753624,2.0363583335314885,5.142431299028812
39.61656943889316,41.68214112796666,2.0655716890735007,5.213908519412706
39.63400346656418,41.68214112796666,2.048137661402478,5.1676274972583
39.6514374942352,41.660870010187345,2.009432515952142,5.067741910351389
39.668871521906226,41.71895548421917,2.0500839623129465,5.167991635912392
39.68630554957725,41.81004744156525,2.1237418919880042,5.35132172818396
39.70373957724827,41.821786818273864,2.118047241025593,5.334629089294434
39.721173604919294,41.90191235136073,2.1807387464414347,5.490116601618639
39.738607632590316,42.054153843158076,2.31554621056776,5.826943490261447
39.75604166026134,42.05710810430686,2.3010664440455244,5.787966678648456
39.77347568793236,42.059125255385055,2.285649567452694,5.746667918555031
39.790909715603384,42.06911507908541,2.278205363482023,5.725441764877922
39.808343743274406,42.06911507908541,2.2607713358110004,5.6791394045198285
39.82577777094543,42.06911507908541,2.243337308139978,5.6328775825605755
39.84321179861645,42.06911507908541,2.2259032804689554,5.586656245785511
39.860645826287474,42.06744484807666,2.2067990217891875,5.536285165590162
39.878079853958496,42.06744484807666,2.189364994118165,5.490146471786147
39.89551388162952,42.06744484807666,2.1719309664471425,5.444048102479112
39.91294790930054,42.06744484807666,2.15449693877612,5.397990004827675
39.930381936971564,42.06744484807666,2.1370629111050974,5.351972126082745
39.94781596464259,42.070927012006514,2.1231110473639276,5.314711195333112
39.9652499923136,42.070927012006514,2.105677019692912,5.268769794003267
39.982684019984625,42.11640622732857,2.1337222073439435,5.336615736645997
40.00011804765565,42.12164517052537,2.121527122869722,5.303802154639045
40.01755207532667,42.12164517052537,2.1040930951986994,5.257925550363699
40.03498610299769,42.12164517052537,2.086659067527677,5.212088901840369
40.052420130668715,42.12164517052537,2.0692250398566543,5.166292156893208
40.06985415833974,42.12164517052537,2.0517910121856318,5.12053526343717
40.08728818601076,42.12164517052537,2.0343569845146092,5.074818169477819
40.10472221368178,42.12164517052537,2.0169229568435867,5.029140823111127
40.122156241352805,42.12164517052537,1.9994889291725642,4.98350317252328
40.13959026902383,42.12164517052537,1.9820549015015416,4.937905165990485
40.15702429669485,42.12164517052537,1.964620873830519,4.892346751878771
40.17445832436587,42.12164517052537,1.9471868461594966,4.846827878643792
40.191892352036895,42.12164517052537,1.929752818488474,4.801348494830639
40.20932637970792,42.12164517052537,1.9123187908174515,4.755908549073641
40.22676040737894,42.17545637362662,1.9486959662476835,4.8442776562495125
40.24419443504996,42.17545637362662,1.931261938576661,4.798858483037898
40.261628462720985,42.17545637362662,1.9138279109056384,4.75347864450562
40.27906249039201,42.18218259600661,1.9031201056146045,4.724837143537208
40.29649651806303,42.18218259600661,1.885686077943582,4.679528596483115
40.31393054573405,42.18218259600661,1.8682520502725595,4.634259237394689
40.331364573405075,42.18218259600661,1.850818022601537,4.589029015452619
40.3487986010761,42.22258720687612,1.8737886058000228,4.643976204411819
40.36623262874712,42.22258720687612,1.8563545781290003,4.598780855280964
40.38366665641814,42.22258720687612,1.8389205504579778,4.553624528707126
40.401100684089165,42.22258720687612,1.8214865227869552,4.508507174172847
40.41853471176019,42.22258720687612,1.8040524951159327,4.463428741247824
40.43596873943121,42.23201597854695,1.7960472391157367,4.441706963148178
40.45340276710223,42.23201597854695,1.7786132114447142,4.3966961733343455
40.47083679477325,42.23201597854695,1.7611791837736988,4.351724163017931
40.48827082244427,42.23193065331602,1.7436598308717493,4.306580141489196
40.50570485011529,42.23193065331602,1.7262258032007267,4.26168563067435
40.523138877786316,42.23485516644693,1.711716288660611,4.224046646097614
40.54057290545734,42.23485516644693,1.6942822609895885,4.179226240686682
40.55800693312836,42.23485516644693,1.676848233318566,4.134444367750458
40.575440960799384,42.23485516644693,1.6594142056475434,4.089700977620259
40.592874988470406,42.23485516644693,1.6419801779765208,4.04499602071273
40.61030901614143,42.23485516644693,1.6245461503054983,4.00032944752966
40.62774304381245,42.23485516644693,1.6071121226344758,3.9557012086578034
40.645177071483474,42.23485516644693,1.5896780949634532,3.9111112547686897
40.662611099154496,42.23485516644693,1.5722440672924307,3.86655953661845
40.68004512682552,42.23485516644693,1.5548100396214082,3.822046005047631
40.69747915449654,42.25254422364153,1.5550650691449874,3.8210353600566265
40.714913182167564,42.26180137373168,1.5468881915641148,3.799315952469292
40.732347209838586,42.26180137373168,1.5294541638930923,3.75488835940116
40.74978123750961,42.25748470466618,1.507703467156574,3.699905671564082
40.76721526518063,42.264053691109055,1.4968384259284235,3.6716719947434737
40.784649292851654,42.264053691109055,1.479404398257401,3.6273559388352936
40.80208332052268,42.264053691109055,1.4619703705863785,3.5830777539024217
40.8195173481937,42.264053691109055,1.444536342915356,3.538837391420744
40.83695137586472,42.264053691109055,1.4271023152443334,3.494634802949011
40.854385403535744,42.264053691109055,1.4096682875733109,3.450469940128658
40.87181943120677,42.264053691109055,1.3922342599022883,3.406342754683631
40.88925345887779,42.264053691109055,1.3748002322312658,3.3622531984202126
40.90668748654881,42.26370626036458,1.357018773815767,3.3173518981755494
40.924121514219834,42.26370626036458,1.3395847461447445,3.273337817842422
40.94155554189086,42.26370626036458,1.322150718473722,3.22936122229385
40.95898956956188,42.26796314770827,1.308973578146393,3.1958151114136344
40.976423597232895,42.26796314770827,1.2915395504753775,3.1519089200419974
40.99385762490392,42.26796314770827,1.274105522804355,3.1080400738629956
41.01129165257494,42.26796314770827,1.2566714951333324,3.0642085252499744
41.02872568024596,42.270015058172895,1.2412893779269325,3.025415382385552
41.046159707916985,42.270015058172895,1.22385535025591,2.981656162147254
41.06359373558801,42.270015058172895,1.2064213225848874,2.9379340988836424
41.08102776325903,42.270015058172895,1.188987294913865,2.894249145288522
41.09846179093005,42.270015058172895,1.1715532672428424,2.850601254135965
41.115895818601075,42.30705541630104,1.191159597699965,2.8970780618650105
41.1333298462721,42.30705541630104,1.1737255700289424,2.8534659713072483
41.15076387394312,42.30705541630104,1.1562915423579199,2.809890834347524
41.16819790161414,42.30705541630104,1.1388575146868973,2.7663526040381874
41.185631929285165,42.30705541630104,1.1214234870158748,2.722851233511081
41.20306595695619,42.30705541630104,1.1039894593448523,2.679386675977371
41.22049998462721,42.29212727213294,1.071627287505727,2.599743544851179
41.23793401229823,42.29212727213294,1.0541932598347046,2.556367783896052
41.255368039969255,42.29212727213294,1.036759232163682,2.513028683101901
41.27280206764028,42.29212727213294,1.0193252044926595,2.4697261960119157
41.2902360953113,42.29212727213294,1.001891176821637,2.4264602762477456
41.30767012298232,42.32846109266461,1.020790969682288,2.4711898943783597
41.325104150653345,43.868544087821064,2.5434399371677188,6.154709079245012
41.34253817832437,43.868544087821064,2.5260059094966962,6.1099439482916535
41.35997220599539,43.849629785460436,2.489657579465046,6.019485620215562
41.37740623366641,43.849629785460436,2.4722235517940234,5.974815187382426
41.394840261337436,43.90503452073235,2.5101942593949147,6.064026925934107
41.41227428900846,43.90503452073235,2.492760231723892,6.019375353131751
41.42970831667948,43.90503452073235,2.4753262040528696,5.974761359969098
41.4471423443505,43.90503452073235,2.457892176381847,5.9301848990244626
41.464576372021526,43.90503452073235,2.4404581487108246,5.88564592295591
41.48201039969254,43.90503452073235,2.423024121039809,5.841144384501114
41.499444427363564,43.90503452073235,2.4055900933687866,5.796680236477114
41.516878455034586,43.90503452073235,2.388156065697764,5.752253431780254
41.53431248270561,43.87804977121284,2.343737288507228,5.642894148020704
41.55174651037663,43.87804977121284,2.3263032608362053,5.598569148604289
41.569180538047654,43.87804977121284,2.3088692331651828,5.554281328812602
41.586614565718676,43.87804977121284,2.2914352054941602,5.510030641886083
41.6040485933897,43.87804977121284,2.2740011778231377,5.46581704114355
41.62148262106072,43.87804977121284,2.256567150152115,5.421640479982034
41.638916648731744,43.87804977121284,2.2391331224810926,5.377500911876614
41.65635067640277,43.87804977121284,2.22169909481007,5.3333982903802575
41.67378470407379,43.87804977121284,2.2042650671390476,5.289332569123657
41.69121873174481,43.87804977121284,2.186831039468025,5.245303701815062
41.708652759415834,43.87804977121284,2.1693970117970025,5.201311642240124
41.72608678708686,43.87804977121284,2.15196298412598,5.157356344261731
41.74352081475788,43.84789713806442,2.104376323306539,5.041204676157944
41.7609548424289,43.84789713806442,2.0869422956355166,4.9973529185573
41.778388870099924,43.84789713806442,2.069508267964494,4.953537759436209
41.79582289777095,43.84789713806442,2.0520742402934715,4.9097591529963935
41.81325692544197,43.84789713806442,2.034640212622449,4.866017053515959
41.83069095311299,43.84789713806442,2.0172061849514265,4.822311415349232
41.848124980784014,43.84789713806442,1.999772157280404,4.778642192926606
41.86555900845504,43.85248109013382,1.9869220816787845,4.7459585605378205
41.88299303612606,43.85248109013382,1.969488054007762,4.702357475524697
41.90042706379708,44.01638958857869,2.115962524781608,5.049978420410535
41.917861091468104,44.01638958857869,2.0985284971105855,5.006287158906867
41.93529511913913,44.02044648807522,2.0851513689360957,4.97230641399359
41.95272914681015,44.02032324773174,2.067594100921589,4.928389983131281
41.97016317448117,44.02032324773174,2.0501600732505665,4.884803675238296
41.98759720215219,44.02032324773174,2.032726045579551,4.841253563029222
42.00503122982321,44.126539025550144,2.1215077957269344,5.05060401959821
42.02246525749423,44.126539025550144,2.104073768055912,5.007021256756644
42.039899285165255,44.126539025550144,2.0866397403848893,4.963474641627432
42.05733331283628,44.126539025550144,2.0692057127138668,4.919964129257635
42.0747673405073,44.126539025550144,2.0517716850428442,4.876489674768825
42.09220136817832,44.126539025550144,2.0343376573718217,4.833051233356922
42.109635395849345,44.126539025550144,2.016903629700799,4.789648760292047
42.12706942352037,44.126539025550144,1.9994696020297766,4.746282210918364
42.14450345119139,44.126539025550144,1.982035574358754,4.702951540653929
42.16193747886241,44.13097425602617,1.9690367771637582,4.670176217947576
42.179371506533435,44.182362789657425,2.0029912831239898,4.748746156195651
42.19680553420446,44.182362789657425,1.9855572554529672,4.705468175413154
42.21423956187548,44.182362789657425,1.9681232277819447,4.662225941313404
42.2316735895465,44.182362789657425,1.9506892001109222,4.619019409625697
42.249107617217526,44.182362789657425,1.9332551724398996,4.575848536152399
42.26654164488855,44.31558042687156,2.0490387819830147,4.84789789332294
42.28397567255957,44.31558042687156,2.031604754311992,4.804668250791786
42.30140970023059,44.31558042687156,2.0141707266409696,4.761474241436427
42.318843727901616,44.31558042687156,1.996736698969947,4.718315821217631
42.33627775557264,44.31558042687156,1.9793026712989246,4.67519294616871
42.35371178324366,44.31558042687156,1.961868643627902,4.632105572395365
42.37114581091468,44.3348980745754,1.9637522636607159,4.634645172033227
42.388579838585706,44.3348980745754,1.9463182359896933,4.591609918051532
42.40601386625673,44.3348980745754,1.9288842083186708,4.548610049513568
42.42344789392775,44.47537244066918,2.051924546741432,4.836769872811618
42.44088192159877,44.118477144180716,1.6775952225819424,3.9527812491761396
42.458315949269796,44.118477144180716,1.6601611949109198,3.910096662558449
42.47574997694082,44.118477144180716,1.6427271672398973,3.8674471154286834
42.493184004611834,44.143613806892475,1.650429802280641,3.8839871403882515
42.510618032282856,44.143613806892475,1.6329957746096184,3.8413832830412167
42.52805205995388,44.143613806892475,1.6155617469385959,3.7988143559010403
42.5454860876249,44.143613806892475,1.5981277192675734,3.756280316027266
42.562920115295924,44.143613806892475,1.5806936915965508,3.7137811205497946
42.58035414296695,44.14946294349086,1.5691088005239138,3.685053429230545
42.59778817063797,44.14946294349086,1.5516747728528912,3.6426181721858457
42.61522219830899,44.14946294349086,1.5342407451818687,3.600217635947815
42.632656225980014,44.14946294349086,1.5168067175108462,3.5578517779206913
42.65009025365104,44.14946294349086,1.4993726898398236,3.5155205555783575
42.66752428132206,44.155711415336334,1.4881871340142752,3.4878684879913155
42.68495830899308,44.189510762703485,1.504552453710403,3.5247837020691577
42.702392336664104,44.189510762703485,1.4871184260393804,3.4825178278420394
42.71982636433513,44.189510762703485,1.4696843983683578,3.4402864511531157
42.73726039200615,44.189510762703485,1.4522503706973353,3.3980895297841167
42.75469441967717,44.190590642962796,1.4358962232856243,3.3584527799239186
42.772128447348194,44.190590642962796,1.4184621956146017,3.3163236133097884
42.78956247501922,44.19179466177547,1.402232186756251,3.27704259087688
42.80699650269024,44.19179466177547,1.3847981590852285,3.2349808961677557
42.82443053036126,44.19179466177547,1.367364131414206,3.192953448487272
42.841864558032285,44.19179466177547,1.3499301037431835,3.150960206026069
42.85929858570331,44.260604412529624,1.4013058268263165,3.2695491365174933
42.87673261337433,44.260604412529624,1.383871799155294,3.227558899214325
42.89416664104535,44.260604412529624,1.3664377714842715,3.1856027951752526
42.911600668716375,44.260604412529624,1.349003743813249,3.143680782797521
42.9290346963874,44.260604412529624,1.3315697161422264,3.1017928205459553
42.94646872405842,44.260604412529624,1.3141356884712039,3.059938866952828
42.963902751729435,44.260604412529624,1.2967016608001884,3.0181188806177346
42.981336779400465,44.260604412529624,1.2792676331291588,2.9763328202073733
42.99877080707148,44.24128676482579,1.242515957754307,2.8896545981029895
43.01620483474251,44.24128676482579,1.2250819300832774,2.847954473877311
43.033638862413525,44.24128676482579,1.207647902412262,2.8062881372252413
43.05107289008455,44.24128676482579,1.1902138747412394,2.764655547098729
43.06850691775557,44.24128676482579,1.1727798470702169,2.723056662516254
43.08594094542659,44.24128676482579,1.1553458193991943,2.6814914425626113
43.103374973097615,44.24128676482579,1.1379117917281718,2.6399598463887894
43.12080900076864,44.24128676482579,1.1204777640571493,2.598461833211841
43.13824302843966,44.24128676482579,1.1030437363861267,2.5569973623147457
43.15567705611068,44.24128676482579,1.0856097087151042,2.5155663930462793
43.173111083781706,44.24128676482579,1.0681756810440817,2.4741688848208803
43.19054511145273,44.24128676482579,1.0507416533730591,2.4328047971185174
43.20797913912375,44.25227962982286,1.0443004906991078,2.4169158370878763
43.22541316679477,44.25227962982286,1.0268664630280853,2.375608207758929
43.242847194465796,44.25227962982286,1.0094324353570627,2.334333886058847
43.26028122213682,44.254054668124304,0.9937734459874861,2.2971959911323
43.27771524980784,44.334245572464525,1.056530322656684,2.4412802675884677
43.29514927747886,44.34388372913967,1.0487344516608061,2.4222908782216246
43.312583305149886,44.34388372913967,1.0313004239897836,2.38106422035363
43.33001733282091,44.34388372913967,1.013866396318761,2.339870737948665
43.34745136049193,44.697379262901585,1.3499279024096538,3.1142036268365607
43.36488538816295,44.697379262901585,1.3324938747386312,3.0727485217852184
43.382319415833976,44.697379262901585,1.3150598470676087,3.0313267358121685
43.399753443505,44.697379262901585,1.2976258193965862,2.989938228763792
43.41718747117602,44.669585610661784,1.2523981394857628,2.8845676388347585
43.434621498847044,44.68010518048332,1.2454836816362729,2.867490583909736
43.452055526518066,44.68010518048332,1.2280496539652503,2.8262176301781445
43.46948955418908,44.72515118123613,1.255661627047047,2.888604490010721
43.48692358186011,44.72515118123613,1.2382275993760175,2.847356164537987
43.50435760953113,44.72515118123613,1.220793571705002,2.806140898946512
43.52179163720215,44.72515118123613,1.2033595440339795,2.764958653506708
43.53922566487317,44.72515118123613,1.185925516362957,2.723809388552688
43.556659692544194,44.72515118123613,1.1684914886919344,2.6826930644820566
43.57409372021522,44.72515118123613,1.1510574610209119,2.6416096417557955
43.59152774788624,44.72515118123613,1.1336234333498894,2.600559080898143
43.60896177555726,44.72515118123613,1.1161894056788668,2.559541342496461
43.626395803228284,44.8289353114403,1.2025395082120127,2.756449360694212
43.64382983089931,44.8289353114403,1.1851054805409902,2.715402120145629
43.66126385857033,44.8289353114403,1.1676714528699677,2.6743876600831924
43.67869788624135,44.8289353114403,1.1502374251989451,2.633405941254641
43.696131913912375,44.8289353114403,1.1328033975279226,2.5924569244703566
43.7135659415834,45.040476144944584,1.3269102033611873,3.035465478003792
43.73099996925442,45.040476144944584,1.3094761756901647,2.9943888239711116
43.74843399692544,45.04577528958365,1.29734129265821,2.965457672723519
43.765868024596465,45.252121767757345,1.48625374316088,3.3959197206498994
43.78330205226749,45.252121767757345,1.4688197154898575,3.354748606526786
43.80073607993851,45.252121767757345,1.451385687818835,3.3136102671196763
43.81817010760953,45.42227646456462,1.6041063569550857,3.660824614573565
43.835604135280555,45.382301286534116,1.5466971512535608,3.5284038665928192
43.85303816295158,45.382301286534116,1.5292631235825382,3.4872455538884592
43.8704721906226,45.382301286534116,1.5118290959115157,3.446119953627197
43.88790621829362,45.382301286534116,1.4943950682404932,3.405027026824967
43.905340245964645,45.382301286534116,1.4769610405694706,3.3639667345596274
43.92277427363567,45.382301286534116,1.459527012898448,3.32293903797083
43.94020830130669,45.382301286534116,1.4420929852274256,3.2819438982599016
43.95764232897771,45.382301286534116,1.424658957556403,3.240981276689721
43.97507635664873,45.382301286534116,1.4072249298853876,3.200051134584613
43.99251038431976,45.382301286534116,1.389790902214358,3.1591534333301445
44.00994441199077,45.382301286534116,1.3723568745433425,3.1182881343731843
44.027378439661796,45.382301286534116,1.35492284687232,3.077455199221551
44.04481246733282,45.382301286534116,1.3374888192012975,3.0366545894440735
44.06224649500384,45.38406065441606,1.3218141594122201,2.999879181289812
44.07968052267486,45.38406065441606,1.3043801317411976,2.9591415279659667
44.097114550345886,45.42402566357745,1.3269111132315672,3.0090656197394194
44.11454857801691,45.42513383018703,1.310585252170121,2.970868555647444
44.13198260568793,45.42513383018703,1.2931512244990984,2.930190642131793
44.14941663335895,45.42513383018703,1.2757171968280758,2.889544854969055
44.166850661029976,45.42513383018703,1.2582831691570533,2.8489311561154222
44.184284688701,45.42513383018703,1.2408491414860308,2.808349507587131
44.20171871637202,45.429897209616946,1.2281784932449256,2.7785763289562233
44.21915274404304,45.429897209616946,1.210744465573903,2.738054418595815
44.236586771714066,45.429897209616946,1.1933104379028805,2.6975644483174994
44.25402079938509,45.42528751160576,1.171266712220671,2.6466899302332902
44.27145482705611,45.42528751160576,1.1538326845496485,2.6062678289137535
44.28888885472713,45.42528751160576,1.136398656878626,2.5658775513789696
44.306322882398156,45.42528751160576,1.1189646292076034,2.5255190600620603
44.32375691006918,45.42528751160576,1.1015306015365809,2.485192317455253
44.3411909377402,45.42528751160576,1.0840965738655584,2.444897286109763
44.358624965411224,45.42528751160576,1.0666625461945358,2.404633928635681
44.376058993082246,45.43585435702699,1.059795363944744,2.3882142488361904
44.39349302075327,45.43585435702699,1.0423613362737214,2.348004775804494
44.41092704842429,45.43585435702699,1.0249273086026989,2.307826872168532
44.428361076095314,45.43585435702699,1.0074932809316763,2.26768050076409
44.445795103766336,45.43585435702699,0.9900592532606538,2.2275656244852646
44.46322913143736,45.436932819573215,0.9737036881358563,2.189907721855962
44.480663159108374,45.436932819573215,0.9562696604648409,2.1498547740716947
44.498097186779404,45.436932819573215,0.9388356327938112,2.109833211188958
44.51553121445042,45.436932819573215,0.9214016051227958,2.069842996333142
44.53296524212144,45.436932819573215,0.9039675774517733,2.029884092687268
44.550399269792464,45.44238397469799,0.891984704905525,2.00219239226962
44.56783329746349,45.44238397469799,0.8745506772345024,1.9622912143774245
44.58526732513451,45.44238397469799,0.8571166495634799,1.9224212413329833
44.60270135280553,45.44238397469799,0.8396826218924573,1.8825824365448236
44.620135380476555,45.44238397469799,0.8222485942214348,1.8427747634786602
44.63756940814758,45.44238397469799,0.8048145665504123,1.8029981856572854
44.6550034358186,45.4844634879567,0.8294600521381028,1.8574851378754518
44.67243746348962,45.45314450715132,0.7807070436616996,1.7476258023748188
44.689871491160645,45.45314450715132,0.7632730159906771,1.707932895134074
44.70730551883167,45.49791093154808,0.7906054127164097,1.7684031805123883
44.72473954650269,45.49791093154808,0.7731713850453872,1.7287331192649646
44.74217357417371,45.49791093154808,0.7557373573743646,1.689093973321392
44.759607601844735,45.49791093154808,0.7383033297033421,1.6494857065568054
44.77704162951576,45.49791093154808,0.7208693020323196,1.6099082829026001
44.79447565718678,45.49791093154808,0.703435274361297,1.5703616663463247
44.8119096848578,45.49791093154808,0.6860012466902745,1.5308458209315685
44.829343712528825,45.49791093154808,0.668567219019252,1.4913607107578557
44.84677774019985,45.49791093154808,0.6511331913482294,1.451906299980534
44.86421176787087,45.470547227735075,0.606335459864205,1.3514902769303239
44.88164579554189,45.84077286127109,0.9591270657291986,2.1370140259528294
44.899079823212915,45.85986985375206,0.9607900305391439,2.139888020694833
44.91651385088394,45.85986985375206,0.9433560028681214,2.100243144425503
44.93394787855496,45.85986985375206,0.9259219751970988,2.060629031972954
44.95138190622598,45.88819268475868,0.9368107785326956,2.084053345650187
44.968815933897005,45.88819268475868,0.919376750861673,2.0444762259542992
44.98624996156802,45.88819268475868,0.9019427231906576,2.004929781791529
45.00368398923905,45.88819268475868,0.884508695519628,1.9654139775115413
45.021118016910066,45.88819268475868,0.8670746678486125,1.9259287775193337
45.03855204458109,45.88819268475868,0.84964064017759,1.8864741462749053
45.05598607225211,45.88819268475868,0.8322066125065675,1.8470500482933274
45.07342009992313,45.88819268475868,0.8147725848355449,1.807656448144556
45.090854127594156,45.88819268475868,0.7973385571645224,1.7682933104533425
45.10828815526518,45.89697488376401,0.7886867284988313,1.7484297470658356
45.1257221829362,45.89697488376401,0.7712527008278087,1.7091199066049507
45.14315621060722,45.89697488376401,0.7538186731567862,1.6698404286133242
45.160590238278246,45.89697488376401,0.7363846454857637,1.6305912779271028
45.17802426594927,45.89697488376401,0.7189506178147411,1.5913724194367107
45.19545829362029,45.89697488376401,0.7015165901437186,1.5521838180867464
45.212892321291314,45.89697488376401,0.684082562472696,1.513025438875878
45.230326348962336,45.89697488376401,0.6666485348016735,1.4738972468567377
45.24776037663336,45.89697488376401,0.649214507130651,1.4347992071358195
45.26519440430438,46.563005275205654,1.297810870901273,2.8671275755702066
45.282628431975404,46.563005275205654,1.2803768432302505,2.827523241398546
45.300062459646426,46.56672892220536,1.2666664625589306,2.7961693511731576
45.31749648731745,46.56672892220536,1.249232434887908,2.756622787486767
45.33493051498847,46.56672892220536,1.2317984072168855,2.717106639900182
45.352364542659494,46.56672892220536,1.214364379545863,2.677620873336391
45.369798570330516,46.56672892220536,1.1969303518748404,2.6381654527723
45.38723259800154,46.55149561803934,1.1642630200378008,2.5651773712439674
45.40466662567256,46.55149561803934,1.1468289923667783,2.525795424997883
45.422100653343584,46.55149561803934,1.1293949646957557,2.4864437101118955
45.43953468101461,46.55149561803934,1.1119609370247332,2.4471221917889245
45.45696870868563,46.55149561803934,1.0945269093537107,2.4078308352852735
45.47440273635665,46.55149561803934,1.0770928816826881,2.3685696059105257
45.49183676402767,46.55149561803934,1.0596588540116727,2.3293384690274586
45.5092707916987,46.54193158564139,1.0326607939426964,2.269121820627069
45.52670481936971,46.54193158564139,1.015226766271681,2.229958812744436
45.544138847040735,46.54193158564139,0.9977927386006584,2.1908257875985524
45.56157287471176,46.54193158564139,0.9803587109296359,2.1517227107709638
45.57900690238278,46.54193158564139,0.9629246832586134,2.1126495478958613
45.5964409300538,46.50315720812336,0.9067162780695597,1.9885680978050182
45.613874957724825,46.50315720812336,0.8892822503985371,1.949587162289388
45.63130898539585,46.50315720812336,0.8718482227275146,1.9106360131079012
45.64874301306687,46.50315720812336,0.8544141950564921,1.871714616132842
45.66617704073789,46.530475937850525,0.8642988971126329,1.8926456145904418
45.683611068408915,46.530475937850525,0.8468648694416103,1.8537607899985682
45.70104509607994,46.530475937850525,0.8294308417705878,1.814905632960532
45.71847912375096,46.5539451312756,0.8354660075246372,1.8274142612294568
45.73591315142198,46.5539451312756,0.8180319798536146,1.7885987695168193
45.753347179093005,46.5539451312756,0.8005979521825921,1.7498128586063872
45.77078120676403,46.5539451312756,0.7831639245115696,1.7110564946963003
45.78821523443505,46.754947108720444,0.9667318742853936,2.111311544544244
45.80564926210607,46.767624410279005,0.9619751481729324,2.100123377071639
45.823083289777095,46.767624410279005,0.9445411205019099,2.061277968854253
45.84051731744812,46.767624410279005,0.9271070928308873,2.022462107943982
45.85795134511914,46.767624410279005,0.9096730651598648,1.9836757606414208
45.87538537279016,46.767624410279005,0.8922390374888423,1.9449188932983907
45.892819400461185,46.767624410279005,0.8748050098178197,1.906191472317843
45.91025342813221,46.767624410279005,0.8573709821467972,1.8674934641537615
45.92768745580323,46.730430674222724,0.8027432184194936,1.7478415807283636
45.94512148347425,46.93285803681515,0.9877365533408948,2.1498181340018183
45.962555511145275,46.941434539916315,0.9788790287710398,2.129731512717293
45.9799895388163,47.074738424134026,1.0947488853177276,2.38092460720014
45.99742356648731,47.0481007295641,1.0506771630767844,2.2842087265128566
46.01485759415834,47.0481007295641,1.0332431354057547,2.2454554668380124
46.03229162182936,47.0481007295641,1.0158091077347393,2.2067315615741014
46.04972564950038,47.04483731072819,0.9951116612278099,2.160950249306439
46.067159677171404,47.04483731072819,0.9776776335567874,2.1222876348534156
46.084593704842426,47.04483731072819,0.9602436058857649,2.083654272913478
46.10202773251345,47.04483731072819,0.9428095782147423,2.0450501303000737
46.11946176018447,47.04483731072819,0.9253755505437198,2.0064751738768307
46.136895787855494,47.08704647295251,0.9501506850970145,2.059416154623737
46.154329815526516,47.30049587727875,1.1461660617522327,2.483333776773111
46.17176384319754,47.30049587727875,1.1287320340812101,2.444637025162091
46.18919787086856,47.30049587727875,1.1112980064101876,2.4059694855863283
46.206631898539584,47.30049587727875,1.093863978739165,2.3673311249802174
46.224065926210606,47.30049587727875,1.0764299510681425,2.3287219103280363
46.24149995388163,47.30049587727875,1.05899592339712,2.290141808663854
46.25893398155265,47.30049587727875,1.0415618957260975,2.2515907870714362
46.276368009223674,47.30049587727875,1.024127868055075,2.2130688126841513
46.2938020368947,47.30049587727875,1.0066938403840524,2.174575852684878
46.31123606456572,47.30049587727875,0.9892598127130299,2.1361118743059113
46.32867009223674,47.30049587727875,0.9718257850420073,2.0976768448288685
46.346104119907764,47.27180299900941,0.9256988791016454,1.997360720345889
46.36353814757879,47.27180299900941,0.9082648514306229,1.9590067706643621
46.38097217524981,47.27180299900941,0.8908308237596003,1.920681654523345
46.39840620292083,47.27180299900941,0.8733967960885778,1.882385339420552
46.415840230591854,47.27180299900941,0.8559627684175553,1.8441177929025305
46.43327425826288,47.27180299900941,0.8385287407465327,1.8058789825645671
46.4507082859339,47.27180299900941,0.8210947130755102,1.7676688760505992
46.46814231360492,47.27180299900941,0.8036606854044877,1.7294874410531198
46.485576341275944,47.27180299900941,0.7862266577334651,1.69133464531309
46.50301036894696,47.280958176218164,0.7779478072712038,1.6728977352199321
46.52044439661799,47.26623098247508,0.7457865858570898,1.6031372776639
46.537878424289005,47.26198017565165,0.724101751362646,1.5559406141400798
46.55531245196003,47.258850824894566,0.7035383729345384,1.5111881671087757
46.57274647963105,47.258850824894566,0.6861043452635158,1.4731884999816123
46.59018050730207,47.27172646662456,0.6815459593224844,1.4628532276574155
46.607614534973095,47.27172646662456,0.6641119316514619,1.4249000689643325
46.62504856264412,47.27172646662456,0.6466779039804393,1.3869752931443726
46.64248259031514,47.27172646662456,0.6292438763094168,1.349078868370684
46.65991661798616,47.372532731503156,0.7126161135169937,1.5272554371481646
46.677350645657185,47.37516190060561,0.6978112549484266,1.4949675705584422
46.69478467332821,47.37516190060561,0.680377227277404,1.4570732728231888
46.71221870099923,47.37516190060561,0.6629431996063815,1.4192072610590862
46.72965272867025,47.37516190060561,0.645509171935359,1.3813695036071107
46.747086756341275,47.36850433822441,0.6214175818831364,1.3293183062340044
46.7645207840123,47.330059103307825,0.565538319295527,1.2093320102809038
46.78195481168332,47.330059103307825,0.5481042916245045,1.1716147686236082
46.79938883935434,47.330059103307825,0.5306702639534819,1.133925628334772
46.816822867025365,47.330059103307825,0.5132362362824594,1.09626455802055
46.83425689469639,47.330059103307825,0.49580220861143687,1.0586315263338417
46.85169092236741,47.330059103307825,0.47836818094041433,1.0210265019742055
46.86912495003843,47.330059103307825,0.4609341532693918,0.9834494536877711
46.886558977709456,47.330059103307825,0.44350012559836927,0.9459003502671535
46.90399300538048,47.330059103307825,0.42606609792734673,0.9083791605513662
46.9214270330515,47.32569919427911,0.40427216122760967,0.8615939173010232
46.93886106072252,47.32569919427911,0.38683813355658714,0.8241319129072038
46.956295088393546,47.32569919427911,0.3694041058855646,0.7866977264500417
46.97372911606456,47.37521992382696,0.4014908077624,0.8547135075658577
46.99116314373559,47.37521992382696,0.38405678009137034,0.8172957517919389
47.008597171406606,47.37521992382696,0.3666227524203549,0.7799057501834078
47.026031199077636,47.37521992382696,0.3491887247493253,0.7425434718721792
47.04346522674865,47.37521992382696,0.33175469707830985,0.7052088860360481
47.06089925441968,47.37521992382696,0.3143206694072802,0.667901961898361
47.078333282090696,47.3814070261486,0.30307374405790455,0.6437648126621304
47.09576730976172,47.1626792765179,0.06691196675618016,0.14207639152810037
47.11320133743274,47.1626792765179,0.04947793908515763,0.1050192678073142
47.130635365103764,48.66180263576409,1.531167270660326,3.2487728179324007
47.14806939277479,48.66180263576409,1.5137332429893036,3.2105943307644234
47.16550342044581,48.826821855808376,1.661318435362567,3.522316767305829
47.18293744811683,48.8312570862844,1.648319638167571,3.493465492647828
47.200371475787854,48.85000453813249,1.649633062344634,3.494957795386925
47.21780550345888,48.85000453813249,1.6321990346736115,3.4567447963121603
47.2352395311299,48.85000453813249,1.614765007002589,3.4185600052655487
47.25267355880092,48.85000453813249,1.5973309793315664,3.3804033910247595
47.270107586471944,48.85000453813249,1.579896951660544,3.3422749224135226
47.28754161414297,48.85000453813249,1.5624629239895214,3.304174568301544
47.30497564181399,48.85095496278361,1.5459793209696215,3.2681114406982035
47.32240966948501,48.85095496278361,1.528545293298599,3.2300664821898395
47.339843697156034,48.85095496278361,1.5111112656275765,3.1920495456100486
47.35727772482706,48.85095496278361,1.493677237956554,3.154060600010996
47.37471175249808,48.99011172134608,1.6153999688480027,3.4098359844117097
47.3921457801691,49.016408296521014,1.6242625163519122,3.4272820730382985
47.409579807840124,49.016408296521014,1.6068284886808897,3.3892485341436593
47.42701383551115,49.016408296521014,1.5893944610098671,3.3512429572780786
47.44444786318217,49.0250197571984,1.5805718940162308,3.3314159300034474
47.46188189085319,49.0250197571984,1.5631378663452082,3.293459517555402
47.47931591852421,49.05735371277492,1.5780377942507116,3.3236321200555357
47.49674994619524,49.05735371277492,1.560603766579682,3.2857064290663014
47.51418397386625,49.05735371277492,1.5431697389086665,3.2478085696629884
47.53161800153728,49.05735371277492,1.5257357112376368,3.2099385112206593
47.5490520292083,49.05735371277492,1.5083016835666214,3.1720962231594143
47.56648605687933,49.05735371277492,1.4908676558955918,3.134281674944064
47.58392008455034,49.05735371277492,1.4734336282245764,3.096494836084289
47.601354112221365,49.030489969646744,1.4291358574253792,3.0023008464342342
47.61878813989239,49.030489969646744,1.4117018297543567,2.964589996719616
47.63622216756341,49.16744231584516,1.5312201482817471,3.2144029870706032
47.65365619523443,49.16744231584516,1.5137861206107246,3.176642132995683
47.671090222905455,49.16744231584516,1.496352092939702,3.1389088983341957
47.68852425057648,49.16744231584516,1.4789180652686795,3.101203252794726
47.7059582782475,49.16744231584516,1.461484037597657,3.0635251661301397
47.72339230591852,49.16744231584516,1.4440500099266345,3.025874608137501
47.740826333589546,49.16744231584516,1.426615982255612,2.988251548657992
47.75826036126057,49.16744231584516,1.4091819545845894,2.950655957576832
47.77569438893159,49.16744231584516,1.3917479269135669,2.913087804823198
47.79312841660261,49.16744231584516,1.3743138992425443,2.8755470603701436
47.810562444273636,49.16038929695226,1.3498268526786248,2.8232816843598885
47.82799647194466,49.16038929695226,1.3323928250076023,2.7858010439328527
47.84543049961568,49.16038929695226,1.3149587973365797,2.7483477180692146
47.8628645272867,49.16038929695226,1.2975247696655572,2.710921676921021
47.880298554957726,49.15014616845726,1.269847613499536,2.65212968971358
47.89773258262875,49.15014616845726,1.2524135858285135,2.6147659154177396
47.91516661029977,49.15014616845726,1.234979558157491,2.5774293308875222
47.93260063797079,49.166397786503445,1.233797148532652,2.574025052075464
47.950034665641816,49.166397786503445,1.2163631208616295,2.5367304306313754
47.96746869331284,49.166397786503445,1.198929093190607,2.49946291903819
47.984902720983854,49.19523228819074,1.210329567206884,2.5223132664132826
48.00233674865488,49.19523228819074,1.1928955395358543,2.4850780614743333
48.0197707763259,49.17126954274352,1.1514987664176175,2.3979680614912784
48.03720480399693,49.17126954274352,1.1340647387465879,2.3608050122271647
48.054638831667944,49.17126954274352,1.1166307110755724,2.3236689281695617
48.072072859338974,49.138176537372935,1.0661036780339614,2.2177193838789275
48.08950688700999,49.138176537372935,1.048669650362946,2.1806620991703585
48.10694091468101,49.138176537372935,1.0312356226919235,2.143631673693092
48.124374942352034,49.138176537372935,1.013801595020901,2.106628078256246
48.14180897002306,49.138176537372935,0.9963675673498784,2.0696512837112055
48.15924299769408,49.138176537372935,0.9789335396788559,2.032701260951565
48.1766770253651,49.138176537372935,0.9614995120078333,1.9957779809130511
48.194111053036124,49.138176537372935,0.9440654843368108,1.9588814145734446
48.21154508070715,49.138176537372935,0.9266314566657883,1.9220115329525067
48.22897910837817,49.16506706489164,0.9360879565134681,1.9409242613448854
48.24641313604919,49.19694454093606,0.9505314048868669,1.9701597343754456
48.263847163720214,49.19694454093606,0.9330973772158444,1.9333257335466842
48.28128119139124,49.19694454093606,0.9156633495448219,1.8965183337100189
48.29871521906226,49.19694454093606,0.8982293218737993,1.8597375060595636
48.31614924673328,49.19694454093606,0.8807952942027768,1.8229832218310082
48.333583274404305,49.19694454093606,0.8633612665317543,1.7862554523015446
48.35101730207533,49.19694454093606,0.8459272388607317,1.7495541687897904
48.36845132974635,49.30283098049084,0.9343796507444893,1.9317956747766505
48.38588535741737,49.33100955477429,0.9451241973569182,1.9533055773919703
48.403319385088395,49.33100955477429,0.9276901696858957,1.9165837828297556
48.42075341275942,49.350565411175616,0.9298119984161985,1.920275776153418
48.43818744043044,49.38255700305537,0.944369562624928,1.949638523915287
48.45562146810146,49.38255700305537,0.9269355349539055,1.912957685547612
48.473055495772485,49.38255700305537,0.9095015072828829,1.8763032327561935
48.4904895234435,49.35898721395639,0.8684976905128892,1.791068102319322
48.50792355111453,49.35898721395639,0.8510636628418595,1.7544838049912883
48.525357578785545,49.34817451405094,0.8228169352653936,1.6956432189695292
48.542791606456575,49.34817451405094,0.8053829075943639,1.6591194715864703
48.56022563412759,49.34817451405094,0.7879488799233485,1.6226219496179333
48.57765966179862,49.34817451405094,0.7705148522523189,1.5861506248277546
48.595093689469635,49.423711396294806,0.8286177068251703,1.705146844906132
48.61252771714066,49.423711396294806,0.8111836791541478,1.668672083612156
48.62996174481168,49.421539135339245,0.7915773905275643,1.627756556094798
48.6473957724827,49.48956396975456,0.8421681972718602,1.7311681003656745
48.664829800153726,49.48956396975456,0.8247341696008377,1.6947232179536615
48.68226382782475,49.48956396975456,0.8073001419298151,1.6583044387274284
48.69969785549577,49.48956396975456,0.7898661142587926,1.6219117346529002
48.71713188316679,49.48956396975456,0.7724320865877701,1.5855450777361304
48.734565910837816,49.48956396975456,0.7549980589167475,1.5492044400232312
48.75199993850884,49.63101455180472,0.8790146132958796,1.8030329307609647
48.76943396617986,49.63101455180472,0.8615805856248571,1.7666405277993125
48.78686799385088,49.63101455180472,0.8441465579538345,1.7302741345483197
48.804302021521906,49.63101455180472,0.826712530282812,1.6939337231341718
48.82173604919293,49.63101455180472,0.8092785026117895,1.6576192657228699
48.83917007686395,49.63101455180472,0.7918444749407669,1.6213307345201569
48.85660410453497,49.592806877596836,0.7362027730618621,1.5068643974654108
48.874038132205996,49.59860137794464,0.7245632457386435,1.482511520285421
48.89147215987702,49.59860137794464,0.707129218067621,1.4463242500763343
48.90890618754804,49.59860137794464,0.6896951903965984,1.4101627784352113
48.926340215219064,49.59860137794464,0.6722611627255759,1.3740270777834755
48.943774242890086,49.59860137794464,0.6548271350545534,1.3379171205818443
48.9612082705611,49.59860137794464,0.6373931073835379,1.3018328793302743
48.97864229823213,49.59860137794464,0.6199590797125083,1.265774326567818
48.99607632590315,49.59860137794464,0.6025250520414929,1.229741434872717
49.013510353574176,50.057512130655546,1.0440017770813697,2.130028576917137
49.03094438124519,50.057512130655546,1.0265677494103542,2.09371400523753
49.04837840891622,50.09241003848516,1.0440316295689414,2.128575221926507
49.06581243658724,50.11639506531336,1.0505826287261257,2.141170351726879
49.083246464258266,50.11779561746071,1.0345491532024411,2.1077439406046325
49.10068049192928,50.11779561746071,1.0171151255314257,2.0714888578756248
49.118114519600304,50.11779561746071,0.9996810978604032,2.0352595119698376
49.13554854727133,50.11779561746071,0.9822470701893806,1.9990558754918557
49.15298257494235,50.11779561746071,0.9648130425183581,1.9628779210851168
49.17041660261337,50.11779561746071,0.9473790148473356,1.9267256214318569
49.187850630284395,50.11779561746071,0.929944987176313,1.8905989492530428
49.20528465795542,50.11779561746071,0.9125109595052905,1.8544978773083014
49.22271868562644,50.11779561746071,0.895076931834268,1.8184223783958522
49.24015271329746,50.11779561746071,0.8776429041632454,1.7823724253524402
49.257586740968485,50.128229484651634,0.870642743683149,1.7675302451612367
49.27502076863951,50.25243830312265,0.9774175344831448,1.9835963927288904
49.29245479631053,50.25243830312265,0.9599835068121223,1.9475262710673027
49.30988882398155,50.25243830312265,0.9425494791410998,1.9114816553443472
49.327322851652575,50.25243830312265,0.9251154514700772,1.8754625185159097
49.3447568793236,50.25243830312265,0.9076814237990547,1.8394688335760971
49.36219090699462,50.25243830312265,0.8902473961280322,1.803500573557168
49.37962493466564,50.25243830312265,0.8728133684570096,1.767557711529466
49.397058962336665,50.367826007641106,0.9707670453044415,1.9652324767849307
49.41449299000769,50.367826007641106,0.9533330176334189,1.9292579159442078
49.43192701767871,50.354790394226754,0.9228633765480438,1.866937892625536
49.44936104534973,50.354790394226754,0.9054293488770213,1.8310233534598295
49.46679507302075,50.34064074519289,0.8738456721721448,1.766529792120576
49.48422910069178,50.337231350738456,0.8530022500466785,1.723786073965036
49.50166312836279,50.337231350738456,0.8355682223756631,1.6879598978502008
49.51909715603382,50.337231350738456,0.8181341947046334,1.6521589481462207
49.53653118370484,50.337231350738456,0.800700167033618,1.6163831982183894
49.55396521137587,50.31810811417287,0.7641429027970048,1.542041892182594
49.57139923904688,50.3220352155624,0.7506359765155182,1.5142521454674813
49.58883326671791,50.3220352155624,0.7332019488444885,1.478562612878785
49.60626729438893,50.3220352155624,0.7157679211734731,1.4428981663259213
49.62370132205995,50.311310591859694,0.6876092697997436,1.3856468813906684
49.64113534973097,50.791059048825296,1.1499236990943231,2.3164734065667476
49.658569377401996,50.78122953177634,1.1226601543743442,2.2607581500026668
49.67600340507302,50.78122953177634,1.1052261267033217,2.2248692546599944
49.69343743274404,50.70633656274494,1.0128991300008963,2.0382955624105725
49.71087146041506,50.69593348096344,0.9850620205483764,1.9815826832422052
49.728305488086086,50.69593348096344,0.9676279928773539,1.9458294091866417
49.74573951575711,50.68568307937306,0.9399435636159481,1.8894956086002466
49.76317354342813,50.68568307937306,0.9225095359449256,1.8537996479261014
49.780607571099154,50.80577887898882,1.0251713078896643,2.0593788583746457
49.798041598770176,50.80577887898882,1.0077372802186417,2.023648416413888
49.8154756264412,50.79239967124493,0.9769240448037309,1.9610854508938913
49.83290965411222,50.79239967124493,0.9594900171327083,1.9254143974182552
49.850343681783244,50.79239967124493,0.9420559894616858,1.8897682942273077
49.867777709454266,50.75963364320685,0.8918559337525807,1.7884413036185824
49.88521173712529,50.70830499751513,0.8230932603898395,1.6499744748548029
49.90264576479631,50.70802319130853,0.8053774265122158,1.6138972476693152
49.920079792467334,50.70802319130853,0.7879433988411932,1.5784097343532082
49.937513820138356,50.70802319130853,0.7705093711701707,1.54294699961504
49.95494784780938,50.70802319130853,0.7530753434991482,1.50750901751201
49.972381875480394,50.70802319130853,0.7356413158281327,1.4720957621375355
49.989815903151424,51.351843086063326,1.362027182911902,2.7246093195274956
50.00724993082244,51.301901432433205,1.2946515016107654,2.588927612299661
50.02468395849347,51.301901432433205,1.2772174739397357,2.553174498812366
50.042117986164484,51.301901432433205,1.2597834462687203,2.517446297171159
50.059552013835514,51.301901432433205,1.2423494185976907,2.4817429813481526
50.07698604150653,51.301901432433205,1.2249153909266752,2.4460645253518227
50.09442006917755,51.301901432433205,1.2074813632556527,2.4104109032267256
50.111854096848575,51.30654653017658,1.194692433328008,2.3840515480011737
50.1292881245196,51.442356751543834,1.3130686270242364,2.619364200350531
50.14672215219062,51.43239520316605,1.2856730509754328,2.5638227102332536
50.16415617986164,51.43239520316605,1.2682390233044103,2.5281777266564363
50.181590207532665,51.43239520316605,1.2508049956333878,2.492557510554203
50.19902423520369,51.43239520316605,1.2333709679623652,2.456962036121459
50.21645826287471,51.43239520316605,1.2159369402913427,2.4213912775889477
50.23389229054573,51.43239520316605,1.1985029126203202,2.3858452092231848
50.251326318216755,51.43239520316605,1.1810688849492976,2.3503238053263975
50.26876034588778,51.43239520316605,1.163634857278275,2.3148270402364637
50.2861943735588,51.43239520316605,1.1462008296072526,2.2793548883268473
50.30362840122982,51.43368822483026,1.1300598236004404,2.246477758198478
50.321062428900845,51.452257182015636,1.1311947531147908,2.247954829477354
50.33849645657187,51.452257182015636,1.1137607254437683,2.2125426936512382
50.35593048424289,51.452257182015636,1.0963266977727457,2.1771550783195286
50.37336451191391,51.452257182015636,1.0788926701017232,2.1417919580228792
50.390798539584935,51.46445081977964,1.0736522801947075,2.1306514508820302
50.40823256725596,51.46445081977964,1.056218252523685,2.0953288753269645
50.42566659492698,51.47799982002719,1.052333225100213,2.0868999780482467
50.443100622598,51.48303626973165,1.039935647133646,2.061601357367325
50.460534650269025,51.5226606598043,1.0621260095352767,2.1048647559853273
50.47796867794004,51.53151032626519,1.053541648325151,2.087131625773149
50.49540270561107,51.53151032626519,1.0361076206541213,2.051885053169382
50.512836733282086,51.53151032626519,1.018673592983106,2.016662810607741
50.530270760953115,51.88263291574979,1.3523621547966727,2.6763406061969897
50.54770478862413,51.88263291574979,1.3349281271256572,2.640927283855796
50.56513881629516,51.88263291574979,1.3174940994546276,2.6055383813760065
50.582572843966176,51.88263291574979,1.3000600717836122,2.5701738735076853
50.6000068716372,51.88263291574979,1.2826260441125896,2.5348337350355967
50.61744089930822,51.88263291574979,1.265192016441567,2.4995179407792985
50.63487492697924,51.88263291574979,1.2477579887705446,2.4642264655930153
50.652308954650266,51.887810756910724,1.2355018022604582,2.4391816044686543
50.66974298232129,51.887810756910724,1.2180677745894357,2.4039351749118216
50.68717700999231,51.897425209677415,1.210248199685104,2.3876812067212176
50.704611037663334,51.92654818443758,1.2219371467742448,2.409913263838255
50.722045065334356,51.92654818443758,1.2045031191032223,2.37471323869477
50.73947909300538,51.96487056632609,1.2253914733207125,2.4150651430113657
50.7569131206764,51.94078890398252,1.1838757833061209,2.332442440877784
50.774347148347424,51.94078890398252,1.1664417556350983,2.2973052754909977
50.791781176018446,51.95183170132802,1.1600505253095719,2.2839335389507753
50.80921520368947,51.96264272716903,1.1534275234795643,2.2701148184548403
50.82664923136049,51.96264272716903,1.1359934958085418,2.235035189192885
50.844083259031514,51.96264272716903,1.1185594681375193,2.1999796169770214
50.86151728670254,51.970334639956455,1.1088173532539187,2.1800713238726224
50.87895131437356,51.95394561523093,1.0749943008573695,2.112846812064065
50.89638534204458,52.001017536203335,1.1046321941587536,2.1703549018956303
50.913819369715604,52.00661516816414,1.0927957984485346,2.1463638202294204
50.93125339738663,52.00661516816414,1.075361770777512,2.1113985991805393
50.94868742505765,52.00626773741966,1.0575803123620133,2.075775384631151
50.96612145272867,52.00626773741966,1.0401462846909908,2.0408582310029844
50.98355548039969,52.01186104695011,1.0283055665504222,2.0169357685258884
51.00098950807072,52.03185873720612,1.030869229135405,2.0212729970117023
51.01842353574173,52.05140861057995,1.0329850748382157,2.0247295060274495
51.03585756341276,52.07574485803475,1.039887294621991,2.037562106857745
51.05329159108378,52.07574485803475,1.0224532669509756,2.002717621305229
51.07072561875481,52.088956244590655,1.018230625835848,1.9937657307573502
51.08815964642582,52.088956244590655,1.0007965981648326,1.9589599725087166
51.105593674096845,52.09990126478952,0.9943075906926779,1.9455944432099384
51.12302770176787,52.13333941813641,1.0103117163685411,1.9762360755750072
51.14046172943889,52.15158475804728,1.011123028608388,1.9771488062774714
51.15789575710991,52.146391380218056,0.9884956231081432,1.9322444922312159
51.175329784780935,52.146391380218056,0.9710615954371207,1.8975189794007057
51.19276381245196,52.154604468022264,0.9618406555703061,1.8788605731350476
51.21019784012298,52.154604468022264,0.9444066278992835,1.8441768783000967
51.227631867794,52.154604468022264,0.926972600228261,1.8095167909001741
51.245065895465025,52.154604468022264,0.9095385725572385,1.7748802868409013
51.26249992313605,52.154604468022264,0.8921045448862159,1.7402673420606762
51.27993395080707,52.1787464510349,0.8988125002278267,1.7527567431932713
51.29736797847809,52.268666096053636,0.9712981175755431,1.893465797276486
51.314802006149115,52.268666096053636,0.9538640899045205,1.8588478423637256
51.33223603382014,52.268666096053636,0.936430062233498,1.8242534021244137
51.34967006149116,52.280169328793,0.9304992673018404,1.8120842182385375
51.36710408916218,52.28534818152738,0.9182440923651995,1.7876111738191944
51.384538116833205,52.28680978608629,0.9022716692530821,1.7559205596079968
51.40197214450423,52.28680978608629,0.8848376415820596,1.7214079628979064
51.41940617217525,52.28680978608629,0.867403613911037,1.6869187695528425
51.43684019984627,52.28680978608629,0.8499695862400145,1.6524529557757608
51.454274227517296,52.29487205029092,0.8405978227736242,1.6336792917469232
51.47170825518832,52.29487205029092,0.8231637951026016,1.5992548586526216
51.48914228285933,52.29487205029092,0.8057297674315862,1.564853737522469
51.50657631053036,52.333490576755565,0.8269142662252023,1.6054537603893158
51.52401033820138,52.34873788489793,0.8247275466965505,1.6006664490653473
51.54144436587241,52.35560918240717,0.8141648165347632,1.5796313559925252
51.558878393543424,52.35560918240717,0.7967307888637478,1.5452833996550248
51.57631242121445,52.35445929034756,0.7781468691331099,1.5087291677197172
51.59374644888547,52.371916835291096,0.7781703864056269,1.508264935124588
51.61118047655649,52.371916835291096,0.7607363587346043,1.4739758938088152
51.628614504227514,52.371916835291096,0.7433023310635818,1.4397100100424307
51.646048531898536,52.388884576729396,0.7428360448308595,1.438321160953981
51.66348255956956,52.39642717721742,0.7329446176478598,1.4186899166209954
51.68091658724058,52.41181475237161,0.7308981651310305,1.4142515524027697
51.698350614911604,52.41181475237161,0.7134641374600079,1.380052030623623
51.715784642582626,52.41181475237161,0.6960301097889854,1.3458755670041138
51.73321867025365,52.41181475237161,0.6785960821179629,1.3117221382325324
51.75065269792467,52.41181475237161,0.6611620544469403,1.2775917210285825
51.768086725595694,52.41480438732599,0.6467176617302925,1.2492593461263384
51.78552075326672,52.42556054567402,0.6400397924073005,1.2359435284174982
51.80295478093774,52.42556054567402,0.6226057647362779,1.2018730733973153
51.82038880860876,52.42556054567402,0.6051717370652554,1.1678255431474496
51.837822836279784,52.42556054567402,0.5877377093942329,1.1338009145378156
51.85525686395081,52.43278790336566,0.5775310394148505,1.1137367247646277
51.87269089162183,52.42850957389969,0.5558186822778595,1.0715053966240875
51.89012491929285,52.46049908776638,0.5703741684735277,1.0991959825894764
51.907558946963874,52.46049908776638,0.5529401408025052,1.0652401153509592
51.9249929746349,52.46049908776638,0.5355061131314827,1.031307049753622
51.94242700230592,52.46049908776638,0.5180720854604601,0.9973967628379417
51.95986102997694,52.46049908776638,0.5006380577894376,0.9635092316752099
51.977295057647964,52.463187959942495,0.4858929022945304,0.9348176001764368
51.99472908531898,52.477675500295085,0.48294641497610513,0.9288372561450039
52.01216311299001,52.477675500295085,0.4655123873050755,0.8950067819594568
52.029597140661025,52.477675500295085,0.44807835963406006,0.8611989795398354
52.047031168332055,52.477675500295085,0.4306443319630304,0.8274138261032176
52.06446519600307,52.477675500295085,0.413210304292015,0.7936512988973075
52.0818992236741,52.477675500295085,0.39577627662098536,0.7599113752001639
52.099333251345115,52.486522694074395,0.38718944272928013,0.7431754277187099
52.11676727901614,52.49316616095751,0.3763988819413697,0.7222222359384901
52.13420130668716,52.604902959495256,0.4707016528080956,0.9028653762989931
52.15163533435818,52.604902959495256,0.4532676251370731,0.8691340592314167
52.169069362029205,52.604902959495256,0.43583359746605055,0.835425287044258
52.18650338970023,52.604902959495256,0.418399569795028,0.8017390371427056
52.20393741737125,52.61298277985664,0.4090453624853865,0.7835527025769393
52.22137144504227,52.61298277985664,0.39161133481436394,0.7499062624705201
52.238805472713295,52.61298277985664,0.3741773071433414,0.7162822804950838
52.25623950038432,52.61298277985664,0.3567432794723189,0.6826807341727972
52.27367352805534,52.61298277985664,0.33930925180129634,0.6491016010558138
52.29110755572636,52.61298277985664,0.3218752241302738,0.6155448587262242
52.308541583397385,52.61298277985664,0.3044411964592513,0.5820104847960055
52.32597561106841,52.62152147691371,0.2955458658453054,0.5648167327868975
52.34340963873943,52.628044620299306,0.28463498155987565,0.5437837991914399
52.36084366641045,52.628044620299306,0.2672009538888531,0.5103068155111925
52.378277694081476,52.628044620299306,0.2497669262178306,0.4768521173540863
52.3957117217525,52.631394724931376,0.23568300317887747,0.44981353518103234
52.41314574942352,52.65769130010631,0.24454555068278694,0.4665729316303756
52.43057977709454,52.65769130010631,0.2271115230117644,0.43316614841437073
52.448013804765566,52.66870010740792,0.22068630264235622,0.4207715157028579
52.46544783243659,52.66870010740792,0.2032522749713337,0.38740215392895905
52.48288186010761,52.671110605676255,0.18822874556864377,0.3586478846004777
52.500315887778626,52.671110605676255,0.17079471789762835,0.3253213147568643
52.517749915449656,52.67621682268135,0.15846690723169132,0.30173971178661174
52.53518394312067,52.67621682268135,0.1410328795606759,0.2684541462981662
52.5526179707917,52.67621682268135,0.12359885188964626,0.23519066539813763
52.570051998462716,52.67621682268135,0.10616482421863083,0.20194924711456505
52.587486026133746,52.67621682268135,0.08873079654760119,0.16872986950451627
52.60492005380476,52.67621682268135,0.07129676887658576,0.13553251065425595
52.622354081475784,52.689979030274216,0.06762494879843217,0.12850992696702185
52.63978810914681,52.689979030274216,0.05019092112740964,0.09534787834506567
52.65722213681783,52.689979030274216,0.032756893456387104,0.062207788651052955
52.67465616448885,53.470276274481606,0.795620109992754,1.5104419618957652
52.692090192159874,53.470276274481606,0.7781860823217315,1.4768555953726785
52.7095242198309,53.46339174912377,0.7538675292928758,1.4302301916989195
52.72695824750192,53.46339174912377,0.7364335016218533,1.3966925574674958
52.74439227517294,53.46339174912377,0.7189994739508307,1.3631770941633685
52.761826302843964,53.46339174912377,0.7015654462798082,1.329683779808798
52.77926033051499,53.46339174912377,0.6841314186087857,1.2962125924550834
52.79669435818601,53.46339174912377,0.6666973909377631,1.2627635101825143
52.81412838585703,53.46339174912377,0.6492633632667406,1.2293365111003238
52.831562413528054,53.49906238236758,0.6674999688395289,1.2634492306224296
52.84899644119908,53.49906238236758,0.6500659411685064,1.2300440593830075
52.8664304688701,53.50265854246026,0.6362280735901606,1.203463271394496
52.88386449654112,53.50624268154938,0.6223781850082588,1.176877278038116
52.901298524212145,53.50624268154938,0.6049441573372363,1.1435336640373057
52.91873255188317,53.50624268154938,0.5875101296662137,1.1102120200823038
52.93616657955419,53.490966040442245,0.5547994608880558,1.0480537158924894
52.95360060722521,53.490966040442245,0.5373654332170332,1.0147854481187306
52.971034634896235,53.490966040442245,0.5199314055460107,0.9815390791017145
52.98846866256726,53.490966040442245,0.5024973778749882,0.9483145872263494
53.00590269023827,53.490966040442245,0.48506335020397273,0.915111950905995
53.0233367179093,53.487339672130716,0.4640029542214137,0.8750919556231753
53.04077074558032,53.463376926683495,0.42260618110317694,0.796757240067804
53.05820477325135,53.4834187859974,0.4252140127460535,0.8014104784797017
53.07563880092236,53.4834187859974,0.4077799850750381,0.7682997214683577
53.09307282859339,53.4834187859974,0.39034595740400846,0.7352107094351239
53.11050685626441,53.4834187859974,0.37291192973299303,0.7021434209660681
53.12794088393543,53.4834187859974,0.3554779020619705,0.669097834675272
53.14537491160645,53.76875601310436,0.6233811014979054,1.1729733820388664
53.162808939277475,53.76875601310436,0.6059470738268828,1.1397950671097818
53.1802429669485,53.76875601310436,0.5885130461558603,1.1066385058105526
53.19767699461952,53.76875601310436,0.5710790184848378,1.0735036767537751
53.21511102229054,53.76875601310436,0.5536449908138152,1.0403905585800743
53.232545049961566,53.76875601310436,0.5362109631427927,1.0072991299580554
53.24997907763259,53.836316189806865,0.5863371121742773,1.1011029907062735
53.26741310530361,53.836316189806865,0.5689030845032548,1.068013352513662
53.28484713297463,53.836316189806865,0.5514690568322322,1.0349453672185969
53.302281160645656,53.836316189806865,0.5340350291612097,1.0018990135744894
53.31971518831668,53.836316189806865,0.5166010014901872,0.968874270362539
53.3371492159877,53.836316189806865,0.49916697381916464,0.9358711163916882
53.35458324365872,53.836316189806865,0.4817329461481421,0.9028895304985759
53.372017271329746,53.83778493882034,0.4657676674905957,0.8726813999230186
53.38945129900077,53.84110503648632,0.45165373748555027,0.8459606279827104
53.40688532667179,53.84110503648632,0.43421970981452773,0.8130406915860252
53.42431935434281,53.84110503648632,0.4167856821435052,0.7801422408007246
53.441753382013836,53.84110503648632,0.39935165447248266,0.7472652545993879
53.45918740968486,53.84345785834003,0.38427044865517246,0.7188108672702284
53.47662143735588,53.84345785834003,0.3668364209841499,0.685975312434188
53.494055465026904,53.84345785834003,0.3494023933131274,0.6531611601994881
53.51148949269792,53.84345785834003,0.33196836564211196,0.6203683896472584
53.52892352036895,53.84345785834003,0.3145343379710823,0.5875969798858276
53.546357548039964,53.84521552400911,0.298857975969149,0.5581294221572846
53.563791575710994,53.84521552400911,0.28142394829811934,0.5253996030141632
53.58122560338201,54.09581782925498,0.514592225872974,0.9603965196355893
53.59865963105304,54.19398395824023,0.5953243271871926,1.1107074902341105
53.616093658724054,54.19398395824023,0.5778902995161772,1.0778299202372918
53.63352768639508,54.19398395824023,0.5604562718451547,1.0449737244998012
53.6509617140661,54.19398395824023,0.5430222441741321,1.0121388821847785
53.66839574173712,54.49384212748312,0.8254463857459982,1.538049301339672
53.685829769408144,54.49384212748312,0.8080123580749756,1.5050756625082586
53.70326379707917,54.48578878841898,0.7825249913398125,1.4571274369778113
53.72069782475019,54.48578878841898,0.7650909636687899,1.4242014617246788
53.73813185242121,54.67519630220663,0.9370644497854173,1.7437607476918593
53.755565880092234,54.67519630220663,0.9196304221143947,1.7107631685353897
53.77299990776326,54.6167345613172,0.8437346535539447,1.5690674781046279
53.79043393543428,54.6167345613172,0.8263006258829222,1.5361479085198442
53.8078679631053,54.6167345613172,0.8088665982118997,1.5032496711568633
53.825301990776325,54.6167345613172,0.7914325705408771,1.4703727452871507
53.84273601844735,54.6167345613172,0.7739985428698546,1.4375171102090185
53.86017004611837,54.6167345613172,0.756564515198832,1.4046827452475832
53.87760407378939,54.48905916408379,0.6114550902943989,1.1348965879346928
53.895038101460415,54.473181931151416,0.5781438296910011,1.0727218127253442
53.91247212913144,54.473181931151416,0.5607098020199786,1.0400372675861782
53.92990615680246,54.473181931151416,0.543275774348956,1.007373854442411
53.94734018447348,54.6432937865299,0.6959536020564201,1.2900610107497414
53.964774212144505,54.6432937865299,0.6785195743853976,1.2573379288459992
53.98220823981553,54.64141111298009,0.6592028731645598,1.2211484017772234
53.99964226748655,54.64141111298009,0.6417688454935373,1.1884686982083017
54.017076295157565,54.64398476976719,0.6269084746096212,1.1605746138204471
54.034510322828595,54.41846148305531,0.38395116022671516,0.7105665581732917
54.05194435049961,54.423378772513914,0.3714344220143033,0.6871805010486549
54.06937837817064,54.423378772513914,0.3540003943432737,0.6547151178016757
54.086812405841656,54.39868260127715,0.3118701954354961,0.5766104186273187
54.104246433512685,54.39868260127715,0.29443616776446646,0.5442015870718974
54.1216804611837,54.39645575439712,0.2747752932134162,0.5076991159032584
54.13911448885472,54.39645575439712,0.25734126554239367,0.4753333481200009
54.156548516525746,54.39645575439712,0.23990723787137114,0.4429884186547893
54.17398254419677,54.39645575439712,0.2224732102003486,0.41066430738934184
54.19141657186779,54.39645575439712,0.20503918252932607,0.37836099423126607
54.20885059953881,54.39645575439712,0.18760515485830354,0.3460784591140171
54.226284627209836,54.616218187872484,0.38993356066264795,0.7190858885931969
54.24371865488086,54.616218187872484,0.3724995329916254,0.6867145952172065
54.26115268255188,54.616218187872484,0.3550655053206029,0.6543641035380678
54.2785867102229,54.616218187872484,0.33763147764958035,0.6220343935115583
54.296020737893926,54.68999943138754,0.39397869349361514,0.7256124631959485
54.31345476556495,54.68999943138754,0.3765446658225926,0.6932806381915594
54.33088879323597,54.69580304076204,0.36491424752606605,0.6716515330989703
54.34832282090699,54.69580304076204,0.3474802198550435,0.6393577608642838
54.365756848578016,54.69580304076204,0.330046192184021,0.6070847005832747
54.38319087624904,54.69580304076204,0.31261216451299845,0.5748323323365836
54.40062490392006,54.69580304076204,0.2951781368419759,0.5426006362303858
54.418058931591084,54.69580304076204,0.2777441091709534,0.5103895923963502
54.435492959262106,54.69580304076204,0.26031008149993085,0.47819918099159886
54.45292698693313,54.69580304076204,0.2428760538289083,0.4460293821986656
54.47036101460415,54.69580304076204,0.22544202615788578,0.4138801762254561
54.487795042275174,54.661532458004416,0.17373741572924217,0.3188556549121604
54.505229069946196,54.66031631262131,0.15508724267511553,0.28453644782612164
54.52266309761721,54.66485113575871,0.14218803814149794,0.26078703801926345
54.54009712528824,54.67811549571256,0.13801837042431941,0.25305853436099834
54.55753115295926,54.67811549571256,0.12058434275330399,0.22102235970911116
54.57496518063029,54.66676933541509,0.09180415478480342,0.16821660715852638
54.5923992083013,54.70795078680849,0.115551578507187,0.21166239290252015
54.60983323597233,54.68505522741768,0.07522199144534625,0.13774440789867926
54.62726726364335,54.68505522741768,0.05778796377433082,0.10578593195122363
54.64470129131437,54.67903809079879,0.034336799484421476,0.062836466616168
54.66213531898539,54.67903809079879,0.016902771813398942,0.03092226769913291
54.679569346656415,54.67903809079879,0.0005312558576235915,0.0009715801787968492
54.69700337432744,54.63362270514338,0.06338066918405616,0.11587594433702467
54.71443740199846,54.58884166015712,0.12559574184133737,0.22954771684584652
54.73187142966948,55.730473300282064,0.9986018706125819,1.8245344888230004
54.749305457340505,55.85244356143641,1.1031381040959047,2.0148896773776364
54.76673948501153,55.78140506019496,1.014665575183436,1.8527040037888836
54.78417351268255,55.768635062579605,0.9844615498970555,1.796981658706875
54.80160754035357,55.768635062579605,0.9670275222260329,1.7645969993014439
54.819041568024595,56.184621594612736,1.365580026588141,2.491068773782923
54.83647559569562,55.85846585636002,1.0219902606644027,1.8637052246016768
54.85390962336664,55.867635238449,1.0137256150823575,1.848046241448816
54.87134365103766,55.867635238449,0.996291587411335,1.8156865152553892
54.888777678708685,55.737656203371984,0.8488785246632986,1.546542955706186
54.90621170637971,55.75237163223231,0.8461599258526036,1.541100541369686
54.92364573405073,55.88351973625931,0.9598740022085792,1.7476516523619825
54.94107976172175,55.86534418142738,0.9242644197056293,1.6822829542377828
54.95851378939277,55.86534418142738,0.9068303920346139,1.6500271377601117
54.9759478170638,55.86534418142738,0.8893963643635843,1.6177917792761138
54.99338184473481,56.17488719482769,1.181505350092877,2.1484500688258668
55.01081587240584,56.17488719482769,1.1640713224218473,2.1160771822069284
55.02824990007686,56.17792327497012,1.1496733748932613,2.08924212014901
55.04568392774789,56.18541645470784,1.1397325269599534,2.0705211483173662
55.0631179554189,56.19109338903447,1.1279754336155676,2.0485135522634543
55.08055198308993,56.19109338903447,1.110541405944538,2.0162132839291096
55.09798601076095,56.19993035324959,1.1019443424886433,1.9999720902201896
55.11542003843198,56.19993035324959,1.0845103148176136,1.9677076107945557
55.13285406610299,56.20457545099297,1.071721384889976,1.9438888173737703
55.15028809377402,56.20457545099297,1.0542873572189464,1.9116624657087984
55.16772212144504,56.20860266909661,1.0408805476515681,1.8867564358742164
55.18515614911607,56.2130245402629,1.027868391146832,1.8625812861150997
55.20259017678708,56.21976597155432,1.0171757947672333,1.8426233108079046
55.220024204458106,56.225099839356595,1.005075634898489,1.820128928551512
55.23745823212913,56.23533366289034,0.9978754307612121,1.8065194574445373
55.25489225980015,56.240079958124625,0.9851876983244736,1.782987275936165
55.272326287471174,56.240079958124625,0.9677536706534511,1.7508828298996637
55.289760315142196,56.306252843274805,1.0164925281326092,1.8384824284619343
55.30719434281322,56.30784019395586,1.000645851142643,1.8092507910278222
55.32462837048424,56.31960197024116,0.9949735997569178,1.7984279859848775
55.342062398155264,56.32597317828482,0.9839107801295555,1.7778715456082326
55.359496425826286,56.32967332350262,0.9701768976763319,1.7525031120473225
55.37693045349731,56.32967332350262,0.9527428700053093,1.7204689068228036
55.39436448116833,56.33378945956227,0.9394249783939372,1.6958854699259178
55.411798508839354,56.34351922438635,0.9317207155469944,1.6814482486042486
55.429232536510376,56.34351922438635,0.9142866878759719,1.6494666190330984
55.4466665641814,56.34351922438635,0.8968526602049494,1.6175051013514254
55.464100591852414,56.34710300093829,0.8830024090858757,1.5920251111321317
55.481534619523444,56.34710300093829,0.865568381414846,1.5601017299731657
55.49896864719446,56.356908921440684,0.857940274246225,1.5458670587198289
55.51640267486549,56.36685945150226,0.8504567766367686,1.5319018085835099
55.533836702536505,56.37631943009943,0.8424827275629241,1.5170619888476815
55.551270730207534,56.37512274997472,0.8238520197671875,1.4830480184122867
55.56870475787855,56.37512274997472,0.806417992096172,1.4512089054619144
55.58613878554958,56.37512274997472,0.7889839644251424,1.4193897645400946
55.603572813220595,56.37512274997472,0.771549936754127,1.3875905768607
55.621006840891624,56.339702547972685,0.7186957070810607,1.2921299845163676
55.63844086856264,56.339702547972685,0.7012616794100452,1.2603906012871018
55.65587489623367,56.34543546516116,0.6895605689274902,1.238971753140393
55.673308923904685,56.34543546516116,0.6721265412564748,1.2072688946424037
55.69074295157571,56.34543546516116,0.6546925135854522,1.17558588535032
55.70817697924673,56.343518575667794,0.635341596421064,1.140481758463845
55.72561100691775,56.47672022102783,0.7511092141100804,1.3478707555433318
55.743045034588775,56.47672022102783,0.7336751864390578,1.3161734992837393
55.7604790622598,56.52342466464205,0.7629456023822527,1.368255106865886
55.77791308993082,56.52342466464205,0.7455115747112302,1.3365712939263983
55.79534711760184,56.52342466464205,0.7280775470402077,1.30490728107778
55.812781145272865,56.52342466464205,0.7106435193691851,1.2732630497653923
55.83021517294389,56.52342466464205,0.6932094916981626,1.2416385814577724
55.84764920061491,56.52342466464205,0.6757754640271401,1.2100338576465979
55.86508322828593,56.52342466464205,0.6583414363561175,1.1784488598466498
55.882517255956955,56.52342466464205,0.640907408685095,1.1468835695957766
55.89995128362798,56.52296413701944,0.6230128533914652,1.1145141258359803
55.917385311299,56.52296413701944,0.6055788257204426,1.0829884522480986
55.93481933897002,56.52296413701944,0.5881447980494201,1.051482430800768
55.952253366641045,56.52296413701944,0.5707107703783976,1.0199960431238997
55.96968739431206,56.52346855046216,0.5537811561501016,0.989430496991448
55.98712142198309,56.52346855046216,0.536347128479072,0.9579830412007532
56.004555449654106,56.52346855046216,0.5189131008080565,0.9265551643821885
56.021989477325135,56.52346855046216,0.5014790731370269,0.8951468482567906
56.03942350499615,56.52346855046216,0.48404504546601146,0.8637580745684452
56.05685753266718,56.52346855046216,0.4666110177949818,0.8323888250836462
56.074291560338196,56.52346855046216,0.4491769901239664,0.8010390815916664
56.091725588009226,56.51291647386475,0.42119088585552333,0.7508966455215662
56.10915961568024,56.519045535711136,0.4098859200308951,0.7305151651502343
56.12659364335127,56.519045535711136,0.39245189235986544,0.6992262791746228
56.144027671022286,56.519045535711136,0.37501786468885,0.6679568250540896
56.161461698693316,56.523817511481326,0.3623558127880102,0.6452036713931201
56.17889572636433,56.57598910115452,0.39709337479018814,0.7068372734208714
56.196329754035354,56.57598910115452,0.3796593471191656,0.6755945606784097
56.213763781706376,56.57598910115452,0.36222531944814307,0.6443712270446156
56.2311978093774,56.57598910115452,0.34479129177712053,0.6131672544944817
56.24863183704842,56.57598910115452,0.327357264106098,0.5819826250253479
56.266065864719444,56.57598910115452,0.30992323643507547,0.5508173206568666
56.283499892390466,56.8118341040241,0.5283342116336343,0.9387017734216365
56.30093392006149,56.8118341040241,0.5109001839626117,0.9074453093229502
56.31836794773251,56.8118341040241,0.4934661562915892,0.8762081968525104
56.335801975403534,56.8118341040241,0.47603212862056665,0.8449904180442916
56.35323600307456,56.8118341040241,0.4585981009495441,0.8137919549545009
56.37067003074558,56.8118341040241,0.4411640732785216,0.7826127896615434
56.3881040584166,56.81972569822044,0.4316216398038364,0.7654480444256251
56.405538086087624,56.827200708220836,0.42166262213321204,0.7475553579325125
56.42297211375865,57.12742339612088,0.7044512823622355,1.2485185660584093
56.44040614142967,57.12062140535487,0.6802152639251986,1.2051920076916163
56.45784016910069,57.12062140535487,0.6627812362541761,1.173940119333356
56.47527419677171,57.12062140535487,0.6453472085831606,1.1427075260133055
56.49270822444274,57.114203306774044,0.6214950823313075,1.1001332771339944
56.51014225211375,57.11118037074593,0.6010381186321752,1.0635933563053337
56.52757627978478,57.11118037074593,0.5836040909611455,1.0324236936545468
56.5450103074558,57.118474309145164,0.5734640016893664,1.014172600855909
56.56244433512683,57.12246526110194,0.5600209259751097,0.9900932191986641
56.57987836279784,57.12397824729955,0.5440998845017049,0.9616490884141934
56.59731239046887,57.1160866531032,0.5187742626343308,0.9166058258301567
56.61474641813989,57.1160866531032,0.5013402349633154,0.8855294188912615
56.63218044581092,57.1160866531032,0.48390620729228573,0.854472145488582
56.64961447348193,57.1160866531032,0.4664721796212703,0.8234339879570214
56.66704850115296,57.123370527017826,0.45632202586486414,0.8052687371843262
56.68448252882398,57.13351221910417,0.4490296902801916,0.7921562837798873
56.701916556495,57.13351221910417,0.43159566260916904,0.7611659161099931
56.71935058416602,57.13351221910417,0.4141616349381465,0.7301945996782364
56.736784611837045,57.343586573897696,0.6068019620606506,1.0695036142990257
56.75421863950807,57.35425071002115,0.6000320705130804,1.0572466415657473
56.77165266717909,57.35425071002115,0.5825980428420579,1.0262129345740718
56.78908669485011,57.359216359476264,0.5701296646261511,1.003942302664031
56.806520722521135,57.38249552887332,0.5759748063521855,1.0139237521086875
56.82395475019216,57.38408056304164,0.5601258128494848,0.9857212777813404
56.84138877786318,57.43942069459235,0.5980319167291697,1.05210644846537
56.8588228055342,57.45056004176965,0.5917372362354456,1.0407131330510953
56.876256833205225,57.461448186977954,0.5851913537727285,1.0288851382904032
56.89369086087625,57.461448186977954,0.5677573261017059,0.9979266901317038
56.91112488854727,57.47051768477136,0.5593927962240883,0.9829234570913568
56.92855891621829,57.47051768477136,0.5419587685530658,0.951998046096101
56.945992943889316,57.498494004600474,0.5525010607111582,0.9702193818194635
56.96342697156034,57.49819216191821,0.5347651903578736,0.9387869002770172
56.98086099923135,57.51141123888245,0.5305502396510988,0.9311025322314027
56.99829502690238,57.51778831069215,0.5194932837897639,0.9114189881374003
57.0157290545734,57.546563071639135,0.530834017065736,0.9310308328384975
57.03316308224443,57.56869267674526,0.5355295945008294,0.9389792982875089
57.050597109915444,57.56869267674526,0.518095566829814,0.9081334693686641
57.06803113758647,57.576676232835126,0.508645095248653,0.8912960288087567
57.08546516525749,57.61411183906174,0.5286466738042535,0.9260617782019767
57.10289919292852,57.62489519222619,0.5219959992976726,0.9141322186357839
57.120333220599534,57.682094811052096,0.5617615904525621,0.9834704364959338
57.13776724827056,57.682094811052096,0.5443275627815325,0.9526580911297476
57.15520127594158,57.69730505280153,0.5421037768599533,0.948476717355454
57.17263530361261,57.7052721836491,0.5326368800364918,0.9316290515697737
57.190069331283624,57.7052721836491,0.5152028523654764,0.9008606885595337
57.207503358954646,57.721395736228764,0.513892377274118,0.8982954107429664
57.22493738662567,57.74124947151853,0.51631208489286,0.902250152594365
57.24237141429669,57.74124947151853,0.4988780572218374,0.8715188502781683
57.259805441967714,57.748911875859484,0.4891064338917701,0.8541880820525578
57.27723946963874,57.77172710370577,0.4944876340670348,0.8633230907176499
57.29467349730976,57.77172710370577,0.47705360639601224,0.8326316868153758
57.31210752498078,57.77999791291039,0.46789038792960724,0.8163901279073826
57.329541552651804,57.77999791291039,0.4504563602585847,0.7857316630464991
57.34697558032283,57.748434005592365,0.40145842526953857,0.7000516090115988
57.36440960799385,57.748434005592365,0.38402439759851603,0.6694471366876954
57.38184363566487,57.748434005592365,0.3665903699274935,0.6388612611596962
57.399277663335894,57.771559849850675,0.37228218651478073,0.648583399774346
57.41671169100692,57.81965207131977,0.40294038031285595,0.7017824052365016
57.43414571867794,57.8053860616628,0.3712403429848621,0.6463756678879833
57.451579746348955,57.77307266043003,0.3214929140810767,0.5595893367954039
57.469013774019984,57.780619871942996,0.3116060979230113,0.5422158437385245
57.486447801691,57.78336822745644,0.29692042576544253,0.5165050844500231
57.50388182936203,57.79528329109244,0.29140146173040904,0.506750940041089
57.521315857033045,57.79528329109244,0.2739674340593936,0.4762885375229052
57.538749884704075,57.83332863013875,0.2945787454346771,0.5119658421932226
57.55618391237509,57.83674628289066,0.2805623705155682,0.4874582563408009
57.57361794004612,57.83674628289066,0.26312834284453857,0.4570293691088606
57.591051967717135,57.868702549500334,0.2776505817831989,0.4821071543177175
57.608485995388165,57.90268472700565,0.29419873161748455,0.5106864492863717
57.62592002305918,57.90268472700565,0.2767647039464691,0.4802781523240252
57.64335405073021,57.90352925048133,0.26017519975111725,0.45135333298292246
57.660788078401225,57.90352925048133,0.24274117208010182,0.42098136388640284
57.678222106072255,57.90942729795933,0.2312051918870779,0.4008535343927271
57.69565613374327,57.93516935457729,0.23951322083402005,0.4151321553199928
57.71309016141429,57.93516935457729,0.2220791931629975,0.38479865233671856
57.730524189085315,57.93516935457729,0.20464516549197498,0.35448347016856935
57.74795821675634,57.93516935457729,0.18721113782095244,0.32418659222246
57.76539224442736,57.93516935457729,0.1697771101499299,0.2939080019253368
57.78282627209838,57.96534487924269,0.1825186071443099,0.3158699892678021
57.800260299769405,57.96587907867647,0.1656187789070671,0.2865363893659279
57.81769432744043,57.96587907867647,0.14818475123604458,0.2562965420184798
57.83512835511145,57.96587907867647,0.13075072356502204,0.22607492588622627
57.85256238278247,57.99161786522678,0.13905548244430577,0.2403618382954981
57.869996410453496,58.04526440779997,0.1752679973464737,0.30286505653698936
57.88743043812452,58.06843411626585,0.18100367814133023,0.31268217775671325
57.90486446579554,58.06843411626585,0.1635696504703077,0.28247998156860976
57.92229849346656,58.06843411626585,0.14613562279928516,0.2522959664934028
57.939732521137586,58.07304793332136,0.13331541218377652,0.23009324755708938
57.9571665488086,58.07304793332136,0.11588138451276109,0.1999431501109904
57.97460057647963,58.07304793332136,0.09844735684173145,0.16981118604148118
57.992034604150646,58.068421209026354,0.07638660487570803,0.13171913245865122
58.009468631821676,58.068421209026354,0.05895257720467839,0.10162578385063739
58.02690265949269,58.0774360120628,0.05053335257010616,0.08708607603380214
58.04433668716372,58.08403425808353,0.03969757091980597,0.06839180734161948
58.061770714834736,58.117759276779665,0.05598856194492896,0.09642930495508283
58.079204742505766,58.10742761456642,0.02822287206065255,0.04859376464567428
58.09663877017678,58.109423469899454,0.012784699722672599,0.022005919780053562
58.11407279784781,58.1180508303561,0.003978032508285878,0.00684521376108611
58.13150682551883,58.1180508303561,0.01345599516272955,0.023147507948000717
58.148940853189856,58.1180508303561,0.03089002283375919,0.05312224501517239
58.16637488086087,58.1180508303561,0.04832405050477462,0.08307901361182338
58.1838089085319,58.1258232312805,0.057985677251402024,0.09965947286565348
58.20124293620292,58.1258232312805,0.07541970492241745,0.12958435441849325
58.21867696387394,58.1258232312805,0.09285373259343999,0.15949131350246573
58.23611099154496,58.1258232312805,0.11028776026446252,0.1893803662137994
58.253545019215984,58.1258232312805,0.12772178793548505,0.21925152862946576
58.27097904688701,58.13724797157582,0.13373107531118933,0.2294985900332725
58.28841307455803,58.13724797157582,0.15116510298221186,0.2593398842216774
58.30584710222905,58.13724797157582,0.1685991306532344,0.2891633327230895
58.323281129900074,58.13724797157582,0.18603315832425693,0.3189689515408367
58.3407151575711,58.145066199115675,0.19564895845542196,0.33535577671099537
58.35814918524212,58.138391340974216,0.21975784426790312,0.3765675357015546
58.37558321291314,58.138391340974216,0.23719187193892566,0.4063203464260327
58.393017240584165,58.15464736467043,0.23836987591373315,0.4082164052794688
58.41045126825519,58.1492070539,0.2612442143551874,0.4472559425288467
58.42788529592621,58.13712207719554,0.29076321873066746,0.4976446045548399
58.44531932359723,58.14201226936988,0.3033070542273535,0.5189586740864869
58.46275335126825,58.14201226936988,0.3207410818983689,0.5486246601682009
58.48018737893928,58.13756540286956,0.3426219760697151,0.5858770148077621
58.49762140661029,58.13756540286956,0.36005600374073055,0.6155053745485177
58.51505543428132,58.13756540286956,0.3774900314117602,0.6451160792895804
58.53248946195234,58.11614856732233,0.4163408946300109,0.711298799106509
58.54992348962337,58.11614856732233,0.43377492230104053,0.7408633460945806
58.56735751729438,58.10473221385459,0.46262530343979336,0.7899029818840376
58.58479154496541,58.10473221385459,0.480059331110823,0.8194265413445475
58.60222557263643,58.10941162684632,0.49281394579011106,0.8409474912847411
58.61965960030746,58.10941162684632,0.5102479734611407,0.870438308479131
58.63709362797847,58.10941162684632,0.5276820011321561,0.8999115892066905
58.6545276556495,58.10941162684632,0.5451160288031858,0.9293673491046878
58.67196168332052,58.09745286527297,0.5745088180475477,0.9791880168391766
58.68939571099155,58.18770927903576,0.5016864319557897,0.8548161484338339
58.70682973866256,58.90566347678955,0.1988337381269858,0.3386892785934919
58.724263766333586,58.89795373051195,0.17368996417836513,0.295772059177251
58.74169779400461,58.89795373051195,0.1562559365073426,0.26600514179093177
58.75913182167563,58.89795373051195,0.13882190883632006,0.2362558882891971
58.77656584934665,58.89795373051195,0.12138788116529753,0.20652428295391276
58.793999877017676,58.89795373051195,0.103953853494275,0.17681031008558767
58.8114339046887,58.89795373051195,0.08651982582325246,0.14711395400334684
58.82886793235972,58.88424043298429,0.05537250062457133,0.09412470878793308
58.84630196003074,58.88424043298429,0.037938472953548796,0.06447044536344383
58.863735987701766,59.23238369323278,0.36864770553101067,0.6262730343993647
58.88117001537279,59.220304024643355,0.33913400927056614,0.5759634347993161
58.89860404304381,59.06947116173847,0.17086711869465887,0.2901038513065388
58.91603807071483,59.06947116173847,0.15343309102363634,0.2604266954262539
58.933472098385856,59.06947116173847,0.1359990633526138,0.23076709806877085
58.95090612605688,59.06947116173847,0.11856503568159127,0.2011250436559182
58.968340153727894,59.060167421061706,0.0918272673338123,0.15572299829776898
58.985774181398924,59.060167421061706,0.07439323966278266,0.12612064636805675
59.00320820906994,59.04014358444499,0.03693537537505165,0.06259892723828865
59.02064223674097,59.04014358444499,0.01950134770402201,0.033041571499339284
59.038076264411984,59.23653612603197,0.19845986161998752,0.3361557052285233
59.055510292083014,59.23690790601192,0.18139761392890819,0.3071645863895386
59.07294431975403,59.23690790601192,0.16396358625789276,0.2775612222244748
59.09037834742506,59.23690790601192,0.14652955858686312,0.24797532641496167
59.107812375096074,59.23690790601192,0.1290955309158477,0.21840688350401471
59.125246402767104,59.17027441921345,0.04502801644634502,0.07615700430169822
59.14268043043812,59.16866294359866,0.025982513160542453,0.043931916800934175
59.16011445810915,59.16866294359866,0.008548485489512814,0.014449744676484584
59.177548485780164,59.16866294359866,0.008885542181502615,0.015015056231397844
59.194982513451194,59.16866294359866,0.026319569852532254,0.044462501271204054
59.21241654112221,59.16866294359866,0.04375359752354768,0.07389260577325267
59.22985056879323,59.16866294359866,0.06118762519457022,0.10330538504989659
59.247284596464254,59.16866294359866,0.07862165286559275,0.13270085439541765
59.26471862413528,59.16866294359866,0.09605568053661528,0.16207902908611307
59.2821526518063,59.16866294359866,0.11348970820763782,0.19143992438030985
59.29958667947732,59.16866294359866,0.13092373587866035,0.22078355551839124
59.317020707148345,59.17358777306268,0.14343293408566637,0.24180738070747565
59.33445473481937,59.17358777306268,0.1608669617566889,0.27111896869305346
59.35188876249039,59.17358777306268,0.17830098942771144,0.30041333670310305
59.36932279016141,59.17358777306268,0.19573501709873398,0.3296904999077585
59.386756817832435,59.17358777306268,0.2131690447697565,0.3589504734593402
59.40419084550346,59.17358777306268,0.23060307244077904,0.3881932724923806
59.42162487317448,59.14223152289012,0.27939335028435863,0.4701880012212339
59.4390589008455,59.42269811011838,0.016360790727119934,0.027525319259197094
59.456492928516525,59.877491242300536,0.4209983137840112,0.7080779458185835
59.47392695618754,59.9095366595275,0.4356097033399564,0.7324381046182734
59.49136098385857,59.9095366595275,0.41817567566892677,0.702918320833823
59.508795011529585,59.9095366595275,0.40074164799791134,0.6734158336095853
59.526229039200615,59.908320514144386,0.3820914749437705,0.6418875865496984
59.54366306687163,59.915411391208124,0.37174832433649385,0.6243289465060201
59.56109709454266,59.915411391208124,0.3543142966654642,0.5948753699131049
59.578531122213676,59.915411391208124,0.3368802689944488,0.5654390308874937
59.595965149884705,59.915411391208124,0.31944624132341914,0.5360199143012573
59.61339917755572,59.915411391208124,0.3020122136524037,0.5066180050442594
59.63083320522675,60.06246719131604,0.43163398608928816,0.7238436273458856
59.648267232897766,60.06246719131604,0.41419995841827273,0.6944040080846293
59.665701260568795,60.06246719131604,0.3967659307472431,0.6649815930504338
59.68313528823981,60.06246719131604,0.37933190307622766,0.6355763671667776
59.70056931591084,60.06246719131604,0.361897875405198,0.6061883153746548
59.718003343581856,60.06246719131604,0.3444638477341826,0.5768174226327404
59.73543737125288,60.023210170602546,0.2877727993496677,0.4817455299794217
59.7528713989239,60.023210170602546,0.2703387716786452,0.4524280847924469
59.77030542659492,60.023210170602546,0.25290474400762264,0.4231277424510067
59.787739454265946,60.023210170602546,0.2354707163366001,0.393844487993598
59.80517348193697,60.023210170602546,0.21803668866557757,0.36457830647616374
59.82260750960799,60.023210170602546,0.20060266099455504,0.33532918297206726
59.84004153727901,60.023210170602546,0.1831686333235325,0.3060971025720671
59.857475564950036,60.023210170602546,0.16573460565250997,0.2768820503842916
59.87490959262106,60.023210170602546,0.14830057798148744,0.2476840115342135
59.89234362029208,60.023210170602546,0.1308665503104649,0.21850297116462494
59.909777647963104,60.023210170602546,0.11343252263944237,0.18933891443561218
59.927211675634126,60.023210170602546,0.09599849496841983,0.16019182652453023
59.94464570330515,60.0379637307817,0.09331802747654905,0.1556736658990776
59.96207973097617,60.0379637307817,0.07588399980552651,0.12655331527189365
59.97951375864719,60.0379637307817,0.058449972134511086,0.09744989325806999
59.996947786318216,60.0379637307817,0.041015944463481446,0.06836338510012467
60.01438181398923,60.0379637307817,0.023581916792466018,0.039293776057806734
60.03181584166026,60.0379637307817,0.0061478891214363784,0.010241051407893496
60.04924986933128,60.0379637307817,0.01128613854957905,0.01879480355564471
60.06668389700231,60.10188122057054,0.035197323568233685,0.05859708125154258
60.08411792467332,60.10188122057054,0.017763295897218256,0.02956404539297368
60.10155195234435,60.45949864987254,0.35794669752819175,0.5955698079344347
60.11898598001537,60.45949864987254,0.3405126698571763,0.5663978929557609
60.1364200076864,60.45949864987254,0.3230786421861467,0.5372428923185851
60.15385403535741,60.49878532860624,0.3449312932488269,0.5734151182500827
60.17128806302844,60.49878532860624,0.32749726557779724,0.5442749791806837
60.18872209069946,60.503060817040634,0.31433872634117677,0.5222551923722423
60.20615611837049,60.503060817040634,0.2969046986701471,0.49314674414092624
60.2235901460415,60.503060817040634,0.2794706709991317,0.46405514902286393
60.241024173712525,60.50354476636781,0.26252059265528516,0.43578374746464177
60.25845820138355,60.50354476636781,0.24508656498426262,0.406725582266284
60.27589222905457,60.50354476636781,0.2276525373132401,0.3776842264700738
60.29332625672559,60.50354476636781,0.21021850964221755,0.3486596654945175
60.310760284396615,60.69217206111149,0.38141177671487725,0.6324108250606065
60.32819431206764,60.69217206111149,0.3639777490438547,0.603329426969186
60.34562833973866,60.69217206111149,0.3465437213728322,0.5742648322788728
60.36306236740968,60.69222972339873,0.3291673559890498,0.5453125522120111
60.380496395080705,60.69222972339873,0.31173332831802725,0.5162814930806442
60.39793042275173,60.69222972339873,0.2942993006470047,0.4872671937383851
60.41536445042275,60.69222972339873,0.2768652729759822,0.4582696396761451
60.43279847809377,60.69222972339873,0.25943124530495965,0.42928881640157807
60.450232505764795,60.69222972339873,0.2419972176339371,0.40032470943905674
60.46766653343582,60.69222972339873,0.22456318996291458,0.3713773043296479
60.48510056110683,60.69222972339873,0.20712916229189915,0.3424465866311008
60.50253458877786,60.69222972339873,0.1896951346208695,0.3135325419177638
60.51996861644888,60.69222972339873,0.17226110694985408,0.2846351557806902
60.53740264411991,60.69222972339873,0.15482707927882444,0.2557544138274374
60.55483667179092,60.69449469998309,0.13965802819216577,0.23063067439041507
60.57227069946195,60.702730406095405,0.1304597066334523,0.21537859671919338
60.58970472713297,60.702730406095405,0.11302567896243687,0.1865427129434785
60.607138754804,60.702730406095405,0.09559165129140723,0.15772341881727622
60.62457278247501,60.702730406095405,0.0781576236203918,0.12892070002839695
60.64200681014604,60.703879086799205,0.06187227665316186,0.10202874196902399
60.65944083781706,60.703879086799205,0.04443824898214643,0.07325858657510438
60.67687486548809,60.703879086799205,0.027004221311116794,0.04450496399325323
60.6943088931591,60.703879086799205,0.009570193640101365,0.015767859976703727
60.71174292083013,60.65492389579108,0.05681902503905434,0.09358819613060358
60.72917694850115,60.66472647682911,0.0644504716720391,0.10612768838723706
60.74661097617217,60.66472647682911,0.08188449934306163,0.13479681915947672
60.764045003843194,60.66472647682911,0.09931852701408417,0.1634494988077283
60.781479031514216,60.700921941476444,0.08055709003777167,0.1325355870264429
60.79891305918524,60.700921941476444,0.0979911177087942,0.1611724828261385
60.81634708685626,60.700921941476444,0.11542514537981674,0.18979296013121222
60.833781114527284,60.700921941476444,0.13285917305083927,0.2183970330575295
60.851215142198306,60.700921941476444,0.1502932007218618,0.2469847157047788
60.86864916986933,60.700921941476444,0.16772722839288434,0.275556022156495
60.88608319754035,60.700921941476444,0.18516125606390688,0.3041109664800822
60.903517225211374,60.760526326296606,0.14299089891476768,0.23478266187158028
60.920951252882396,60.73562721431102,0.18532403857137325,0.3042041116562586
60.93838528055342,60.73789561300314,0.2004896675502792,0.3290039055469676
60.95581930822444,60.73789561300314,0.21792369522130173,0.3575108950949634
60.973253335895464,60.73789561300314,0.23535772289232426,0.38600158268702256
60.99068736356648,60.72828347843959,0.2624038851268864,0.4302359859673208
61.00812139123751,60.72828347843959,0.27983791279791603,0.4586896079021189
61.025555418908525,60.72828347843959,0.29727194046893146,0.48712697234513486
61.042989446579554,60.7162069028672,0.3267825437123548,0.5353318156187804
61.06042347425057,60.7162069028672,0.34421657138337025,0.5637310581845666
61.0778575019216,60.710778366445425,0.36707913547617466,0.601001984171802
61.095291529592615,60.710778366445425,0.3845131631471901,0.6293662793325802
61.112725557263644,60.710778366445425,0.4019471908182197,0.657714391156697
61.13015958493466,60.710778366445425,0.41938121848923515,0.6860463334903356
61.14759361260569,60.710778366445425,0.4368152461602648,0.7143621201639807
61.165027640276705,60.710778366445425,0.4542492738312802,0.742661764992256
61.182461667947734,60.710778366445425,0.47168330150230986,0.7709452817741319
61.19989569561875,60.68734766692638,0.5125480286923718,0.8374982062740096
61.21732972328978,60.68734766692638,0.5299820563634015,0.8657386049979452
61.234763750960795,60.68734766692638,0.5474160840344169,0.8939629231864681
61.25219777863182,60.68734766692638,0.5648501117054394,0.922171174570475
61.26963180630284,60.68734766692638,0.582284139376462,0.9503633728651885
61.28706583397386,60.68734766692638,0.5997181670474845,0.9785395317702367
61.304499861644885,60.68734766692638,0.617152194718507,1.0066996649696636
61.32193388931591,60.68734766692638,0.6345862223895296,1.0348437861319524
61.33936791698693,60.67417544813617,0.665192468850762,1.0844462397313812
61.35680194465795,60.67417544813617,0.6826264965217845,1.1125522760092577
61.374235972328975,60.67417544813617,0.7000605241928071,1.140642344628835
61.39167,60.67417544813617,0.7174945518638296,1.1687164591936163
60.466668000000006,60.32394478695632,0.14272321304368774,0.23603617954223596
54.98333,56.59590292038222,1.6125729203822203,2.9328396813765556
63.81667,65.19501077614524,1.3783407761452366,2.159844404518814
65.91499999999999,62.5828848554405,3.332115144559495,5.055169755836298
68.926664,68.07351227995143,0.8531517200485723,1.2377673175196355
62.410000000000004,64.64473717853487,2.234737178534864,3.580735745128768
56.093334000000006,57.21028527733367,1.116951277333662,1.9912371001760423
50.8999975,51.73366564427736,0.833668144277361,1.6378549807931937
61.353332,62.40270386203671,1.0493718620367076,1.7103746900603665
52.63333,53.2225263102475,0.5891963102475017,1.119435745842989
55.47052315789474,58.7790788996111,3.3085557417163614,5.964529543553579
58.30771631578948,57.74227141535441,0.5654449004350681,0.9697599840348199
61.14490947368421,60.60217380217317,0.5427356715110392,0.8876220051394857
63.98210263157895,62.44896132730776,1.53314130427119,2.3962033775277876
66.81929578947368,66.58713512425564,0.23216066521804635,0.34744554319984255
69.65648894736842,68.07591633595916,1.5805726114092522,2.269096009997738
72.49368210526316,69.43472945201447,3.0589526532486957,4.21961275026284
75.33087526315789,73.87311698725006,1.4577582759078354,1.9351404995831527
78.16806842105264,76.56021454587092,1.6078538751817177,2.0569190305701377
81.00526157894737,79.81102895559822,1.1942326233491514,1.474265498402542
83.84245473684211,81.78999181088693,2.052462925955183,2.4479995634637453
86.67964789473685,83.80598638067033,2.8736615140665123,3.3152667135384153
89.51684105263158,87.27070041418352,2.246140638448054,2.509182196372895
92.35403421052632,89.24212798734133,3.111906223184988,3.3695401070311872
95.19122736842105,91.6521473642502,3.539080004170856,3.717863612025364
98.02842052631578,94.77993410344864,3.2484864228671455,3.3138210382519504
100.86561368421053,96.6020434893905,4.2635701948200335,4.226980869980521
103.70280684210528,98.07332036940942,5.629486472695859,5.42848033155664
106.54,101.3911026986379,5.148897301362112,4.832830205896482
95.900002,93.46748885974077,2.432513140259232,2.5365099995088967
97.01668,95.57807453398223,1.438605466017762,1.4828434306531229
97.305825,94.36339469582413,2.942430304175872,3.0238994471049105
92.173338,91.10833454544284,1.0650034545571572,1.1554354845618775
39.6499994,41.130872861837474,1.4808734618374757,3.7348637685918242
87.309998,88.65015171666862,1.340153716668624,1.5349372893911004
83.95666800000001,72.36899996591188,11.587668034088125,13.801962738788209
85.04333,83.84879214793244,1.1945378520675547,1.4046226224532303
80.06666600000001,78.89227378463657,1.17439221536344,1.466767974781715
79.229996,77.7456033052039,1.4843926947960995,1.8735236270819695
78.833336,77.40841684483777,1.424919155162229,1.8075083809243195
69.713334,70.84989059587676,1.1365565958767547,1.630328849107625
68.6,67.82282770640336,0.7771722935966352,1.132904218070897
116.54333999999999,111.60442762410133,4.938912375898653,4.237833218010273
108.180014,100.90392879305801,7.2760852069419855,6.725905218446345
95.016665,95.95283743780266,0.9361724378026537,0.9852718339489749
88.7549995,87.56880116435025,1.186198335649749,1.336486217488795
82.493334,82.13618816739618,0.3571458326038197,0.4329390209926776
81.73651442201836,79.51289686485588,2.223617557162484,2.7204702486842054
80.9796948440367,79.949555394457,1.030139449579707,1.2720959884619345
80.22287526605506,80.69820614471983,0.47533087866477786,0.5925128924740822
79.4660556880734,80.42347834268799,0.9574226546145894,1.2048196507610023
78.70923611009175,77.99562406047487,0.7136120496168843,0.9066433431252525
77.95241653211009,77.83395726678278,0.1184592653273171,0.15196355751014012
77.19559695412845,76.5868544987196,0.6087424554088443,0.7885714722441672
76.43877737614679,76.174493537629,0.2642838385177839,0.3457457688226387
75.68195779816514,74.53153094929144,1.1504268488737068,1.5200807198219681
74.92513822018348,74.24907335512263,0.6760648650608516,0.9023204776400826
74.16831864220184,73.56878832225195,0.599530319949892,0.8083374828032825
73.41149906422018,72.5966708451115,0.8148282191086764,1.1099463020035416
72.65467948623854,72.46993674060853,0.18474274563000392,0.2542750817103197
71.89785990825689,71.62883061513396,0.26902929312292656,0.3741826160976326
71.14104033027523,70.87138223783955,0.2696580924356766,0.3790471592540364
70.38422075229359,70.63927520083405,0.2550544485404629,0.36237447230976344
69.62740117431193,69.51936648900721,0.10803468530471605,0.1551611628218776
68.87058159633028,66.2608126203128,2.6097689760174774,3.7893813519886654
68.11376201834862,66.84578826684333,1.267973751505295,1.8615529577763235
67.35694244036698,66.85460326645111,0.5023391739158711,0.7457867826476927
66.60012286238532,66.76533999533106,0.1652171329457417,0.24807331555097428
65.84330328440367,66.18338821972634,0.3400849353226647,0.5165064909542908
65.08648370642203,66.34257920042882,1.2560954940067859,1.9298868558831794
64.32966412844037,63.557023940034156,0.7726401884062142,1.2010636133021986
63.57284455045872,62.875505772318924,0.6973387781397946,1.0969129713651657
62.81602497247707,63.24962534127492,0.4336003687978547,0.6902703075972052
62.059205394495415,61.906809069752995,0.15239632474241915,0.24556602646403936
61.30238581651376,62.2058170041194,0.9034311876056407,1.4737292449101915
60.54556623853211,60.21210042235983,0.33346581617227855,0.5507683500035646
59.78874666055046,59.46188765606982,0.32685900448063876,0.5466898417128141
59.031927082568814,59.398152547083555,0.36622546451474136,0.6203854127995796
58.275107504587154,57.293059682234905,0.98204782235225,1.6851926395415873
57.51828792660551,57.27546056459656,0.24282736200895272,0.42217418279001157
56.76146834862385,57.21925468627845,0.4577863376545963,0.806508976904744
56.004648770642206,57.06326311478797,1.0586143441457665,1.8902258426459324
55.247829192660554,56.24239053412157,0.994561341461015,1.8001817555451363
54.4910096146789,54.09613646996644,0.39487314471246293,0.7246574205629899
53.73419003669725,53.47608292324496,0.2581071134522901,0.4803405676646811
52.9773704587156,52.76281674359284,0.21455371512275434,0.4049912505377226
52.220550880733946,52.70557546895265,0.48502458821870675,0.9288002137825971
51.463731302752294,51.845552813881646,0.3818215111293526,0.7419234895409395
50.70691172477064,51.48630388949251,0.7793921647218696,1.5370531121127846
49.95009214678899,51.45254144629566,1.5024492995066723,3.007900956601651
49.19327256880734,50.41550530194164,1.2222327331343052,2.484552601018261
48.436452990825686,49.04755431710593,0.6111013262802416,1.2616558161184714
47.67963341284404,48.458517073245254,0.7788836604012133,1.633577283736825
46.92281383486239,48.579413720874896,1.6565998860125077,3.5304785681495052
46.16599425688074,46.34828851559991,0.1822942587191747,0.39486696139335276
45.409174678899085,45.58509490276087,0.1759202238617874,0.38741118971170097
44.65235510091743,45.56453812639892,0.9121830254814896,2.0428553508989444
43.89553552293578,44.49026643010673,0.5947309071709483,1.3548778938126784
43.13871594495413,43.82641588185015,0.6876999368960242,1.5941594964800139
42.38189636697248,43.378740688688275,0.9968443217157983,2.3520521901247977
41.625076788990825,42.96331008228841,1.3382332932975842,3.214968947880778
40.86825721100917,42.74131283926526,1.8730556282560897,4.583155133298717
40.11143763302752,41.17812321816145,1.066685585133932,2.659305295643728
39.35461805504587,41.08466561306676,1.7300475580208925,4.396047131244039
38.59779847706422,40.23987827609129,1.6420797990270728,4.254335386519099
37.84097889908257,38.515959344346896,0.6749804452643247,1.783728817017176
37.08415932110092,38.28615104378209,1.2019917226811714,3.241253798619178
36.32733974311927,37.11545103181243,0.7881112886931589,2.1694715172267314
35.570520165137616,36.64816986525564,1.0776497001180232,3.029614678433123
34.813700587155964,36.3058712987289,1.492170711572939,4.2861594326558174
34.05688100917431,35.66193379273611,1.6050527835617956,4.7128590052900705
33.30006143119266,35.19679924119458,1.8967378100019232,5.695898831661676
32.54324185321101,34.15697682870916,1.6137349754981543,4.958740689624714
31.786422275229356,33.557574606700925,1.7711523314715691,5.572040527668317
31.029602697247704,33.14146598244337,2.1118632851956676,6.8059630211861775
30.27278311926605,32.09490082233542,1.8221177030693667,6.018996323829056
29.5159635412844,31.688814123053373,2.172850581768973,7.361611552100529
28.759143963302748,31.43284860073814,2.6737046374353923,9.29688533444213
28.002324385321103,30.275583654735662,2.2732592694145595,8.118109190272106
27.24550480733945,30.001051345239677,2.7555465379002264,10.113765765712412
26.4886852293578,29.12225073746734,2.633565508109541,9.942228107232449
25.731865651376147,28.35083551249641,2.618969861120263,10.177924510421963
24.975046073394495,27.476075198627544,2.5010291252330497,10.014112157724325
24.218226495412843,26.385028510011953,2.16680201459911,8.946988810305836
23.46140691743119,25.725282931868463,2.2638760144372725,9.649361704541572
22.70458733944954,24.891081785481468,2.1864944460319293,9.630188002725179
21.947767761467887,24.609172343552018,2.661404582084131,12.12608321269267
21.190948183486235,23.726422187808335,2.5354740043221007,11.964891718710136
20.434128605504583,23.048238430192054,2.614109824687471,12.792861761588783
19.67730902752293,22.405261862052974,2.7279528345300434,13.863444593538768
18.92048944954128,21.456371428890087,2.535881979348808,13.402834985382947
18.163669871559634,21.010326671607256,2.8466568000476222,15.672255773074081
17.406850293577975,20.19333396004507,2.7864836664670953,16.00797168626843
16.65003071559633,19.44150484123177,2.791474125635439,16.765579435361786
15.89321113761467,19.083632881984514,3.190421744369843,20.074116657388576
15.136391559633026,18.04642645126961,2.9100348916365846,19.225420273860415
14.379571981651367,17.596106053174196,3.2165340715228297,22.368774784306474
13.622752403669722,16.81744494467926,3.1946925410095375,23.451153235002238
12.865932825688077,16.240758604555655,3.374825778867578,26.230711947519364
12.109113247706418,15.940797038971198,3.83168379126478,31.64297593789981
11.352293669724773,15.198201497359642,3.8459078276348695,33.87780425282207
10.595474091743114,14.345009489385411,3.7495353976422976,35.38808518784687
9.838654513761469,13.93200361863166,4.093349104870191,41.60476515508054
9.08183493577981,13.146918151188654,4.065083215408844,44.760593472070155
8.325015357798165,12.453743459062462,4.128728101264297,49.59424005622832
7.568195779816506,11.750480866102414,4.1822850862859084,55.26132261852388
6.811376201834861,11.128323572528064,4.316947370693203,63.37848979080463
6.054556623853202,10.690041011834328,4.635484387981126,76.56191321621569
5.297737045871557,9.825826589373133,4.528089543501576,85.47214601808606
4.540917467889898,9.249633655104166,4.708716187214268,103.69526027528406
3.784097889908253,8.960767071026417,5.176669181118164,136.80061488165347
3.027278311926608,8.595000499976242,5.567722188049634,183.91841166748384
2.270458733944949,8.144717730198217,5.874258996253268,258.72564466506174
1.513639155963304,7.203720684953115,5.690081528989811,375.92060872451157
0.7568195779816449,6.9991302143640794,6.2423106363824346,824.8082922260013
0.0,7.095795700257011,7.095795700257011,709.5795700257012
0.0,7.120724081099079,7.120724081099079,712.0724081099079
0.0,7.597321002843579,7.597321002843579,759.7321002843579
0.2680473372781065,6.929625733633932,6.661578396355825,2485.224611444006
0.536094674556213,6.953415244694591,6.417320570138378,1197.0498635247086
0.8041420118343194,6.953658356629327,6.149516344795007,764.7301414792909
1.072189349112426,6.971274615712452,5.899085266600026,550.1906236508855
1.3402366863905324,7.443190433718792,6.102953747328259,455.3638778359717
1.6082840236686389,7.5090189076373495,5.900734883968711,366.89631912829736
1.8763313609467454,7.590927740185229,5.714596379238484,304.5622163643343
2.144378698224852,7.595523667725033,5.451144969500181,254.2062637542855
2.4124260355029583,7.8034734080683,5.3910473725653425,223.46995485983396
2.680473372781065,8.348383485096914,5.667910112315849,211.45183421222487
2.9485207100591713,8.340087680841236,5.3915669707820655,182.8566763118943
3.2165680473372777,8.441133163697913,5.224565116360635,162.42669327905583
3.4846153846153842,8.498846202348023,5.0142308177326385,143.89624863250398
3.7526627218934907,8.716818005468895,4.964155283575404,132.28354508423894
4.020710059171598,8.808364541512955,4.787654482341357,119.07485025985127
4.288757396449704,8.813923522799843,4.52516612635014,105.51228964585731
4.556804733727811,8.907549024683714,4.3507442909559035,95.47796197526914
4.824852071005917,9.074677017323554,4.249824946317637,88.08197399162138
5.0928994082840235,9.338820086604168,4.245920678320144,83.36941961613853
5.36094674556213,9.576190094736509,4.215243349174379,78.62871148018435
5.6289940828402365,9.830024158517332,4.201030075677096,74.63198599699666
5.8970414201183425,9.922605181403966,4.025563761285624,68.26412559274237
6.1650887573964495,10.197089661458218,4.032000904061769,65.40053294811776
6.4331360946745555,10.62395090212307,4.190814807448515,65.14419632623245
6.701183431952662,10.836281945021046,4.1350985130683835,61.706988848437696
6.9692307692307685,11.1650824329544,4.195851663723631,60.20537707329714
7.237278106508875,11.293111918941978,4.055833812433103,56.04087272514058
7.505325443786981,11.428378150048616,3.9230527062616343,52.27025444325262
7.773372781065088,11.552506842826578,3.7791340617614892,48.616400733629575
8.041420118343195,11.80278080529086,3.761360686947665,46.77483120633961
8.309467455621302,12.372726227872871,4.063258772251569,48.899147796803746
8.577514792899407,12.443693487853393,3.8661786949539856,45.07341331727536
8.845562130177514,12.566154718711518,3.7205925885340037,42.06168623066738
9.113609467455621,12.929530445689974,3.8159209782343524,41.87057819254678
9.381656804733728,13.054355870533914,3.6726990658001863,39.147659547160615
9.649704142011833,13.22960485988857,3.579900717876736,37.09855416489873
9.91775147928994,13.329645409679356,3.4118939303894162,34.40188975811774
10.185798816568047,13.571588654712297,3.38578983814425,33.24029758605659
10.453846153846154,14.063861251162558,3.6100150973164045,34.53288908396855
10.72189349112426,14.163921369042194,3.442027877917935,32.10279864062534
10.989940828402366,14.478933966998751,3.488993138596385,31.747151263812473
11.257988165680473,14.605913304375802,3.347925138695329,29.738218671266196
11.52603550295858,14.747654398464382,3.2216188955058023,27.950797953718393
11.794082840236685,14.864471913033878,3.0703890727971928,26.033300888156013
12.062130177514792,15.036997076170303,2.9748668986555113,24.66286513969985
12.330177514792899,15.673066945884111,3.342889431091212,27.111446101085267
12.598224852071006,15.716042818984876,3.1178179669138704,24.74807366532545
12.866272189349111,16.019722112701118,3.1534499233520066,24.509429591909914
13.134319526627218,16.363372057715186,3.2290525310879676,24.58484830174648
13.402366863905325,16.49064726356282,3.0882803996574957,23.042798566980874
13.670414201183432,16.69251998252033,3.022105781336899,22.106907200187678
13.938461538461537,16.724545475689908,2.786083937228371,19.988460918305094
14.206508875739644,16.905730503483316,2.699221627743672,18.99989400177769
14.47455621301775,17.63325917961489,3.1587029665971382,21.822451204109083
14.742603550295858,17.82869877668614,3.086095226390281,20.93317653060235
15.010650887573963,18.06843866555368,3.0577877779797156,20.370787388780037
15.27869822485207,18.275235487844405,2.9965372629923355,19.61251684464989
15.546745562130177,18.361707458628672,2.8149618964984953,18.10643832337085
15.814792899408284,18.583397276529453,2.7686043771211697,17.50642196032019
16.08284023668639,18.710798106015666,2.6279578693292756,16.340135390605134
16.350887573964496,19.313709425538818,2.962821851574322,18.12025089263057
16.618934911242604,19.671038108353233,3.052103197110629,18.36521542091064
16.88698224852071,19.916986226891808,3.0300039783710986,17.94283865393727
17.155029585798815,20.079438766768668,2.924409180969853,17.046949213021016
17.423076923076923,20.17312168523907,2.7500447621621475,15.783921372233076
17.69112426035503,20.305292380234903,2.6141681198798743,14.776721260943834
17.959171597633134,20.531431789025593,2.572260191392459,14.32282206007465
18.227218934911242,20.93256012984991,2.7053411949386685,14.842314697592357
18.495266272189347,21.2250707115029,2.729804439313554,14.759476285119835
18.763313609467456,21.54633878401096,2.7830251745435035,14.83226914215869
19.03136094674556,21.565523426911067,2.534162480165506,13.315718656467695
19.299408284023666,21.707687242361796,2.40827895833813,12.478511894749325
19.567455621301775,21.83599898372074,2.2685433624189635,11.593450913205867
19.83550295857988,21.84165780397611,2.006154845396228,10.113960052263069
20.103550295857985,22.749985136761815,2.6464348409038294,13.164017310161801
20.371597633136094,23.059883797165476,2.688286164029382,13.196246128760473
20.6396449704142,23.295345421424983,2.655700451010784,12.866987076655557
20.907692307692308,23.46539501805821,2.557702710365902,12.233309505061342
21.175739644970413,23.746573298556505,2.5708336535860923,12.140466858246
21.44378698224852,23.881043843901182,2.4372568616526635,11.365794967419983
21.711834319526627,23.901085555675106,2.189251236148479,10.083216387569644
21.979881656804732,24.49591388468817,2.5160322278834393,11.446978046419568
22.247928994082837,24.777898919772884,2.5299699256900468,11.371709817857335
22.515976331360946,25.091602186121193,2.575625854760247,11.439103580744291
22.78402366863905,25.131189756539733,2.347166087900682,10.301806748609668
23.05207100591716,25.27481892629738,2.222747920380222,9.64229166138553
23.320118343195265,25.52725074940849,2.2071324062132263,9.46449916647726
23.58816568047337,25.54116918353005,1.9530035030566815,8.279590407801003
23.85621301775148,25.545027738285626,1.6888147205341468,7.079140009680056
24.124260355029584,26.137824589896216,2.0135642348666316,8.346636146491557
24.392307692307693,26.61903537071526,2.226727678407567,9.128811043613487
24.660355029585798,26.805491953840505,2.1451369242547074,8.698726849962702
24.928402366863903,26.85849579557881,1.9300934287149083,7.742547638273388
25.19644970414201,26.96199446572993,1.7655447615879183,7.00711720230046
25.464497041420117,27.15530713285928,1.6908100914391646,6.639872323764815
25.732544378698222,27.89343301551629,2.1608886368180684,8.397493092859031
26.00059171597633,27.890166113869288,1.8895743978929573,7.267428443683799
26.268639053254436,28.302189257057833,2.0335502038033972,7.741361094805023
26.536686390532545,28.40844852170988,1.8717621311773343,7.053488531428401
26.80473372781065,28.481653105188467,1.6769193773778177,6.2560568383410855
27.072781065088755,28.78560782431936,1.7128267592306052,6.326748460428219
27.340828402366864,29.215301234636197,1.8744728322693334,6.855947466855329
27.60887573964497,29.83311090802613,2.22423516838116,8.05623231223164
27.876923076923074,30.105398903008034,2.22847582608496,7.993980612335674
28.144970414201183,30.1514153172594,2.0064449030582168,7.128964335474375
28.413017751479288,30.26904437800495,1.8560266265256615,6.532310797676638
28.681065088757396,30.433064149365126,1.75199906060773,6.108556482076012
28.9491124260355,30.602529377563428,1.6534169515279267,5.711459913502977
29.217159763313607,30.766817052362953,1.549657289049346,5.3039285871830915
29.485207100591715,31.76176788102381,2.2765607804320958,7.721026929420513
29.75325443786982,31.952654308105206,2.1993998702353856,7.3921320937450075
30.021301775147926,32.04673231269962,2.025430537551692,6.746644608290682
30.289349112426034,32.229215139405184,1.93986602697915,6.404449365283095
30.55739644970414,32.481328435681064,1.9239319859769246,6.296125355913797
30.825443786982248,32.60510625060439,1.7796624636221452,5.773355530322345
31.093491124260353,32.780102397493366,1.6866112732330123,5.424322622676012
31.36153846153846,32.7917119197177,1.4301734581792402,4.560278380262479
31.629585798816567,33.613056219392064,1.9834704205754967,6.2709339072334895
31.897633136094672,33.664604933272045,1.7669717971773728,5.539507554176193
32.16568047337278,33.677170133906685,1.511489660533904,4.699075655449407
32.433727810650886,34.14384619969109,1.710118389040204,5.272654438687803
32.70177514792899,34.25348377609978,1.5517086281707861,4.7450287366710615
32.9698224852071,34.272272901576265,1.3024504163691688,3.950431995663769
33.23786982248521,34.41366287885184,1.1757930563666292,3.5375102635825737
33.505917159763314,34.93791778047016,1.4320006207068445,4.2738738172089485
33.77396449704142,35.65894306379855,1.884978566757134,5.581158726338618
34.042011834319524,35.99512254479317,1.953110710473645,5.737353949523666
34.31005917159763,36.09542492008747,1.7853657484898378,5.203621886982316
34.578106508875734,36.1889009636659,1.6107944547901667,4.658422965921218
34.84615384615385,36.43079971108928,1.5846458649354318,4.547548839770555
35.11420118343195,36.7859179089991,1.6717167255671512,4.76079953188832
35.38224852071006,36.78857178651656,1.4063232658065061,3.9746577015402296
35.65029585798816,37.576552713401725,1.9262568554135626,5.40320019527116
35.91834319526627,37.69487428449621,1.776531089229941,4.94602738097361
36.18639053254438,37.71075288749601,1.5243623549516272,4.212529441367427
36.454437869822485,37.730378090326205,1.2759402205037205,3.5000957223920395
36.72248520710059,38.21521692808642,1.4927317209858302,4.064898420048102
36.990532544378695,38.21338261917137,1.2228500747926745,3.305846092714624
37.2585798816568,38.56650737855413,1.307927496897328,3.510406196510053
37.52662721893491,38.695868762904794,1.169241543969882,3.115765073019711
37.79467455621302,39.69014823387615,1.8954736776631336,5.015187192163662
38.06272189349112,39.798006293825964,1.7352844003348409,4.559012897686598
38.33076923076923,39.826864020033035,1.4960947892638075,3.9031170500560903
38.59881656804733,40.149629916355956,1.5508133483086226,4.017774341797849
38.86686390532544,40.63477762104252,1.7679137157170786,4.548639993243302
39.13491124260355,40.60280657478164,1.467895332178088,3.7508589787731244
39.402958579881656,40.770461183337744,1.3675026034560887,3.470558183299229
39.67100591715976,41.18737828105538,1.51637236389562,3.82236933205596
39.939053254437866,41.590112262509486,1.6510590080716199,4.133946284488255
40.20710059171597,41.579922797431195,1.3728222057152237,3.414377524148239
40.47514792899408,41.672428461634794,1.1972805326407112,2.9580633892706487
40.74319526627219,41.7312680782176,0.9880728119454147,2.4251235218248968
41.01124260355029,41.88318829396253,0.8719456904122396,2.1261138045516237
41.2792899408284,42.04762460370623,0.7683346628778338,1.8613078470564766
41.547337278106504,42.11642637664137,0.5690890985348673,1.3697366325200113
41.815384615384616,43.67180022947882,1.8564156140942032,4.439551689334923
42.08343195266272,43.7068731990161,1.62344124635338,3.8576731293671522
42.351479289940826,44.0141749235405,1.6626956335996752,3.9259446457979874
42.61952662721893,44.018758875609905,1.3992322483909732,3.28307787327078
42.88757396449704,44.3341619436935,1.4465879791964653,3.372976938247829
43.15562130177515,44.461749286634046,1.3061279848588967,3.0265535414853844
43.423668639053254,44.495548634001196,1.0718799949479418,2.468423393374788
43.69171597633136,44.890863397313844,1.1991474209824844,2.744564717101259
43.959763313609464,44.971054301654064,1.0112909880445997,2.3004923407572466
44.22781065088757,45.16949675844849,0.9416861075609191,2.129171880096265
44.495857988165675,45.47203400416684,0.9761760160011619,2.193858170485869
44.76390532544379,45.51893602605637,0.7550307006125863,1.686695329916684
45.03195266272189,45.57736913112223,0.5454164684003402,1.211176589399473
45.3,46.18149186657218,0.8814918665721834,1.9458981602034953
45.3,46.27487477859462,0.974874778594625,2.1520414538512695
22.65,28.1194826951453,5.469482695145302,24.147826468632683
0.0,9.924055661292744,9.924055661292744,992.4055661292745
0.0,6.590446932509414,6.590446932509414,659.0446932509414
0.0,5.536739696244161,5.536739696244161,553.673969624416
0.0,7.373143266489774,7.373143266489774,737.3143266489774
0.0,7.426552241822625,7.426552241822625,742.6552241822625
0.0,7.273099014842591,7.273099014842591,727.3099014842592
0.0,6.433976513390435,6.433976513390435,643.3976513390436
0.0,6.892276574400665,6.892276574400665,689.2276574400664
0.0,6.8824429657808635,6.8824429657808635,688.2442965780864
0.0,6.980917196144991,6.980917196144991,698.0917196144991
0.0,6.980917196144991,6.980917196144991,698.0917196144991
0.0,6.968465567382675,6.968465567382675,696.8465567382675
0.32511698595146865,9.058866401617177,8.733749415665708,2686.340546036381
0.6502339719029373,9.564492739167619,8.914258767264682,1370.930949851286
0.9753509578544061,9.583088113533913,8.607737155679507,882.5271648489439
1.3004679438058746,9.59904519601584,8.298577252209967,638.1223998435385
1.6255849297573435,9.597231832734458,7.971646902977115,490.386368441978
1.9507019157088121,9.593327807171956,7.642625891463144,391.788505968945
2.275818901660281,9.592585337872091,7.31676643621181,321.50038084638464
2.600935887611749,10.391159050083942,7.790223162472193,299.5161549185816
2.926052873563218,10.419033176657061,7.492980303093843,256.07808972943207
3.251169859514687,10.514966209690051,7.263796350175364,223.42100425536228
3.5762868454661554,10.571070127323416,6.994783281857261,195.58787043955692
3.9014038314176243,10.704059082756388,6.802655251338763,174.3642941178671
4.226520817369093,10.70494732715063,6.478426509781538,153.28036438760998
4.551637803320562,10.809536807107854,6.257899003787292,137.4867525535964
4.87675478927203,10.97004714034179,6.093292351069761,124.9456373011391
5.201871775223498,10.99688429674884,5.795012521525342,111.40244842494911
5.526988761174968,11.549057006554722,6.022068245379755,108.9574903369179
5.852105747126436,11.64162659878011,5.789520851653674,98.93055767996857
6.177222733077905,11.961187720267255,5.78396498718935,93.63374508445791
6.502339719029374,12.350360553730678,5.848020834701304,89.9371778067335
6.827456704980842,12.744963683467109,5.917506978486267,86.67220070643965
7.152573690932311,12.775771022237981,5.62319733130567,78.61781750580899
7.477690676883779,13.060496581957102,5.5828059050733225,74.65949243302849
7.8028076628352485,13.28593248395729,5.483124821122041,70.27117747933413
8.127924648786717,13.41586061963347,5.287935970846753,65.05887049083435
8.453041634738186,13.62833298684214,5.1752913521039545,61.224013505811236
8.778158620689654,13.713066198627855,4.934907577938201,56.21802693684398
9.103275606641123,14.115432356948054,5.01215675030693,55.058826810103454
9.428392592592592,14.22134010933876,4.7929475167461675,50.835256059572046
9.75350957854406,14.540532656933964,4.787023078389904,49.08000591828485
10.07862656449553,14.648128805414231,4.569502240918702,45.33854103708844
10.403743550446997,15.301520986353262,4.897777435906265,47.07706809724114
10.728860536398466,15.305963559309754,4.577103022911288,42.66159493250119
11.053977522349935,15.525841203520608,4.471863681170673,40.45479260410158
11.379094508301403,15.659100422923444,4.280005914622041,37.612886609735455
11.704211494252872,15.946316039219896,4.242104544967024,36.24425743716292
12.029328480204342,16.08004281553761,4.050714335333268,33.6736530388973
12.35444546615581,16.303031864614788,3.9485863984589784,31.96085497544889
12.679562452107279,16.807645808885553,4.128083356778275,32.556985876844735
13.004679438058748,17.147454931319572,4.1427754932608245,31.856036998011778
13.329796424010215,17.41081540899429,4.081018984984073,30.615763775905553
13.654913409961685,17.547593912102386,3.892680502140701,28.507544392781497
13.980030395913154,17.701340106339615,3.7213097104264605,26.61875264244295
14.305147381864622,17.887107002044743,3.581959620180122,25.039655478986244
14.63026436781609,18.566724288804153,3.936459920988062,26.906280173908236
14.955381353767558,18.748528997231475,3.793147643463916,25.363095421892044
15.280498339719028,19.209659594135278,3.9291612544162504,25.71356749670311
15.605615325670497,19.335860196535478,3.730244870864981,23.903221968626287
15.930732311621965,19.59126947725928,3.660537165637317,22.977833623924752
16.255849297573434,19.79336007906305,3.5375107814896154,21.761463930510672
16.5809662835249,20.464348451546726,3.883382168021825,23.42072290370925
16.906083269476373,20.714557496771082,3.8084742272947096,22.527241624148633
17.23120025542784,20.91158958954965,3.6803893341218092,21.35886809720341
17.556317241379308,21.00527250802005,3.4489552666407413,19.645095376334034
17.88143422733078,21.137443203015888,3.256008975685109,18.208880419158326
18.206551213282246,21.494767206125513,3.2882159928432664,18.060619797363987
18.531668199233714,22.128309136104377,3.5966409368706636,19.408079716317093
18.856785185185185,22.32781431578679,3.471029130601604,18.4073218022795
19.181902171136652,22.335392999121794,3.1534908279851415,16.439927593470134
19.50701915708812,22.47755681457252,2.9705376574843996,15.228045010685385
19.83213614303959,22.61152737618683,2.7793912331472406,14.014583265770456
20.15725312899106,23.37469932274104,3.217446193749982,15.961729374338748
20.482370114942526,23.86380166128303,3.3814315463405045,16.508985666036985
20.807487100893994,24.099263285542538,3.291776184648544,15.820152470536017
21.132604086845465,24.269312882175758,3.136708795330293,14.842982826157321
21.457721072796932,24.553813563168486,3.0960924903715537,14.428803878416666
21.7828380587484,24.57385527494242,2.791017216194021,12.812918172859922
22.10795504469987,25.339770050903695,3.2318150062038242,14.618335344311346
22.43307203065134,25.385305109971128,2.9522330793197895,13.160181874716123
22.758189016602806,25.661272447859105,2.9030834312562988,12.756214605381865
23.083306002554277,25.757280182706033,2.673974180151756,11.584017384060447
23.408422988505745,26.01721767189296,2.6087946833872167,11.144683623788817
23.733539974457212,26.046216265268367,2.3126762908111544,9.744337731750637
24.058656960408683,26.578454328548503,2.5197973681398196,10.4735579059398
24.38377394636015,27.043573455662706,2.6597995093025553,10.908071552638358
24.70889093231162,27.125196580489497,2.416305648177879,9.779093909140597
25.03400791826309,27.125196580489497,2.0911886622264078,8.35339139084006
25.359124904214557,27.336035880695263,1.9769109764807062,7.795659290089121
25.684241890166025,28.13322909140411,2.4489872012380864,9.534979508878376
26.009358876117496,28.477023312017682,2.4676644359001862,9.487601934571572
26.334475862068963,28.779045886698036,2.4445700246290727,9.282774555426505
26.65959284802043,28.89433385265946,2.23474100463903,8.382502378707436
26.984709833971902,29.177622325690198,2.192912491718296,8.126500174397167
27.30982681992337,29.298595459304984,1.9887686393816146,7.282245517319597
27.634943805874837,30.067229165037762,2.4322853591629254,8.801484729800148
27.960060791826308,30.496167770322675,2.536106978496367,9.070463034321294
28.285177777777776,30.535173537868737,2.249995760090961,7.954681345007024
28.610294763729243,30.63889182289932,2.028597059170078,7.09044445687374
28.93541174968071,30.803259025003975,1.867847275323264,6.455229638623942
29.26052873563218,30.97272425320228,1.7121955175700982,5.851553582779459
29.58564572158365,31.874658455501557,2.2890127339179074,7.73690307610221
29.910762707535117,31.823654438871028,1.912891731335911,6.395329166427493
30.235879693486588,31.865789219412093,1.6299095259255054,5.390646948091344
30.560996679438055,32.04708880291203,1.4860921234739735,4.8627083045162625
30.886113665389523,32.230463872718886,1.344350207329363,4.352603962718106
31.211230651340994,32.40302253483638,1.1917918834953873,3.8184712958256326
31.53634763729246,32.58422623026932,1.0478785929768613,3.3227645922374363
31.86146462324393,33.19551182347167,1.3340472002277401,4.1870240932192155
32.1865816091954,33.24198127727895,1.0553996680835525,3.2790051484747758
32.51169859514687,33.57498581330983,1.0632872181629622,3.270475749063701
32.836815581098335,33.74603039886213,0.9092148177637966,2.768888522452106
33.1619325670498,33.915338878569386,0.7534063115195835,2.2719011022541533
33.48704955300127,34.210784772649504,0.7237352196482334,2.1612391336619527
33.812166538952745,35.14914942237431,1.3369828834215625,3.9541473388915014
34.13728352490421,35.26056293642748,1.1232794115232707,3.2904768497581345
34.46240051085568,35.84774786471776,1.3853473538620804,4.01988060415494
34.78751749680715,35.92101034674364,1.133492849936495,3.258332101566398
35.112634482758615,36.12317018323133,1.0105357004727153,2.877983140139825
35.43775146871008,36.3719140026857,0.9341625339756163,2.636066046121575
35.76286845466156,37.15892936209135,1.396060907429792,3.9036603263512006
36.087985440613025,37.262613506528005,1.1746280659149804,3.2549006312584763
36.41310242656449,37.298843650886745,0.8857412243222527,2.4324794244284904
36.73821941251596,37.56099224709698,0.8227728345810235,2.239555557504024
37.06333639846743,37.822029822698674,0.7586934242312466,2.0470186927440746
37.388453384418895,38.18254058285835,0.7940871984394562,2.1238835163221292
37.71357037037037,38.91658548948536,1.203015119114987,3.1898733196052276
38.03868735632184,39.43517434242626,1.3964869861044207,3.6712281184233126
38.363804342273305,39.534042968390914,1.1702386261176088,3.0503716880552325
38.68892132822477,39.70466316530054,1.0157418370757654,2.6254074867027892
39.01403831417624,40.005701457951545,0.9916631437753054,2.541811067568907
39.33915530012771,40.00564590545758,0.6664906053298694,1.694216869287241
39.66427228607918,40.14781737446745,0.4835450883882686,1.219094818885601
39.98938927203065,40.93740575541263,0.9480164833819771,2.370670071835876
40.31450625798212,40.940910573657725,0.6264043156756074,1.553793842015817
40.639623243933585,41.037013206297345,0.3973899623637607,0.9778386969251257
40.96474022988505,41.10398927257878,0.13924904269372718,0.33992414430627993
41.28985721583652,41.14229408374618,0.14756313209034033,0.3573834884411836
41.61497420178799,41.117581959176896,0.4973922426110917,1.1952242003065359
41.94009118773946,42.78881471932815,0.8487235315886892,2.0236568580394514
42.26520817369093,42.94903052412792,0.6838223504369907,1.617932053302067
42.5903251596424,43.177443465543085,0.5871183059006881,1.3785250610320012
42.915442145593865,43.53069097672299,0.6152488311291222,1.4336304145296799
43.24055913154533,43.65760882524812,0.41704969370278633,0.9644872824933839
43.5656761174968,44.01637044401588,0.45069432651907704,1.0345170021086156
43.890793103448274,44.450238099079925,0.559444995631651,1.2746294976102819
44.21591008939974,44.45538599429584,0.23947590489609638,0.5416057351571013
44.54102707535121,44.85481992719863,0.313792851847424,0.704502954807424
44.86614406130268,44.8601190718377,0.006024989464975761,0.013428810500727542
45.191261047254145,45.22432107010227,0.033060022848125925,0.07315578738454938
45.51637803320561,45.497898168825664,0.018479864379948197,0.04060047213437449
45.84149501915709,46.219656776575704,0.37816175741861713,0.8249332995369892
46.166612005108554,46.22371367607222,0.05710167096366803,0.12368607633011809
46.49172899106002,46.45956539056209,0.0321636004979311,0.06918133869384788
46.81684597701149,47.05216737424996,0.23532139723847223,0.5026425687753983
47.14196296296296,47.15297363912857,0.011010676165611244,0.023356422757070536
47.467079948914424,48.67357639156525,1.206496442650824,2.541754082933464
47.7921969348659,48.574658480328004,0.7824615454621053,1.637216105651078
48.11731392081737,48.70834740769051,0.5910334868731439,1.2283177066902742
48.442430906768834,48.70735062604064,0.26491971927180913,0.5468753617704847
48.7675478927203,48.74454202840096,0.023005864319344482,0.04717453575880662
49.09266487867177,48.904127721318844,0.18853715735292553,0.3840434366699763
49.41778186462324,49.46922732466808,0.05144546004484596,0.10410313474970895
49.742898850574704,49.61193375891369,0.130965091661011,0.2632839956803159
50.06801583652618,50.126025719383826,0.058009882857646744,0.11586215648539187
50.39313282247765,51.6193564274483,1.2262236049706559,2.433314890920423
50.718249808429114,51.667945747552686,0.949695939123572,1.872493516063201
51.04336679438058,51.98723054427539,0.9438637498948097,1.8491408564348868
51.36848378033205,52.03415017370406,0.6656663933720139,1.2958653718856388
51.69360076628352,51.99693858091645,0.30333781463293263,0.5867995460489972
52.01871775223499,52.14129107216936,0.12257331993436793,0.2356331052183645
52.34383473818646,52.614277869609175,0.2704431314227165,0.5166666385361709
52.668951724137926,52.79572794878509,0.1267762246471662,0.24070390713522646
52.994068710089394,53.749970754097056,0.7559020440076623,1.4263899006187237
53.31918569604086,53.83245028491619,0.5132645888753302,0.9626264583283799
53.64430268199233,53.7674173409168,0.1231146589244716,0.2295018348067735
53.969419667943804,54.09342830508846,0.12400863714465515,0.2297757469093419
54.29453665389527,54.81461512832957,0.5200784744342997,0.9578836223422997
54.61965363984674,55.15670554929105,0.5370519094443083,0.9832576255161606
54.944770625798206,55.0863189012963,0.14154827549809568,0.2576191944855159
55.269887611749674,55.685263108692695,0.415375496943021,0.7515403321622052
55.59500459770114,56.63131296676943,1.036308369068287,1.864031447730357
55.920121583652616,56.980755051666755,1.0606334680141387,1.8966937803014334
56.24523856960408,57.1992390164147,0.9540004468106176,1.696144368967396
56.57035555555555,57.2433487904151,0.6729932348595469,1.1896570708286007
56.89547254150702,57.78596060103683,0.8904880595298081,1.5651299123672264
57.220589527458486,58.10860488002537,0.8880153525668817,1.5519157700057409
57.545706513409954,58.19893191186326,0.6532253984533085,1.1351418516359453
57.87082349936142,58.35033339663904,0.47950989727761595,0.8285866146053842
58.195940485312896,58.42520589090993,0.22926540559703312,0.3939542924903732
58.52105747126436,59.06200455203336,0.5409470807689942,0.9243631337909706
58.84617445721583,59.2313338064457,0.38515934922986617,0.6545189263065804
59.1712914431673,59.44086158712957,0.2695701439622695,0.4555759007240625
59.496408429118766,60.45063250607433,0.9542240769555619,1.6038347559960358
59.821525415070234,61.354975141669314,1.5334497265990805,2.563374497656614
60.14664240102171,61.35441766393814,1.207775262916435,2.0080510144917394
60.471759386973176,61.49299016547477,1.0212307785015966,1.6887730551487643
60.79687637292464,61.90217177175958,1.10529539883494,1.8180134651246225
61.12199335887611,62.095147344837315,0.9731539859612042,1.592150276001892
61.44711034482758,62.095147344837315,0.6480370000097366,1.0546256713669635
61.772227330779046,61.84993462703365,0.07770729625460149,0.1257964940109623
62.09734431673052,62.62580564026329,0.5284613235327669,0.8510208115138131
62.42246130268199,63.98104511267554,1.55858380999355,2.4968317132451574
62.747578288633456,63.83179305032671,1.0842147616932536,1.727898974373097
63.07269527458492,64.08896018295579,1.0162649083708644,1.6112596805108583
63.39781226053639,64.49709213560327,1.0992798750668769,1.733939762068339
63.72292924648786,64.53598585394349,0.8130566074556285,1.2759247213991511
64.04804623243933,64.87071722214154,0.8226709897022033,1.2844591491778141
64.3731632183908,64.88058876756428,0.507425549173476,0.7882563537416931
64.69828020434227,64.978548185094,0.28026798075173076,0.43319231958954046
65.02339719029374,65.42476744095389,0.4013702506601504,0.6172705026246527
65.3485141762452,66.30553438858382,0.9570202123386196,1.4644865677550558
65.67363116219667,67.28233534605224,1.608704183855565,2.449543531227148
65.99874814814814,67.41586148539098,1.4171133372428386,2.147182146639855
66.3238651340996,67.42248115819424,1.098616024094639,1.6564414963955394
66.64898212005107,67.5213626645766,0.8723805445255266,1.3089180311173492
66.97409910600254,67.7323109494226,0.7582118434200567,1.1320971144680945
67.29921609195402,67.79364909483158,0.49443300287755676,0.7346786955170327
67.62433307790549,67.93041291895591,0.3060798410504191,0.45261790707466926
67.94945006385696,68.17612080011605,0.22667073625909495,0.3335873006272696
68.27456704980843,69.56074427054516,1.2861772207367324,1.8838306507288811
68.59968403575989,69.72572494075789,1.1260409049979927,1.6414666056056557
68.92480102171136,70.02900632740733,1.1042053056959702,1.6020435160170352
69.24991800766283,70.11501314664469,0.8650951389818573,1.2492363368374393
69.5750349936143,70.25989480561375,0.6848598119994591,0.9843470607845424
69.90015197956576,70.7113687351488,0.8112167555830325,1.1605364689624413
70.22526896551723,71.20626658318145,0.9809976176642152,1.3969296694981905
70.5503859514687,71.95210228865717,1.4017163371884749,1.9868301473966554
70.87550293742017,72.47466296228424,1.5991600248640765,2.256294429792
71.20061992337165,72.61312057028245,1.4125006469108001,1.9838319503832662
71.52573690932311,73.1916526017391,1.6659156924159788,2.3291136371344856
71.85085389527458,73.1916526017391,1.3407987064645113,1.8660859736180417
72.17597088122605,73.99743050447239,1.8214596232463407,2.523637162074015
72.50108786717752,74.49815458876607,1.9970667215885527,2.7545334564457744
72.82620485312898,74.47541041907905,1.6492055659500693,2.264577111049624
73.15132183908045,74.55450915508436,1.4031873160039083,1.9181981688460314
73.47643882503192,75.23509940029547,1.7586605752635478,2.3935027382742566
73.80155581098339,75.46180025319745,1.660244442214065,2.2496062907754877
74.12667279693486,75.46180025319745,1.3351274562625974,1.801143105289632
74.45178978288632,76.01337153780527,1.5615817549189472,2.0974401817240076
74.77690676883779,76.43519522863318,1.6582884597953864,2.2176478426979473
75.10202375478926,76.52584851207706,1.4238247572878038,1.895854047737304
75.42714074074074,77.06674054542562,1.6395998046848774,2.17375309282972
75.7522577266922,77.0652510736173,1.3129933469250972,1.7332728902447594
76.07737471264367,77.2150797674169,1.137705054773221,1.495457827074756
76.40249169859514,77.2644731820958,0.8619814835006565,1.1282112197350054
76.72760868454661,77.79458784290814,1.0669791583615336,1.3906065582576006
77.05272567049808,77.89679917796337,0.8440735074652963,1.095449252599866
77.37784265644954,79.03496645393842,1.6571237974888788,2.1415998955235223
77.70295964240101,78.75299857623736,1.0500389338363476,1.351349985468715
78.02807662835248,79.2634438135168,1.2353671851643213,1.5832341876737166
78.35319361430395,79.62486165762297,1.2716680433190248,1.622994526016196
78.67831060025541,79.72325688838826,1.0449462881328486,1.3281249688264867
79.00342758620688,80.23047776934933,1.2270501831424525,1.553160692684531
79.32854457215836,80.42038631489822,1.0918417427398595,1.3763541845227034
79.65366155810983,80.62595786541712,0.972296307307289,1.220654880501593
79.9787785440613,80.76721276107448,0.788434217013176,0.9858042737909755
80.30389553001277,80.92593486194671,0.6220393319339479,0.7746066711065929
80.62901251596423,81.04123919213323,0.41222667616899855,0.5112634562991569
80.9541295019157,81.6828289261819,0.7286994242661962,0.9001386695770129
81.27924648786717,82.21379817269961,0.9345516848324422,1.14980357866869
81.60436347381864,82.18978590077765,0.5854224269590134,0.7173910830722136
81.9294804597701,82.01980108259268,0.09032062282257414,0.11024190842626465
82.25459744572157,81.85349252175651,0.4011049239650646,0.4876383040227594
82.57971443167304,83.58756639748718,1.0078519658141403,1.2204594951076553
82.90483141762451,83.55438032246963,0.6495489048451191,0.7834873960156601
83.22994840357597,83.94715818005852,0.717209776482548,0.8617207991104955
83.55506538952746,84.21602652641785,0.6609611368903927,0.7910485543982779
83.88018237547892,84.40461255936917,0.5244301838902459,0.6252134521390298
84.20529936143039,84.58794978715692,0.3826504257265242,0.45442558678414285
84.53041634738186,84.89713792708817,0.3667215797063079,0.43383387371386856
84.85553333333333,84.96104117499227,0.10550784165894811,0.1243381987176811
75.97777777777777,75.97320626440576,0.004571513372013669,0.006016908503674031
52.98834000000001,51.663443882820836,1.324896117179172,2.500354072573649
51.321676000000004,51.166770311025815,0.1549056889741891,0.3018328726719468
53.27036444444444,53.95653889437706,0.6861744499326221,1.2880979078869117
14.984998999999998,20.845629769734323,5.860630769734325,39.10998438995108
13.475,16.062760017854004,2.587760017854004,19.20415597665309
54.455556666666666,43.63250386818037,10.823052798486295,19.87502003649758
64.166672,55.98104271398858,8.185629286011427,12.756823801009077
57.693336,54.859613164126095,2.833722835873907,4.911698702730428
53.48333,50.372913547636976,3.110416452363026,5.81567462677254
53.49900066401062,49.593302677819786,3.9056979861908374,7.3005064351010285
53.51467132802125,62.790680160067645,9.276008832046394,17.33358087016655
53.53034199203187,63.93567890425268,10.405336912220811,19.43820368973109
53.5460126560425,51.703559142473004,1.8424535135694953,3.4408790163418077
53.56168332005312,51.751625022533545,1.810058297519575,3.379390238174053
53.57735398406375,51.992658168281544,1.5846958157822044,2.9577717037940365
53.59302464807437,51.9432193143347,1.6498053337396712,3.0783956393081646
53.608695312085,51.94912772577294,1.6595675863120576,3.0957059795072865
53.62436597609562,52.075002025063775,1.549363951031843,2.8892909460645377
53.640036640106246,53.77422394419334,0.13418730408709223,0.25016258841769956
53.655707304116866,53.91526247313954,0.2595551690226756,0.48374195787138674
53.671377968127494,53.92931143857492,0.2579334704474263,0.48057918431048846
53.687048632138115,53.930518522368764,0.24346989023064936,0.4534983695954252
53.70271929614874,53.919375987174085,0.21665669102534224,0.403437095672136
53.718389960159364,53.919375987174085,0.20098602701472146,0.3741475259474161
53.73406062416999,54.1124334085225,0.3783727843525071,0.704158181900573
53.74973128818061,54.1124334085225,0.3627021203418863,0.6747980160072787
53.76540195219124,54.10778931388517,0.34238736169393036,0.636817264006293
53.78107261620186,54.0961961785858,0.31512356238393835,0.5859376673885927
53.79674328021248,54.105786269449524,0.3090429892370423,0.5744641225349314
53.81241394422311,54.099877858011276,0.2874639137881658,0.5341962805945184
53.82808460823373,54.095275266045675,0.26719065781194473,0.49637779192142073
53.84375527224436,54.095275266045675,0.25151999380131684,0.4671293681682927
53.85942593625498,54.10214119131407,0.24271525505908897,0.4506458263152549
53.87509660026561,54.59928914707566,0.7241925468100519,1.3442064933698543
53.89076726427623,54.89211448558331,1.0013472213070855,1.8581053344380027
53.906437928286856,54.391437153056565,0.4849992247697088,0.8997055702603016
53.92210859229748,54.40713297641651,0.48502438411903626,0.8994907595069821
53.937779256308104,54.58509387230838,0.6473146160002727,1.200113584440109
53.953449920318725,54.57375122016139,0.6203012998426658,1.1496971940788943
53.96912058432935,54.57375122016139,0.6046306358320379,1.120327011605226
53.984791248339974,54.57375122016139,0.5889599718214171,1.0909738802398863
54.0004619123506,54.359234212616535,0.3587723002659331,0.664387465515137
54.01613257636122,54.359234212616535,0.3431016362553123,0.6351836384625987
54.03180324037185,54.36415150207514,0.332348261703288,0.615097482911623
54.04747390438247,54.36415150207514,0.31667759769266723,0.5859248819897006
54.0631445683931,54.32166217001932,0.25851760162622384,0.4781771457988051
54.07881523240372,54.32166217001932,0.24284693761560305,0.4490611278593444
54.09448589641434,54.31943532313928,0.22494942672494034,0.4158453916277096
54.11015656042497,54.31943532313928,0.20927876271431245,0.3867642897699071
54.12582722443559,54.31943532313928,0.19360809870369167,0.3577000271993729
54.14149788844622,54.31943532313928,0.17793743469306378,0.3286525892942382
54.15716855245684,54.31943532313928,0.162266770682443,0.29962196144961084
54.172839216467466,54.31943532313928,0.1465961066718151,0.27060812907744514
54.18850988047809,54.31943532313928,0.13092544266119432,0.24161107760662273
54.204180544488715,54.514081371477914,0.30990082698919963,0.5717286450532074
54.219851208499335,54.514081371477914,0.29423016297857885,0.5426613249954036
54.23552187250996,54.514081371477914,0.27855949896795096,0.5136108022022053
54.251192536520584,54.53269913981122,0.28150660329063726,0.5188947747114201
54.26686320053121,54.53269913981122,0.26583593928000937,0.4898678928569564
54.28253386454183,54.531193502614855,0.24865963807302194,0.4580840656656416
54.29820452855246,54.55749330922044,0.2592887806679798,0.47752735641863436
54.31387519256308,54.568556863708196,0.2546816711451143,0.4689071995731702
54.32954585657371,54.57084098037361,0.24129512379990103,0.4441324145003967
54.34521652058433,54.958933865201445,0.6137173446171147,1.1292941383068316
54.36088718459496,54.958933865201445,0.5980466806064868,1.1001415016934528
54.37655784860558,54.57084098037361,0.19428313176803158,0.35729207484767944
54.3922285126162,54.56482866511669,0.1726001525004932,0.3173250245859275
54.40789917662683,54.57084098037361,0.1629418037467829,0.2994818881313861
54.42356984063745,54.57084098037361,0.14727113973616213,0.2706017634774786
54.439240504648076,54.57568857719984,0.13644807255176516,0.2506428658572397
54.4549111686587,54.57568857719984,0.12077740854114438,0.22179341761677016
54.470581832669325,54.537505208701866,0.06692337603254117,0.12286150391807113
54.486252496679946,54.53852392556195,0.0522714288820012,0.09593507809182932
54.50192316069057,54.551788285515805,0.04986512482523153,0.09149241335615231
54.517593824701194,54.5563231086532,0.038729283952008586,0.07103997303428469
54.53326448871182,54.5563231086532,0.023058619941380698,0.04228358627999199
54.54893515272244,54.5563231086532,0.007387955930759915,0.013543721632834101
54.56460581673307,54.54497694835573,0.019628868377338904,0.03597362811208912
54.58027648074369,54.54497694835573,0.03529953238795969,0.06467452102484972
54.59594714475432,54.56326284035832,0.032684304395999675,0.059865807088832684
54.61161780876494,54.56326284035832,0.04835496840662046,0.0885433729063776
54.62728847277557,54.572495554670525,0.0547929181050435,0.10030319943914198
54.64295913678619,54.56647841805163,0.0764807187345582,0.13996445277259995
54.65862980079682,54.56647841805163,0.09215138274518608,0.16859438862816625
54.67430046480744,54.57112251268896,0.1031779521184788,0.1887138038188381
54.68997112881806,54.52106303239623,0.16890809642183058,0.3088465635207238
54.705641792828686,54.51796683675538,0.18767495607330886,0.34306325622508466
54.72131245683931,55.65578886808468,0.9344764112453703,1.7077010204797733
54.736983120849935,55.777759129239016,1.0407760083890807,1.9014128091261893
54.752653784860556,55.70672062799756,0.9540668431370065,1.74250338054082
54.768324448871184,55.693950630382204,0.9256261815110207,1.690075770667654
54.783995112881804,55.693950630382204,0.9099555175003999,1.6609878772540172
54.79966577689243,55.6974779717904,0.8978121948979663,1.6383534136015658
54.81533644090305,56.109589547269685,1.2942531063666323,2.361114955049084
54.83100710491368,55.78343380901696,0.9524267041032815,1.7370220873034625
54.8466777689243,55.77138923348556,0.9247114645612555,1.6859935773269201
54.86234843293493,55.77138923348556,0.9090408005506276,1.6569483926884048
54.87801909694555,55.70181810055172,0.8237990036061689,1.5011456629855298
54.89368976095618,55.651803349243316,0.7581135882871379,1.3810578075339284
54.9093604249668,55.801668227843386,0.8923078028765872,1.6250559029838247
54.92503108897743,55.78212077756429,0.8570896885868606,1.5604719225345414
54.94070175298805,55.78212077756429,0.8414190245762398,1.5315039628711655
54.956372416998676,55.78212077756429,0.825748360565612,1.5025525234816954
54.972043081009296,55.78212077756429,0.8100776965549912,1.4736175902380486
54.98771374501992,56.09166379096459,1.1039500459446714,2.0076303791492935
55.003384409030545,56.17671215735843,1.1733277483278854,2.133191913432961
55.019055073041166,56.17671215735843,1.1576570843172647,2.1041020838696776
55.034725737051794,56.18420533709615,1.1494796000443586,2.088644187192666
55.050396401062414,56.19324311887671,1.1428467178142938,2.076000887420019
55.06606706507304,56.19660199681619,1.1305349317431492,2.0530518920248397
55.08173772908366,56.20208008309182,1.1203423540081587,2.0339633428387787
55.09740839309429,56.20208008309182,1.1046716899975308,2.0049431038865095
55.11307905710491,56.20208008309182,1.08900102598691,1.9759393679648196
55.12874972111554,56.20208008309182,1.0733303619762822,1.9469521210004381
55.14442038512616,56.20208008309182,1.0576596979656614,1.917981348936145
55.16009104913679,56.20208008309182,1.0419890339550335,1.8890270377306415
55.17576171314741,56.21052917236175,1.0347674592143434,1.8754022184487154
55.19143237715804,56.12238940744173,0.9309570302836931,1.686778164991033
55.20710304116866,56.12772327524401,0.9206202340753507,1.6675756983459757
55.222773705179286,56.12772327524401,0.9049495700647228,1.6387253108582058
55.23844436918991,56.13795709877776,0.8995127295878547,1.6284179249797481
55.254115033200534,56.14270339401204,0.8885883608115037,1.6081849474515657
55.269785697211155,56.28316008765672,1.0133743904455628,1.8335051921446048
55.28545636122178,56.28316008765672,0.9977037264349349,1.8046404825098672
55.301127025232404,56.287267220688456,0.986140195456052,1.7832189839568784
55.316797689243025,56.29235117717334,0.9755534879303127,1.7635754936696564
55.33246835325365,56.30465646619059,0.9721881129369407,1.7569939347912251
55.34813901726427,56.30835661140839,0.9602175941441189,1.734868798108291
55.3638096812749,56.30835661140839,0.944546930133491,1.7060728580117108
55.37948034528552,56.316168315138704,0.9366879698531818,1.6913989875185287
55.39515100929615,56.316168315138704,0.9210173058425539,1.6626316366354759
55.41082167330677,56.32589807996279,0.91507640665602,1.6514398794718517
55.4264923373174,56.32589807996279,0.8994057426453921,1.6227000928937418
55.44216300132802,56.32589807996279,0.8837350786347713,1.5939765528513075
55.45783366533865,56.329481856514725,0.8716481911760781,1.5717314102747966
55.47350432934927,56.3389418351119,0.8654375057626353,1.5600916441558927
55.489174993359896,56.3487477556143,0.8595727622544018,1.549081892742616
55.50484565737052,56.35869828567587,0.8538526283053542,1.5383388931052198
55.520516321381145,56.35869828567587,0.8381819642947264,1.5096797001002304
55.536186985391765,56.35869828567587,0.8225113002841056,1.4810366806429454
55.55185764940239,56.35869828567587,0.8068406362734777,1.4524098210461147
55.567528313413014,56.35408858766469,0.7865602742516771,1.4155034390144279
55.583198977423635,56.35414081220368,0.7709418347800465,1.387005154369006
55.59886964143426,56.346567664799686,0.7476980233654231,1.3448079577650476
55.61454030544489,56.31866838566265,0.7041280802177567,1.266086308275787
55.63021096945551,56.31866838566265,0.688457416207136,1.2375603187720112
55.64588163346613,56.32440130285112,0.6785196693849898,1.2193528963281255
55.66155229747676,56.32440130285112,0.6628490053743619,1.1908561260236539
55.67722296148738,56.322484413357756,0.6452614518703754,1.1589325356918585
55.69289362549801,56.322484413357756,0.6295907878597475,1.1304688028842167
55.70856428950863,56.322484413357756,0.6139201238491268,1.102021083614147
55.72423495351926,56.455686058717795,0.7314511051985377,1.3126265543325202
55.73990561752988,56.45800071219709,0.7180950946672127,1.2882962156315096
55.755576281540506,56.447248549072874,0.6916722675323683,1.2405436615698051
55.77124694555113,56.447248549072874,0.6760016035217475,1.212096986430518
55.786917609561755,56.447248549072874,0.6603309395111197,1.1836662927545227
55.802588273572375,56.447248549072874,0.6446602755004989,1.1552515670779457
55.818258937583,56.447248549072874,0.628989611489871,1.1268527959519816
55.833929601593624,56.447248549072874,0.6133189474792502,1.098469965942975
55.84960026560425,56.447248549072874,0.5976482834686223,1.0701030636322966
55.86527092961487,56.447248549072874,0.5819776194580015,1.0417520756164236
55.8809415936255,56.44290016717913,0.5619585735536319,1.0056354770116043
55.89661225763612,56.44678802145027,0.5501757638141456,0.9842738970982722
55.91228292164675,56.44678802145027,0.5345050998035177,0.9559708026097804
55.92795358565737,56.44678802145027,0.5188344357928969,0.9276835688226417
55.94362424966799,56.407346294666354,0.463722044998363,0.8289095517459526
55.95929491367862,56.407346294666354,0.4480513809877351,0.8006737427247569
55.97496557768924,56.407346294666354,0.43238071697711433,0.7724537434096336
55.99063624169987,56.407346294666354,0.41671005296648644,0.7442495405260914
56.00630690571049,56.407346294666354,0.40103938895586566,0.7160611208145472
56.021977569721116,56.407346294666354,0.3853687249452378,0.6878884710302028
56.03764823373174,56.407346294666354,0.369698060934617,0.6597315779431265
56.053318897742365,56.407346294666354,0.3540273969239891,0.6315904283381303
56.068989561752986,56.407346294666354,0.3383567329133683,0.6034650090148507
56.08466022576361,56.39679421806895,0.3121339923053341,0.5565407565078715
56.100330889774234,56.40292327991533,0.3025923901410934,0.5393771932212416
56.11600155378486,56.40292327991533,0.2869217261304655,0.5113010873653621
56.13167221779548,56.38833119057826,0.2566589727827804,0.4572444800627399
56.14734288180611,56.39310316634846,0.24576028454234944,0.4377059927122307
56.16301354581673,56.46870545554069,0.30569190972396143,0.5442939942575975
56.17868420982736,56.46870545554069,0.29002124571333354,0.5162478434526951
56.19435487383798,56.46870545554069,0.27435058170271276,0.48821733485268687
56.21002553784861,56.46870545554069,0.25867991769208487,0.460202455374984
56.22569620185923,56.46870545554069,0.2430092536814641,0.43220319195163376
56.24136686586985,56.46870545554069,0.2273385896708433,0.40421953152920975
56.25703752988048,56.46870545554069,0.21166792566021542,0.3762514610688302
56.2727081938911,56.70455045841027,0.43184226451916885,0.7674097771005256
56.288378857901726,56.70455045841027,0.41617160050854096,0.7393561672102039
56.30404952191235,56.70455045841027,0.4005009364979202,0.7113181732018292
56.319720185922975,56.709195556153645,0.38947537023067014,0.6915435107719496
56.335390849933596,56.709195556153645,0.37380470622004935,0.6635344151881215
56.351061513944224,56.709195556153645,0.35813404220942147,0.6355408977003923
56.366732177954844,56.71667056615405,0.349938388199206,0.6208243314414946
56.38240284196547,56.71667056615405,0.3342677241885781,0.5928582453740023
56.39807350597609,56.71667056615405,0.3185970601779573,0.5649077005160432
56.41374416998672,56.87615662702649,0.4624124570397683,0.8196804942540603
56.42941483399734,57.010091263288075,0.5806764292907332,1.0290314563759924
56.44508549800797,57.010091263288075,0.5650057652801053,1.000983097633974
56.46075616201859,57.010091263288075,0.5493351012694845,0.9729503085171657
56.47642682602922,57.010091263288075,0.5336644372588566,0.944933076065106
56.49209749003984,57.00367316470725,0.5115756746674123,0.9055703317753577
56.50776815405047,57.002981318187025,0.49521316413655825,0.876362985681043
56.52343881806109,57.002981318187025,0.47954250012593747,0.848395833929177
56.53910948207171,57.010275256586254,0.4711657745145459,0.8333448807925606
56.55478014608234,57.01426620854303,0.4594860624606909,0.8124619373885417
56.57045081009296,57.01577919474064,0.44532838464768076,0.7872102454029374
56.586121474103585,57.01577919474064,0.4296577206370529,0.7592987634497693
56.601792138114206,57.01577919474064,0.4139870566264321,0.7314027365357284
56.617462802124834,57.01577919474064,0.3983163926158042,0.7035221518277848
56.633133466135455,57.01577919474064,0.3826457286051834,0.6756569965071624
56.64880413014608,57.01887917414009,0.3700750439940066,0.6532795346284608
56.6644747941567,57.0332047607416,0.368729966584894,0.6507251111465658
56.68014545816733,57.0332047607416,0.3530593025742661,0.6228976649942453
56.69581612217795,57.0320080806169,0.33619195843894545,0.5929748990903683
56.71148678618858,57.0320080806169,0.32052129442831756,0.5651787893284025
56.7271574501992,57.0320080806169,0.3048506304176968,0.537398036708124
56.74282811420983,57.251347139229516,0.5085190250196874,0.8961820232085709
56.75849877822045,57.26201127535295,0.5035124971324976,0.8871138384049491
56.77416944223108,57.26201127535295,0.4878418331218697,0.8592672300001837
56.7898401062417,57.26697692480807,0.4771368185663718,0.8401798942799459
56.805510770252326,57.26697692480807,0.4614661545557439,0.8123615971382175
56.82118143426295,57.28483826124178,0.46365682697883415,0.8159929365693388
56.83685209827357,57.3239020905271,0.4870499922535316,0.8569264029812902
56.852522762284195,57.33414236402663,0.48161960174243745,0.8471384880425087
56.868193426294816,57.345929582912696,0.4777361566178797,0.84007619696423
56.883864090305444,57.38886718878773,0.505003098482284,0.8877791735114391
56.899534754316065,57.38886718878773,0.4893324344716632,0.8599937355982428
56.91520541832669,57.39793668658113,0.48273126825444024,0.8481587032961859
56.93087608233731,57.39793668658113,0.46706060424381945,0.8203994675373071
56.94654674634794,57.425611163727986,0.47906441738004446,0.8412527971430814
56.96221741035856,57.43428375620021,0.47206634584164675,0.8287359012744501
56.97788807436919,57.43521165745,0.45732358308080734,0.8026334399827093
56.99355873837981,57.439758141942,0.4461994035621899,0.7828944418270138
57.00922940239044,57.45212548629649,0.4428960839060494,0.7768848808320824
57.02490006640106,57.47506557097983,0.45016550457877,0.7894191906598473
57.04057073041169,57.47923495745467,0.4386642270429846,0.7690389865070316
57.05624139442231,57.47923495745467,0.4229935630323638,0.7413624744543981
57.071912058432936,57.50782527321089,0.43591321477795475,0.7637964088738539
57.08758272244356,57.51589382939479,0.4283111069512344,0.7502701752737677
57.103253386454185,57.52667718255925,0.4234237961050624,0.7415055552780561
57.118924050464805,57.58387680138515,0.4649527509203466,0.8140082444647572
57.134594714475426,57.58387680138515,0.4492820869097258,0.7863573534650404
57.150265378486054,57.59908704313458,0.448821664648527,0.7853360989247197
57.165936042496675,57.59908704313458,0.43315100063790624,0.7577082273539708
57.1816067065073,57.607054173982156,0.4254474674748536,0.7440285294159764
57.197277370517924,57.619708401349406,0.4224310308314827,0.7385509420230251
57.21294803452855,57.62317772656183,0.4102296920332762,0.7170224680359046
57.22861869853917,57.63293981275451,0.40432111421533534,0.706501613021906
57.2442893625498,57.63293981275451,0.38865045020470745,0.6789331381917185
57.25996002656042,57.61140793759615,0.35144791103572715,0.6137760328032112
57.27563069057105,57.63735245871248,0.36172176814142887,0.631545674452044
57.29130135458167,57.63735245871248,0.3460511041308081,0.6040203241135381
57.3069720185923,57.64562326791709,0.3386512493247906,0.5909424933757115
57.32264268260292,57.64562326791709,0.32298058531416984,0.5634432925615841
57.338313346613546,57.614059360599065,0.27574601398551835,0.48091057774688484
57.35398401062417,57.614059360599065,0.26007534997489756,0.4534564676914538
57.369654674634795,57.614059360599065,0.24440468596426967,0.4260173559530416
57.385325338645416,57.63718520485738,0.25185986621196577,0.4388924602686777
57.40099600265604,57.6415954759372,0.24059947328115783,0.41915557226572314
57.416666666666664,57.692398892885585,0.2757322262189206,0.4802302923987005
68.9,67.83664301084741,1.0633569891525951,1.5433338013825764
57.416666666666664,57.159026205027814,0.2576404616388501,0.4487206879051091
0.0,14.856831797545043,14.856831797545043,1485.6831797545044
