ts,voltage,current,power,power_factor,active_power,energy,frequency
2024-01-01 00:00:00+00:00,230.30594495986097,2.4188595160140993,0.5125115084359168,0.92,0.5125115084359168,0.008541858473931945,50.02225938341758
2024-01-01 00:01:00+00:00,228.9370602375634,2.4085898571260227,0.5078795663948132,0.9210469849010751,0.5078795663948132,0.017006517913845498,50.00267071604253
2024-01-01 00:02:00+00:00,230.39502710990058,2.450220254517035,0.5205384417348783,0.9220926942123238,0.5205384417348783,0.025682158609426804,50.010932933194766
2024-01-01 00:03:00+00:00,230.18000277749442,2.411789905911411,0.5124749988057207,0.9231358538980297,0.5124749988057207,0.03422340858952215,49.99994688398406
2024-01-01 00:04:00+00:00,230.96790906613634,2.4722325578438213,0.5277099357180072,0.924175193028802,0.5277099357180072,0.04301857418482227,50.01715423051933
2024-01-01 00:05:00+00:00,230.4083547836371,2.341205064157406,0.4990886982814219,0.9252094453300079,0.4990886982814219,0.0513367191561793,49.99703283642308
2024-01-01 00:06:00+00:00,229.55374846096038,2.498306594456099,0.5311930855450518,0.9262373507245328,0.5311930855450518,0.060189937248596836,50.02317251033078
2024-01-01 00:07:00+00:00,230.158066728288,2.462947623211077,0.5256320104259257,0.9272576568679901,0.5256320104259257,0.0689504707556956,50.00892986961275
2024-01-01 00:08:00+00:00,228.335166555868,2.415727109386254,0.5120290250802841,0.9282691206745101,0.5120290250802841,0.07748428784036701,49.96834658678489
2024-01-01 00:09:00+00:00,230.3375059936535,2.380473738693076,0.5095305286766025,0.9292705098312485,0.5095305286766025,0.08597646331831038,49.983081827383856
2024-01-01 00:10:00+00:00,230.94527507044458,2.4429787233468088,0.5248478172115406,0.9302606042997701,0.5248478172115406,0.09472392693850272,50.013768803544814
2024-01-01 00:11:00+00:00,232.275388565385,2.427428467664725,0.5250617936114312,0.9312381978024774,0.5250617936114312,0.10347495683202658,50.005520804615294
2024-01-01 00:12:00+00:00,231.9812846570531,2.4522170902329075,0.5303003827477522,0.932202099292274,0.5303003827477522,0.11231329654448911,50.017149847454036
2024-01-01 00:13:00+00:00,229.5254938147834,2.3327671924199067,0.49963668431934066,0.9331511344036724,0.49963668431934066,0.12064057461647812,49.98188442110317
2024-01-01 00:14:00+00:00,231.71279234438327,2.441306458469358,0.5283945290259803,0.9340841468835768,0.5283945290259803,0.12944715010024446,49.984088024075376
2024-01-01 00:15:00+00:00,231.05780930196127,2.3933367472929397,0.5170542012775482,0.935,0.5170542012775482,0.13806472012153692,50.00464373454815
2024-01-01 00:16:00+00:00,229.40778404974478,2.3884804351747775,0.5128119788899296,0.9358975779269962,0.5128119788899296,0.14661158643636907,50.00064317199315
2024-01-01 00:17:00+00:00,229.37908062187321,2.3399051889539617,0.5027912662885553,0.9367757871041225,0.5027912662885553,0.15499144087451167,50.00036860471592
2024-01-01 00:18:00+00:00,230.07526905166944,2.4267583190085706,0.5235155762382433,0.9376335575687742,0.5235155762382433,0.16371670047848239,49.96838869992834
2024-01-01 00:19:00+00:00,230.9051706749602,2.4983252645913745,0.541380937862797,0.9384698442597698,0.541380937862797,0.172739716109529,50.0038075564651
2024-01-01 00:20:00+00:00,231.19359236543872,2.4939317458836516,0.5415731307335117,0.9392836282905962,0.5415731307335117,0.18176593495508753,50.02893834311448
2024-01-01 00:21:00+00:00,230.75792369200437,2.4492025126276578,0.5313042898815277,0.9400739181907658,0.5313042898815277,0.190621006453113,50.00952859632861
2024-01-01 00:22:00+00:00,231.0621778812495,2.386255863360565,0.5187540846550147,0.9408397511137699,0.5187540846550147,0.19926690786402992,50.00715221645058
2024-01-01 00:23:00+00:00,230.53816393148392,2.356396709753067,0.5115034323030971,0.9415801940101596,0.5115034323030971,0.20779196506908154,50.031364025608276
2024-01-01 00:24:00+00:00,229.84018446985357,2.3613892400361136,0.5114228478068508,0.9422943447643218,0.5114228478068508,0.21631567919919573,49.993572873446375
2024-01-01 00:25:00+00:00,229.81688191185717,2.433814533479239,0.5274393213234806,0.9429813332935694,0.5274393213234806,0.22510633455458706,49.96336839367506
2024-01-01 00:26:00+00:00,231.53107428272008,2.4704910365909676,0.5397579650307909,0.9436403226082017,0.5397579650307909,0.23410230063843357,50.01989777789503
2024-01-01 00:27:00+00:00,230.18949430676204,2.3910619938090636,0.5197239874378047,0.9442705098312485,0.5197239874378047,0.24276436709573032,50.01213206855579
2024-01-01 00:28:00+00:00,231.45558872716967,2.43459275475008,0.5324349740479325,0.9448711271766513,0.5324349740479325,0.25163828332986254,49.996560865432336
2024-01-01 00:29:00+00:00,231.62194699319812,2.483760532106349,0.5439062697444613,0.9454414428846928,0.5439062697444613,0.26070338782560354,50.034152086876055
2024-01-01 00:30:00+00:00,232.1165187965668,2.4304825048140146,0.5336799074081712,0.9459807621135332,0.5336799074081712,0.2695980529490731,49.9792013486122
2024-01-01 00:31:00+00:00,231.5897777323696,2.4206046530453778,0.5305893861341071,0.9464884277857678,0.5305893861341071,0.2784412093846415,50.01417787737158
2024-01-01 00:32:00+00:00,230.53745598395534,2.38618347812812,0.5209292191021703,0.9469638213889751,0.5209292191021703,0.28712336303634434,49.993929574816924
2024-01-01 00:33:00+00:00,227.79375948856094,2.519290095469156,0.5436962017311295,0.9474063637292781,0.5436962017311295,0.2961849663985298,50.01729812904589
2024-01-01 00:34:00+00:00,231.19321653768537,2.5423316767401047,0.5570973719388054,0.9478155156370036,0.5570973719388054,0.3054699225975099,49.99429006313446
2024-01-01 00:35:00+00:00,232.3969939439075,2.4970008812002447,0.5502308407120848,0.9481907786235773,0.5502308407120848,0.31464043660937796,50.02170093869061
2024-01-01 00:36:00+00:00,231.5772579169045,2.469130209914876,0.5423651149772478,0.9485316954888546,0.5423651149772478,0.3236798551923321,49.96920494747792
2024-01-01 00:37:00+00:00,232.9516584906442,2.42794094138261,0.5366559223057467,0.9488378508781496,0.5366559223057467,0.33262412056409457,49.98101309189016
2024-01-01 00:38:00+00:00,232.1482458508665,2.4066448150795425,0.5302655817151433,0.94910887178828,0.5302655817151433,0.341461880259347,49.99725271427982
2024-01-01 00:39:00+00:00,231.42133139472418,2.451447715963409,0.5385795122384154,0.9493444280220142,0.5385795122384154,0.35043820546332055,50.02506325115547
2024-01-01 00:40:00+00:00,231.4174621120385,2.4578660378425345,0.5400942272872125,0.9495442325903662,0.5400942272872125,0.35943977591810744,50.038430854006826
2024-01-01 00:41:00+00:00,230.52766033800935,2.4508932107444195,0.5365837878819131,0.9497080420622471,0.5365837878819131,0.36838283904947267,49.9833548716189
2024-01-01 00:42:00+00:00,231.54306150940445,2.4332537605078275,0.535140282458745,0.9498356568610482,0.535140282458745,0.3773018437571184,49.980644850530005
2024-01-01 00:43:00+00:00,231.9320093926794,2.4895526871930103,0.5484944133383153,0.9499269215077948,0.5484944133383153,0.386443417312757,50.01564016028022
2024-01-01 00:44:00+00:00,231.3893449634267,2.5028825512137196,0.5501727524437712,0.9499817248105729,0.5501727524437712,0.3956129631868199,50.032074964801886
2024-01-01 00:45:00+00:00,232.43058084310388,2.44561199690067,0.5400132661086617,0.9500000000000001,0.5400132661086617,0.4046131842886309,49.97792620664155
2024-01-01 00:46:00+00:00,233.1326845363037,2.5252397641884627,0.5592693701618708,0.9499817248105729,0.5592693701618708,0.41393434045799543,49.985263302735916
2024-01-01 00:47:00+00:00,231.27787859265823,2.445528876978731,0.5372755612132143,0.9499269215077948,0.5372755612132143,0.42288893314488235,49.981738010418866
2024-01-01 00:48:00+00:00,232.97026359288196,2.3603068189345815,0.5222968674597196,0.9498356568610482,0.5222968674597196,0.4315938809358777,50.00524710233356
2024-01-01 00:49:00+00:00,230.65006068590222,2.6284457526237155,0.5757616138926086,0.9497080420622471,0.5757616138926086,0.44118990783408785,50.00628541644373
2024-01-01 00:50:00+00:00,231.80371498705554,2.5974018984586342,0.5717086270893402,0.9495442325903662,0.5717086270893402,0.45071838495224353,49.98889531743518
2024-01-01 00:51:00+00:00,232.3097459921269,2.512861517937658,0.5541914117443548,0.9493444280220142,0.5541914117443548,0.4599549084813161,49.98347145658445
2024-01-01 00:52:00+00:00,233.53810884924656,2.491281438767998,0.5522002314774636,0.94910887178828,0.5522002314774636,0.46915824567260717,50.01642482824562
2024-01-01 00:53:00+00:00,231.13368646297738,2.493736339808529,0.546897302588529,0.9488378508781496,0.546897302588529,0.4782732007157493,49.981552108660196
2024-01-01 00:54:00+00:00,231.03567831468092,2.421060861981163,0.530562568324048,0.9485316954888546,0.530562568324048,0.48711591018781675,49.99501463946982
2024-01-01 00:55:00+00:00,231.1270143464777,2.4773189507684035,0.5429106505098092,0.9481907786235773,0.5429106505098092,0.4961644210296469,50.03792210367382
2024-01-01 00:56:00+00:00,233.01046856820608,2.508386215916182,0.5539794471834368,0.9478155156370036,0.5539794471834368,0.5053974118160375,49.97292317493839
2024-01-01 00:57:00+00:00,231.68763292696775,2.4532315275125978,0.5384900555331215,0.9474063637292781,0.5384900555331215,0.5143722460749228,49.99197831227853
2024-01-01 00:58:00+00:00,232.17032808797146,2.5222293271089242,0.5545295237199849,0.9469638213889751,0.5545295237199849,0.5236144048035892,50.010992053662754
2024-01-01 00:59:00+00:00,232.92373278325806,2.4383588050650165,0.5375596498240518,0.9464884277857678,0.5375596498240518,0.5325737323006567,49.98842045373659
2024-01-01 01:00:00+00:00,231.22852823976174,2.479070157298755,0.5422662019388313,0.9459807621135332,0.5422662019388313,0.5416115023329706,49.98857323377635
2024-01-01 01:01:00+00:00,232.37119718496626,2.5463609422461118,0.559418591051056,0.9454414428846928,0.559418591051056,0.5509351455171548,49.983989236299664
2024-01-01 01:02:00+00:00,232.35508819817954,2.498037705420699,0.5484332220591701,0.9448711271766513,0.5484332220591701,0.560075699218141,49.987642699927164
2024-01-01 01:03:00+00:00,231.6667470213478,2.4856187278854907,0.5437442026273342,0.9442705098312485,0.5437442026273342,0.5691381025952633,49.99864821051796
2024-01-01 01:04:00+00:00,233.87968451370776,2.507217764654592,0.5533387007609458,0.9436403226082017,0.5533387007609458,0.5783604142746124,50.03878670730096
2024-01-01 01:05:00+00:00,232.88932262740923,2.4549896088274457,0.5391409651159748,0.9429813332935694,0.5391409651159748,0.5873460970265453,50.05132277230659
2024-01-01 01:06:00+00:00,233.27892080905903,2.4862763276070905,0.5465268174864184,0.9422943447643218,0.5465268174864184,0.5964548773179856,50.01553363590463
2024-01-01 01:07:00+00:00,233.0328081426359,2.4522745116105904,0.5380758091566478,0.9415801940101596,0.5380758091566478,0.6054228074705964,49.99523856041801
2024-01-01 01:08:00+00:00,233.25988911984626,2.5012583750137827,0.5489266032628837,0.9408397511137699,0.5489266032628837,0.6145715841916445,50.01635823326963
2024-01-01 01:09:00+00:00,232.82443755881985,2.540746752489766,0.5560987837631632,0.9400739181907658,0.5560987837631632,0.6238398972543638,49.97977579184317
2024-01-01 01:10:00+00:00,232.834201398669,2.489619181009555,0.544473126059549,0.9392836282905962,0.544473126059549,0.6329144493553563,50.01056219057473
2024-01-01 01:11:00+00:00,232.70460794212283,2.477871074195045,0.5411329896531123,0.9384698442597698,0.5411329896531123,0.6419333325162415,50.0050478689163
2024-01-01 01:12:00+00:00,233.02408369097444,2.5164677445389776,0.5498260587512671,0.9376335575687742,0.5498260587512671,0.651097100162096,49.9821194872447
2024-01-01 01:13:00+00:00,231.47888102590372,2.465011718764885,0.5345225351852079,0.9367757871041225,0.5345225351852079,0.6600058090818495,49.96286067085696
2024-01-01 01:14:00+00:00,233.33894815107473,2.5388972810931754,0.5544478320323725,0.9358975779269962,0.5544478320323725,0.669246606282389,50.01564613978701
2024-01-01 01:15:00+00:00,233.7169854590584,2.485561223562156,0.5431582143824589,0.935,0.5431582143824589,0.6782992431887633,50.05215802948753
2024-01-01 01:16:00+00:00,231.8378366554162,2.4688261359708887,0.5346392308781146,0.9340841468835768,0.5346392308781146,0.687209897036732,49.96954415663422
2024-01-01 01:17:00+00:00,234.53329509087266,2.5030823181937216,0.5478121067039466,0.9331511344036724,0.5478121067039466,0.696340098815131,50.00368816385628
2024-01-01 01:18:00+00:00,232.57276087066361,2.559175634749225,0.554841602403445,0.932202099292274,0.554841602403445,0.7055874588551885,50.02238370159037
2024-01-01 01:19:00+00:00,233.14383861609247,2.515587888527789,0.5461654448930071,0.9312381978024774,0.5461654448930071,0.7146902162700719,49.96754418303091
2024-01-01 01:20:00+00:00,233.24109456031377,2.5047798547484605,0.5434746129246103,0.9302606042997701,0.5434746129246103,0.723748126485482,49.992510680254064
2024-01-01 01:21:00+00:00,231.95984156111848,2.4735164658197135,0.5331749836677373,0.9292705098312485,0.5331749836677373,0.7326343762132776,50.040160747774244
2024-01-01 01:22:00+00:00,233.63976866689742,2.4499261052816546,0.5313414010772242,0.9282691206745101,0.5313414010772242,0.7414900662312314,49.97257136647307
2024-01-01 01:23:00+00:00,233.65073376698084,2.483391313879636,0.538037734339327,0.9272576568679901,0.538037734339327,0.7504573618035535,49.985735906319505
2024-01-01 01:24:00+00:00,232.77910410010557,2.5190929678047254,0.5431383616948909,0.9262373507245328,0.5431383616948909,0.7595096678318016,50.014359702268166
2024-01-01 01:25:00+00:00,234.3288904030945,2.543988361149333,0.5515450787647881,0.9252094453300079,0.5515450787647881,0.7687020858112148,50.02416860238959
2024-01-01 01:26:00+00:00,233.50267336129463,2.522485097715236,0.5443456707021521,0.924175193028802,0.5443456707021521,0.7777745136562506,49.99206687697988
2024-01-01 01:27:00+00:00,232.68283670869047,2.521884769521613,0.5416954747413679,0.9231358538980297,0.5416954747413679,0.7868027715686068,50.03210305291872
2024-01-01 01:28:00+00:00,233.648721542671,2.414515250966594,0.5201971195057172,0.9220926942123238,0.5201971195057172,0.7954727235603687,50.012191226760315
2024-01-01 01:29:00+00:00,233.3626123165505,2.5369981042922563,0.5452971221246177,0.9210469849010751,0.5452971221246177,0.8045610089291123,49.98514746843529
2024-01-01 01:30:00+00:00,232.40128114350512,2.6204592561947027,0.560278241258085,0.92,0.560278241258085,0.8138989796167471,49.98388565088224
2024-01-01 01:31:00+00:00,233.41572488730014,2.602255009170586,0.5581787139542292,0.918953015098925,0.5581787139542292,0.8232019581826509,49.97383738681776
2024-01-01 01:32:00+00:00,233.73746005214002,2.5475810439451285,0.5465817862741439,0.9179073057876763,0.5465817862741439,0.8323116546205532,49.98492996982598
2024-01-01 01:33:00+00:00,233.50658383449357,2.5350803234273345,0.5427450167513433,0.9168641461019704,0.5427450167513433,0.8413574048997423,50.031921406815634
2024-01-01 01:34:00+00:00,234.95257867077672,2.532210537506227,0.5448694153137661,0.9158248069711981,0.5448694153137661,0.8504385618216385,50.00005008007546
2024-01-01 01:35:00+00:00,234.2334218497454,2.536271173654172,0.5434582931338082,0.9147905546699922,0.5434582931338082,0.8594962000405353,50.00043837297463
2024-01-01 01:36:00+00:00,233.62935725755216,2.548531817948756,0.544065109993969,0.9137626492754672,0.544065109993969,0.8685639518737681,49.98944213829965
2024-01-01 01:37:00+00:00,233.4103891700611,2.3506315436099974,0.5007868782675503,0.91274234313201,0.5007868782675503,0.8769103998448939,49.98369714737693
2024-01-01 01:38:00+00:00,233.28656220108283,2.577547406106851,0.5482303178401978,0.91173087932549,0.5482303178401978,0.8860475718088973,50.00403404495517
2024-01-01 01:39:00+00:00,233.66696901377807,2.5196691079758358,0.5362042306179756,0.9107294901687516,0.5362042306179756,0.8949843089858636,49.990063946565236
2024-01-01 01:40:00+00:00,233.1205512549126,2.5172709137638902,0.5338601708065092,0.90973939570023,0.5338601708065092,0.9038819784993054,50.001870823967884
2024-01-01 01:41:00+00:00,233.7905302509209,2.515293488171022,0.5343990120414918,0.9087618021975227,0.5343990120414918,0.9127886286999969,50.015695513167024
2024-01-01 01:42:00+00:00,233.90063442666917,2.5746367673476325,0.5466842233094376,0.907797900707726,0.5466842233094376,0.9219000324218208,49.969899493948425
2024-01-01 01:43:00+00:00,233.47340625277167,2.4824232136881457,0.5255912872908997,0.9068488655963277,0.5255912872908997,0.9306598872100025,50.0241284231317
2024-01-01 01:44:00+00:00,233.42498500622932,2.5321545358870936,0.5354579933815419,0.9059158531164233,0.5354579933815419,0.9395841870996948,49.96440108027756
2024-01-01 01:45:00+00:00,234.78662901050944,2.561216807562494,0.5442122116734542,0.905,0.5442122116734542,0.9486543906275857,50.004038470022195
2024-01-01 01:46:00+00:00,233.61108933803112,2.5229805700344543,0.5328745675520241,0.9041024220730038,0.5328745675520241,0.9575356334201195,49.96924197401841
2024-01-01 01:47:00+00:00,233.87147265162204,2.488978603401174,0.5257678000837473,0.9032242128958776,0.5257678000837473,0.966298430088182,50.039670408559296
2024-01-01 01:48:00+00:00,233.11281865303914,2.477764505932995,0.5212056551388704,0.9023664424312259,0.5212056551388704,0.9749851910071631,49.992181454114466
2024-01-01 01:49:00+00:00,232.7892808947161,2.476853722632246,0.5198087621185139,0.9015301557402303,0.5198087621185139,0.983648670375805,49.96951097412328
2024-01-01 01:50:00+00:00,233.62679277346467,2.4553365515771204,0.5166800973776047,0.9007163717094039,0.5166800973776047,0.9922600053320983,50.0205034369281
2024-01-01 01:51:00+00:00,233.77248837384158,2.60472295746839,0.547976300847363,0.8999260818092343,0.547976300847363,1.0013929436795543,50.00251050254854
2024-01-01 01:52:00+00:00,234.90982039160573,2.5558980820198545,0.5398608122106717,0.8991602488862301,0.5398608122106717,1.0103906238830656,49.97295723606542
2024-01-01 01:53:00+00:00,233.37410836914788,2.523310178705709,0.5290571996213435,0.8984198059898405,0.5290571996213435,1.0192082438767547,50.00249037469123
2024-01-01 01:54:00+00:00,234.85211124919624,2.5131076811447297,0.5298336381282148,0.8977056552356782,0.5298336381282148,1.0280388045122248,49.98645612410871
2024-01-01 01:55:00+00:00,234.93187983036916,2.488547121937699,0.5244321441883187,0.8970186667064307,0.5244321441883187,1.036779340248697,50.04102467478504
2024-01-01 01:56:00+00:00,234.09198894825437,2.565113411488502,0.5382393367171551,0.8963596773917983,0.5382393367171551,1.0457499958606495,49.99723315829167
2024-01-01 01:57:00+00:00,235.18358476395048,2.572691583719682,0.5419654536397812,0.8957294901687516,0.5419654536397812,1.0547827534213126,50.01511414792453
2024-01-01 01:58:00+00:00,233.06081151377964,2.535080704750642,0.5288671715085185,0.8951288728233489,0.5288671715085185,1.0635972062797878,50.03208989559186
2024-01-01 01:59:00+00:00,233.70058029394306,2.4722385394697706,0.5168433556407274,0.8945585571153073,0.5168433556407274,1.0722112622071334,49.98998397836412
2024-01-01 02:00:00+00:00,234.60573645621054,2.598990865781319,0.5451176505755881,0.8940192378864669,0.5451176505755881,1.0812965563833932,49.981780174669446
2024-01-01 02:01:00+00:00,233.6989416452309,2.476552712756063,0.5171356803727669,0.8935115722142323,0.5171356803727669,1.089915484389606,50.01649769877255
2024-01-01 02:02:00+00:00,234.73252864887112,2.540996586458645,0.53265549564394,0.893036178611025,0.53265549564394,1.0987930759836717,50.01988980407217
2024-01-01 02:03:00+00:00,235.64255810835954,2.606953147499223,0.5483284009907254,0.892593636270722,0.5483284009907254,1.1079318826668505,50.004947066151246
2024-01-01 02:04:00+00:00,234.3925276251387,2.584903080299743,0.5405584900071274,0.8921844843629965,0.5405584900071274,1.116941190833636,50.008252876366214
2024-01-01 02:05:00+00:00,234.00400208844584,2.529378666444826,0.5278482608704932,0.8918092213764228,0.5278482608704932,1.1257386618481442,50.00929525259176
2024-01-01 02:06:00+00:00,233.57747923788563,2.5867174280103966,0.5386242013623345,0.8914683045111454,0.5386242013623345,1.1347157318708498,49.97750490284937
2024-01-01 02:07:00+00:00,236.30225634436482,2.4861148686730656,0.5235350852047375,0.8911621491218504,0.5235350852047375,1.143441316624262,49.96666751502637
2024-01-01 02:08:00+00:00,235.8817908302214,2.56613621711523,0.5392606818922924,0.8908911282117201,0.5392606818922924,1.1524289946558002,50.01235066284992
2024-01-01 02:09:00+00:00,235.4610075769066,2.537697703694029,0.5321924070067828,0.8906555719779858,0.5321924070067828,1.1612988681059133,49.996408298398386
2024-01-01 02:10:00+00:00,234.58446192678267,2.579905684157884,0.5389089832723404,0.8904557674096338,0.5389089832723404,1.1702806844937856,49.97701913894243
2024-01-01 02:11:00+00:00,235.495631256877,2.501027306128314,0.5243650514595385,0.890291957937753,0.5243650514595385,1.1790201020181112,49.99482039807337
2024-01-01 02:12:00+00:00,233.67152342349982,2.56949973822079,0.5344715119867529,0.8901643431389519,0.5344715119867529,1.1879279605512238,50.02190186661961
2024-01-01 02:13:00+00:00,234.11797732327557,2.3756578094651557,0.49504458413897046,0.8900730784922053,0.49504458413897046,1.1961787036202067,50.00135455121878
2024-01-01 02:14:00+00:00,234.3093486365728,2.600686983121836,0.5423462292561678,0.8900182751894272,0.5423462292561678,1.2052178074411428,50.00906162939921
2024-01-01 02:15:00+00:00,234.31850146811723,2.5404131724598695,0.5297865688357895,0.89,0.5297865688357895,1.214047583588406,49.98773531732246
2024-01-01 02:16:00+00:00,234.4953328447449,2.54624451704782,0.5314142972159978,0.8900182751894272,0.5314142972159978,1.222904488542006,49.99500665106765
2024-01-01 02:17:00+00:00,233.37690321611075,2.52967497835928,0.5254704073898488,0.8900730784922053,0.5254704073898488,1.23166232866517,50.01768045604097
2024-01-01 02:18:00+00:00,235.0126739371095,2.6044175629038717,0.5448439002927311,0.8901643431389519,0.5448439002927311,1.2407430603367156,49.97592583157282
2024-01-01 02:19:00+00:00,233.65510075387172,2.485277383579764,0.5169905256547542,0.890291957937753,0.5169905256547542,1.249359569097628,49.974749466265536
2024-01-01 02:20:00+00:00,235.04257138111413,2.6191501784538027,0.5481750713637403,0.8904557674096338,0.5481750713637403,1.2584958202870238,50.00234926138582
2024-01-01 02:21:00+00:00,234.60544261942252,2.57665355924527,0.53839857564222,0.8906555719779858,0.53839857564222,1.2674691298810608,49.98961314982237
2024-01-01 02:22:00+00:00,235.2610293871576,2.6313723362710024,0.5515144956979492,0.8908911282117201,0.5515144956979492,1.2766610381426933,49.9990935423527
2024-01-01 02:23:00+00:00,235.03414377431798,2.6366205478481706,0.5522494880912153,0.8911621491218504,0.5522494880912153,1.285865196277547,50.01020690269721
2024-01-01 02:24:00+00:00,235.27987320122512,2.589428119612597,0.5431184347947715,0.8914683045111454,0.5431184347947715,1.294917170190793,49.98095360259472
2024-01-01 02:25:00+00:00,236.0092263234671,2.602511250357542,0.547764087281692,0.8918092213764228,0.547764087281692,1.3040465716454879,49.96422123098816
2024-01-01 02:26:00+00:00,235.39877276074128,2.668525903524984,0.5604414958330565,0.8921844843629965,0.5604414958330565,1.3133872632427055,50.01729213246497
2024-01-01 02:27:00+00:00,234.27710456705194,2.643377831212447,0.5527679796732741,0.892593636270722,0.5527679796732741,1.3226000629039267,50.00444538321288
2024-01-01 02:28:00+00:00,237.73532915849643,2.552899754090468,0.5419965730914713,0.893036178611025,0.5419965730914713,1.331633339122118,50.00854884517221
2024-01-01 02:29:00+00:00,235.78862626146983,2.521145442902678,0.5311545844834537,0.8935115722142323,0.5311545844834537,1.3404859155301756,50.01088992097144
2024-01-01 02:30:00+00:00,233.58845451154352,2.523542216994713,0.5269978119312259,0.8940192378864669,0.5269978119312259,1.349269212395696,49.98709148896592
2024-01-01 02:31:00+00:00,234.86891338967055,2.603835802698579,0.5470763077859564,0.8945585571153073,0.5470763077859564,1.3583871508587952,50.02277525223559
2024-01-01 02:32:00+00:00,234.2897279271639,2.58630767383422,0.5423991523928503,0.8951288728233487,0.5423991523928503,1.3674271367320094,50.00932902117863
2024-01-01 02:33:00+00:00,236.11670204676713,2.5463004689709017,0.5385341289400878,0.8957294901687516,0.5385341289400878,1.3764027055476775,50.016740898180444
2024-01-01 02:34:00+00:00,235.0474421607976,2.5447725030461905,0.5361506101298139,0.8963596773917983,0.5361506101298139,1.385338549049841,50.019453385200904
2024-01-01 02:35:00+00:00,233.60359105300333,2.6064934636423684,0.5461823170478093,0.8970186667064307,0.5461823170478093,1.3944415876673046,49.956752671452094
2024-01-01 02:36:00+00:00,235.11639558629483,2.5114152559120098,0.5300726595097368,0.8977056552356782,0.5300726595097368,1.403276131992467,49.998354422360904
2024-01-01 02:37:00+00:00,234.75495953490747,2.57208281151572,0.5424741410286913,0.8984198059898405,0.5424741410286913,1.4123173676762784,49.99411414219596
2024-01-01 02:38:00+00:00,234.29746322360282,2.5567857540835246,0.5386405229945186,0.8991602488862301,0.5386405229945186,1.421294709726187,50.01649324525662
2024-01-01 02:39:00+00:00,235.23289430044045,2.574404821095981,0.5449814637255035,0.8999260818092343,0.5449814637255035,1.430377734121612,50.02923458489221
2024-01-01 02:40:00+00:00,234.2134183297912,2.526048304157695,0.5328947975169834,0.9007163717094039,0.5328947975169834,1.4392593140802283,49.98163650047107
2024-01-01 02:41:00+00:00,235.682035393526,2.668620421436959,0.5670136885231747,0.9015301557402303,0.5670136885231747,1.4487095422222813,49.99277892331311
2024-01-01 02:42:00+00:00,234.3331158635706,2.5542190886573297,0.5401007118772507,0.9023664424312259,0.5401007118772507,1.4577112207535687,50.01012501696436
2024-01-01 02:43:00+00:00,233.03502598557978,2.6767506566100847,0.563410181685559,0.9032242128958776,0.563410181685559,1.467101390448328,49.98800548647235
2024-01-01 02:44:00+00:00,235.49778827221846,2.5691035516911107,0.5469984238747501,0.9041024220730038,0.5469984238747501,1.4762180308462407,49.99783128623927
2024-01-01 02:45:00+00:00,235.28018804511785,2.6665636359598897,0.5677875823011391,0.905,0.5677875823011391,1.4856811572179263,49.995008878094715
2024-01-01 02:46:00+00:00,234.2741646244107,2.644288119188361,0.5612043534576484,0.9059158531164233,0.5612043534576484,1.495034563108887,50.010480233577894
2024-01-01 02:47:00+00:00,234.74664999155857,2.627569385095599,0.5593562697881413,0.9068488655963277,0.5593562697881413,1.504357167605356,49.99114320710706
2024-01-01 02:48:00+00:00,234.70813919761483,2.6267760561152658,0.5596807545477294,0.907797900707726,0.5596807545477294,1.5136851801811515,50.02401235190305
2024-01-01 02:49:00+00:00,234.4039288572152,2.564573807874082,0.5462986826584959,0.9087618021975227,0.5462986826584959,1.5227901582254597,50.01663268593811
2024-01-01 02:50:00+00:00,235.14109352779016,2.674767057577836,0.5721784558122334,0.90973939570023,0.5721784558122334,1.5323264658223303,50.01804986810382
2024-01-01 02:51:00+00:00,237.55256987328616,2.6567576503122505,0.5747792382484685,0.9107294901687516,0.5747792382484685,1.541906119793138,49.99162520229726
2024-01-01 02:52:00+00:00,235.27864034367292,2.70023323838499,0.5792291965999541,0.91173087932549,0.5792291965999541,1.5515599397364706,49.962488336346794
2024-01-01 02:53:00+00:00,235.48253597614988,2.5924779311724775,0.5572139373259678,0.91274234313201,0.5572139373259678,1.5608468386919034,50.03522070637171
2024-01-01 02:54:00+00:00,234.579793050695,2.4849881008184624,0.5326578285211923,0.9137626492754672,0.5326578285211923,1.5697244691672567,49.992774482679444
2024-01-01 02:55:00+00:00,235.49725003268804,2.545762313694965,0.5484352553931997,0.9147905546699922,0.5484352553931997,1.5788650567571434,50.00748375911892
2024-01-01 02:56:00+00:00,235.12002177018113,2.6082396779191477,0.5616289857719318,0.9158248069711981,0.5616289857719318,1.5882255398533422,50.01121485561671
2024-01-01 02:57:00+00:00,235.9582692266591,2.602981478067321,0.5631333782436322,0.9168641461019704,0.5631333782436322,1.5976110961574028,49.96592932414941
2024-01-01 02:58:00+00:00,235.60602227429828,2.6804300361845836,0.5796818324326163,0.9179073057876763,0.5796818324326163,1.6072724600312798,50.00308054138713
2024-01-01 02:59:00+00:00,234.44829275363153,2.588258199846901,0.5576323751153186,0.918953015098925,0.5576323751153186,1.6165663329498685,49.989458807879515
2024-01-01 03:00:00+00:00,235.5275412291626,2.625141524478868,0.5688296783479568,0.92,0.5688296783479568,1.6260468275890012,49.986491660804326
2024-01-01 03:01:00+00:00,234.87859734447062,2.6446372424479945,0.5721255453470964,0.9210469849010751,0.5721255453470964,1.6355822533447861,49.989592188007265
2024-01-01 03:02:00+00:00,235.6022596396945,2.660596943958205,0.5780070298179081,0.9220926942123238,0.5780070298179081,1.6452157038417512,49.98756979098126
2024-01-01 03:03:00+00:00,234.7790104778986,2.7168141403655572,0.5888230680277325,0.9231358538980297,0.5888230680277325,1.6550294216422134,50.0111331152267
2024-01-01 03:04:00+00:00,236.10008298173912,2.700739986898657,0.5892956309049058,0.924175193028802,0.5892956309049058,1.6648510154906286,50.01158912016342
2024-01-01 03:05:00+00:00,234.1224934297621,2.703995343663652,0.5857187649198762,0.9252094453300079,0.5857187649198762,1.6746129949059598,49.96826562230507
2024-01-01 03:06:00+00:00,235.98491234905376,2.5983315052208544,0.5679382077467686,0.9262373507245328,0.5679382077467686,1.6840786317017393,50.01057530430596
2024-01-01 03:07:00+00:00,235.5669426856575,2.585333908552014,0.5647177206998589,0.9272576568679901,0.5647177206998589,1.6934905937134037,50.026818473554634
2024-01-01 03:08:00+00:00,235.27087455024085,2.644697122523703,0.5775878025024641,0.9282691206745101,0.5775878025024641,1.7031170570884449,50.00956220751408
2024-01-01 03:09:00+00:00,234.85767492187603,2.6562219588620484,0.5797106445487281,0.9292705098312485,0.5797106445487281,1.712778901164257,50.01204678601267
2024-01-01 03:10:00+00:00,234.22138877700135,2.5589101112606607,0.5575530699866996,0.9302606042997701,0.5575530699866996,1.722071452330702,49.99822660907899
2024-01-01 03:11:00+00:00,235.5857819374488,2.617527966455498,0.5742502442429146,0.9312381978024774,0.5742502442429146,1.7316422897347505,49.99300537385771
2024-01-01 03:12:00+00:00,234.47912975953443,2.6478451263757683,0.5787711166046892,0.932202099292274,0.5787711166046892,1.7412884750114954,50.01024941953285
2024-01-01 03:13:00+00:00,234.7771158337738,2.5730890606893473,0.5637188664060709,0.9331511344036724,0.5637188664060709,1.7506837894515965,50.00418209736442
2024-01-01 03:14:00+00:00,235.606843102971,2.6047595739972373,0.573246675247268,0.9340841468835768,0.573246675247268,1.7602379007057176,50.04261757451736
2024-01-01 03:15:00+00:00,235.6215183131557,2.6448630573015213,0.582679517087795,0.935,0.582679517087795,1.7699492259905143,49.999317605894255
2024-01-01 03:16:00+00:00,235.1707211020937,2.615049633760888,0.5755612013268052,0.9358975779269962,0.5755612013268052,1.7795419126792944,50.02445887521928
2024-01-01 03:17:00+00:00,234.17277412714287,2.699351240227447,0.5921496222288681,0.9367757871041225,0.5921496222288681,1.7894110730497756,50.03347656543389
2024-01-01 03:18:00+00:00,234.82572983545563,2.663700297806152,0.5864948220653013,0.9376335575687742,0.5864948220653013,1.799185986750864,49.98907931754605
2024-01-01 03:19:00+00:00,235.87291857642342,2.6635373745242608,0.5895996241742224,0.9384698442597698,0.5895996241742224,1.8090126471537677,50.004995914170486
2024-01-01 03:20:00+00:00,234.12359080477628,2.653107300586598,0.5834407296485908,0.9392836282905962,0.5834407296485908,1.8187366593145775,49.994721161389506
2024-01-01 03:21:00+00:00,233.07309119113748,2.590068089445452,0.5674992880192409,0.9400739181907658,0.5674992880192409,1.828194980781565,49.93635526843527
2024-01-01 03:22:00+00:00,234.49672471311416,2.559373848748298,0.5646588868035223,0.9408397511137699,0.5646588868035223,1.8376059622282903,50.01150520664748
2024-01-01 03:23:00+00:00,234.81662514069123,2.4740383344556456,0.5470066185697552,0.9415801940101596,0.5470066185697552,1.846722739204453,50.02283110511377
2024-01-01 03:24:00+00:00,233.86664606739387,2.598781712076998,0.5726966912541027,0.9422943447643218,0.5726966912541027,1.856267684058688,49.962559519028275
2024-01-01 03:25:00+00:00,235.16270536820548,2.613230583968053,0.5794944432331328,0.9429813332935694,0.5794944432331328,1.8659259247792401,50.02883678247891
2024-01-01 03:26:00+00:00,234.74524949265648,2.5685802037688754,0.5689792569323957,0.9436403226082017,0.5689792569323957,1.8754089123947801,49.98817587119425
2024-01-01 03:27:00+00:00,236.47706593315718,2.673750152869576,0.597043916198372,0.9442705098312485,0.597043916198372,1.8853596443314196,49.99849376337021
2024-01-01 03:28:00+00:00,236.74213632673514,2.663292501843526,0.5957540548770017,0.9448711271766513,0.5957540548770017,1.8952888785793696,50.00046578597559
2024-01-01 03:29:00+00:00,233.1028738561555,2.6916741775204502,0.5932049296130569,0.9454414428846928,0.5932049296130569,1.905175627406254,49.99791733838755
2024-01-01 03:30:00+00:00,235.59006736583783,2.7553633118327965,0.6140703839173755,0.9459807621135332,0.6140703839173755,1.9154101338048768,49.986356569872584
2024-01-01 03:31:00+00:00,235.89816347230607,2.584160422379653,0.5769781130204437,0.9464884277857678,0.5769781130204437,1.925026435688551,50.01430207320205
2024-01-01 03:32:00+00:00,235.44192293856057,2.64285209912088,0.5892370449924035,0.9469638213889751,0.5892370449924035,1.934847053105091,50.01753387337747
2024-01-01 03:33:00+00:00,234.48930108150512,2.661179910025559,0.5911988300147324,0.9474063637292781,0.5911988300147324,1.9447003669386698,49.99458777803145
2024-01-01 03:34:00+00:00,235.15541836544577,2.719427161985881,0.6061166787853814,0.9478155156370036,0.6061166787853814,1.9548023115850928,50.0094567384845
2024-01-01 03:35:00+00:00,233.7326057997224,2.613140167894235,0.5791322286184138,0.9481907786235773,0.5791322286184138,1.9644545153953996,49.96960317815112
2024-01-01 03:36:00+00:00,234.8044570990812,2.6787682226046376,0.5966138382570171,0.9485316954888546,0.5966138382570171,1.9743980793663498,49.99529002699107
2024-01-01 03:37:00+00:00,233.99019884474419,2.656224174071083,0.5897315904988477,0.9488378508781496,0.5897315904988477,1.9842269392079972,50.015874081549555
2024-01-01 03:38:00+00:00,235.29256946979945,2.6271852027618383,0.5866984417075969,0.94910887178828,0.5866984417075969,1.9940052465697904,50.0106948618056
2024-01-01 03:39:00+00:00,234.0016928070755,2.704586380588298,0.6008190048850601,0.9493444280220142,0.6008190048850601,2.0040188966512082,50.011919999680586
2024-01-01 03:40:00+00:00,235.55911387571118,2.6314877250287307,0.5885948538864463,0.9495442325903662,0.5885948538864463,2.013828810882649,50.01735292476158
2024-01-01 03:41:00+00:00,234.70710412306957,2.588980926985968,0.5770921963147448,0.9497080420622471,0.5770921963147448,2.0234470141545615,50.01022775101761
2024-01-01 03:42:00+00:00,235.248150968454,2.697917727454436,0.6028418436770292,0.9498356568610482,0.6028418436770292,2.0334943782158454,49.973007958165795
2024-01-01 03:43:00+00:00,234.17923036001594,2.6168897844522383,0.5821353898251191,0.9499269215077948,0.5821353898251191,2.0431966347129307,49.984462455144076
2024-01-01 03:44:00+00:00,233.39368220593627,2.6103142948621967,0.5787581879335836,0.9499817248105729,0.5787581879335836,2.0528426045118238,50.03939913947666
2024-01-01 03:45:00+00:00,234.3751019039781,2.6348776302592136,0.5866722274416899,0.9500000000000001,0.5866722274416899,2.062620474969185,50.034117510494916
2024-01-01 03:46:00+00:00,235.5876571979104,2.7129170992884273,0.6071616141959721,0.9499817248105729,0.6071616141959721,2.072739835205785,50.01387430260756
2024-01-01 03:47:00+00:00,233.98782391595518,2.6727735093031595,0.5940809313688272,0.9499269215077948,0.5940809313688272,2.082641184061932,49.97636334392385
2024-01-01 03:48:00+00:00,233.76074295932503,2.683423554581396,0.5958120405901954,0.9498356568610482,0.5958120405901954,2.0925713847384353,49.94726810513652
2024-01-01 03:49:00+00:00,236.43301539241867,2.6056791125087204,0.5850852751205757,0.9497080420622471,0.5850852751205757,2.102322805990445,49.96714972507803
2024-01-01 03:50:00+00:00,234.91413796667456,2.6023077998348745,0.5804743296174941,0.9495442325903662,0.5804743296174941,2.1119973781507366,50.0101952391443
2024-01-01 03:51:00+00:00,234.74351406095315,2.681688833667418,0.5976209189115451,0.9493444280220142,0.5976209189115451,2.121957726799262,50.02671524255574
2024-01-01 03:52:00+00:00,233.9822159388173,2.64847837253645,0.5881597672130292,0.94910887178828,0.5881597672130292,2.131760389586146,50.037437717174754
2024-01-01 03:53:00+00:00,235.08324341695354,2.6475002765856317,0.5905405025675972,0.9488378508781496,0.5905405025675972,2.1416027312956056,50.00729721919283
2024-01-01 03:54:00+00:00,234.2973144969852,2.6578686975632944,0.5906805637505168,0.9485316954888546,0.5906805637505168,2.1514474073581145,50.0144083518812
2024-01-01 03:55:00+00:00,235.49644436771894,2.634057262899061,0.5881732835522637,0.9481907786235773,0.5881732835522637,2.161250295417319,49.98506016547037
2024-01-01 03:56:00+00:00,234.7388437033486,2.6605370700603244,0.5919405466154891,0.9478155156370036,0.5919405466154891,2.1711159711942436,49.9953593864806
2024-01-01 03:57:00+00:00,233.99791762323068,2.6748490018063626,0.5929902610257587,0.9474063637292781,0.5929902610257587,2.1809991422113395,49.96575535206313
2024-01-01 03:58:00+00:00,235.1742140729117,2.65342105357896,0.5909207756635453,0.9469638213889751,0.5909207756635453,2.190847821805732,49.9999993814424
2024-01-01 03:59:00+00:00,233.2931928884292,2.720582490867957,0.6007299353973393,0.9464884277857678,0.6007299353973393,2.2008599873956878,50.0307116569474
2024-01-01 04:00:00+00:00,233.94998592302085,2.625381634050801,0.5810289484632899,0.9459807621135332,0.5810289484632899,2.2105438032034095,49.98492548110744
2024-01-01 04:01:00+00:00,235.46075872062482,2.689308230043738,0.5986786290420028,0.9454414428846928,0.5986786290420028,2.2205217803541095,50.00553287784777
2024-01-01 04:02:00+00:00,232.8499667534908,2.673215543180936,0.5881427341458406,0.9448711271766513,0.5881427341458406,2.2303241592565404,50.00286476886337
2024-01-01 04:03:00+00:00,234.2615392028303,2.6296756293529544,0.581700719020994,0.9442705098312485,0.581700719020994,2.2400191712402235,49.98165909203848
2024-01-01 04:04:00+00:00,235.5731293336787,2.6618095884627664,0.5917104328342053,0.9436403226082017,0.5917104328342053,2.24988101178746,50.00508992601238
2024-01-01 04:05:00+00:00,233.55427027986005,2.5593074495696078,0.5636550065445625,0.9429813332935694,0.5636550065445625,2.259275261896536,49.96757096182833
2024-01-01 04:06:00+00:00,233.99183774867865,2.690985163111196,0.5933331266228837,0.9422943447643218,0.5933331266228837,2.269164147340251,49.99840563003919
2024-01-01 04:07:00+00:00,233.3137884445721,2.5761637203421253,0.5659410289596276,0.9415801940101596,0.5659410289596276,2.2785964978229116,49.98787044077896
2024-01-01 04:08:00+00:00,233.35752847172202,2.655836746946763,0.5830943730641621,0.9408397511137699,0.5830943730641621,2.288314737373981,50.07016911421511
2024-01-01 04:09:00+00:00,234.3917136193535,2.6168795410512278,0.5766177267260671,0.9400739181907658,0.5766177267260671,2.2979250328194154,49.987330224334855
2024-01-01 04:10:00+00:00,234.11627861317362,2.6306793290478248,0.5784905609706136,0.9392836282905962,0.5784905609706136,2.3075665421689258,50.01628467541609
2024-01-01 04:11:00+00:00,234.23174275554078,2.6635160933442625,0.5854925818290573,0.9384698442597698,0.5854925818290573,2.3173247518660767,49.97188798463054
2024-01-01 04:12:00+00:00,234.9325648816721,2.778502989620952,0.6120504629153184,0.9376335575687742,0.6120504629153184,2.3275255929146654,49.98706725835725
2024-01-01 04:13:00+00:00,234.35678810732537,2.597100953946442,0.5701669321820422,0.9367757871041225,0.5701669321820422,2.3370283751176997,49.97122240550179
2024-01-01 04:14:00+00:00,234.3555073583828,2.597874227846039,0.5697989029914254,0.9358975779269962,0.5697989029914254,2.3465250235008903,49.96493392005287
2024-01-01 04:15:00+00:00,235.5163411897844,2.6548752562103224,0.58462418372518,0.935,0.58462418372518,2.35626875989631,50.01767195970329
2024-01-01 04:16:00+00:00,235.54785068990944,2.718102151991443,0.5980409484098941,0.9340841468835768,0.5980409484098941,2.3662361090364747,49.99359123992789
2024-01-01 04:17:00+00:00,234.36665947658065,2.57877384240027,0.5639765864536429,0.9331511344036724,0.5639765864536429,2.375635718810702,49.996597374591445
2024-01-01 04:18:00+00:00,234.81034371763783,2.674980430716957,0.5855283265249297,0.932202099292274,0.5855283265249297,2.385394524252784,50.02447028968208
2024-01-01 04:19:00+00:00,234.11204484461678,2.728473507324997,0.5948456380249024,0.9312381978024774,0.5948456380249024,2.395308618219866,49.99830812288345
2024-01-01 04:20:00+00:00,233.06003564972022,2.7005039226452134,0.5854869916644669,0.9302606042997701,0.5854869916644669,2.405066734747607,50.0007109255078
2024-01-01 04:21:00+00:00,234.9293209478042,2.608942316575717,0.5695657365874466,0.9292705098312485,0.5695657365874466,2.4145594970240642,50.016208559393945
2024-01-01 04:22:00+00:00,233.11141241804845,2.6495869867235418,0.5733444614400515,0.9282691206745101,0.5733444614400515,2.4241152380480653,49.99231994706656
2024-01-01 04:23:00+00:00,234.10193541773788,2.7028297063908133,0.5867108450037073,0.9272576568679901,0.5867108450037073,2.4338937521314605,50.02883280522382
2024-01-01 04:24:00+00:00,233.19503572091332,2.692171231013041,0.5814927038848,0.9262373507245328,0.5814927038848,2.4435852971962073,49.98686667431108
2024-01-01 04:25:00+00:00,232.6582099141824,2.633814191259111,0.5669484514551502,0.9252094453300079,0.5669484514551502,2.453034438053793,49.977029812599305
2024-01-01 04:26:00+00:00,233.24092210607643,2.755346125499825,0.593929940693696,0.924175193028802,0.593929940693696,2.462933270398688,50.00799721465951
2024-01-01 04:27:00+00:00,233.83037922143592,2.6639116631711035,0.575024530747099,0.9231358538980297,0.575024530747099,2.472517012577806,50.00205362902059
2024-01-01 04:28:00+00:00,234.27272700936203,2.691396935968841,0.581398715119192,0.9220926942123238,0.581398715119192,2.482206991163126,50.01282319679071
2024-01-01 04:29:00+00:00,233.69924455599983,2.692607428902418,0.5795783223147396,0.9210469849010751,0.5795783223147396,2.4918666298683716,49.98445881443022
2024-01-01 04:30:00+00:00,233.87377250467588,2.7881606477306202,0.5999114371111336,0.92,0.5999114371111336,2.5018651538202237,50.016830879102734
2024-01-01 04:31:00+00:00,232.84905013674606,2.6683404638299315,0.5709643858220376,0.918953015098925,0.5709643858220376,2.5113812269172575,49.998944984685494
2024-01-01 04:32:00+00:00,235.0104085179342,2.659994571445427,0.573808099597565,0.9179073057876763,0.573808099597565,2.5209446952438834,49.999221811822586
2024-01-01 04:33:00+00:00,233.61840317357738,2.698855753435114,0.5780850184728398,0.9168641461019704,0.5780850184728398,2.5305794455517643,50.017674295924394
2024-01-01 04:34:00+00:00,234.207309363295,2.6497345935929797,0.5683491615252045,0.9158248069711981,0.5683491615252045,2.5400519315771843,49.97114374425894
2024-01-01 04:35:00+00:00,232.91260242240995,2.6542946539532757,0.5655406050205587,0.9147905546699922,0.5655406050205587,2.549477608327527,49.968551340064955
2024-01-01 04:36:00+00:00,232.8414048294232,2.653042855452356,0.5644661175246759,0.9137626492754672,0.5644661175246759,2.5588853769529383,49.98450560736486
2024-01-01 04:37:00+00:00,234.26152953632703,2.6950656064210277,0.5762600528170776,0.91274234313201,0.5762600528170776,2.5684897111665563,50.00628234370043
2024-01-01 04:38:00+00:00,232.10456285632168,2.6682618992655365,0.5646493040087404,0.91173087932549,0.5646493040087404,2.5779005329000353,49.985740451810926
2024-01-01 04:39:00+00:00,231.857546130041,2.625826629213699,0.5544682506597242,0.9107294901687516,0.5544682506597242,2.5871416704110306,50.00927515270234
2024-01-01 04:40:00+00:00,231.52596191521545,2.6956705214624495,0.5677844687852407,0.90973939570023,0.5677844687852407,2.5966047448907847,49.99510858948574
2024-01-01 04:41:00+00:00,232.1423311014874,2.662293692386837,0.5616430233779007,0.9087618021975227,0.5616430233779007,2.605965461947083,49.99343577653645
2024-01-01 04:42:00+00:00,232.75362760289798,2.6755621617780703,0.565328236832705,0.907797900707726,0.565328236832705,2.615387599227628,49.98674579842159
2024-01-01 04:43:00+00:00,233.1811940818462,2.7161738673796467,0.5743624012301248,0.9068488655963277,0.5743624012301248,2.624960305914797,49.985011021689296
2024-01-01 04:44:00+00:00,232.5180824768693,2.6667065023247725,0.561719903194148,0.9059158531164233,0.561719903194148,2.634322304301366,50.022161517101246
2024-01-01 04:45:00+00:00,234.13721965782958,2.725603032634946,0.5775394299366458,0.905,0.5775394299366458,2.6439479614669765,50.023129171175256
2024-01-01 04:46:00+00:00,232.74636263170544,2.6765018178426034,0.5632070440898413,0.9041024220730038,0.5632070440898413,2.6533347455351404,49.98715522434434
2024-01-01 04:47:00+00:00,232.51178425206473,2.6420193324370054,0.5548512021220501,0.9032242128958776,0.5548512021220501,2.662582265570508,50.001371820567726
2024-01-01 04:48:00+00:00,233.22167407570973,2.762224763961373,0.5813141027583861,0.9023664424312259,0.5813141027583861,2.6722708339498142,49.975133873267374
2024-01-01 04:49:00+00:00,233.91982608436572,2.6552443691889778,0.5599532725600536,0.9015301557402303,0.5599532725600536,2.6816033884924817,49.97875214175606
2024-01-01 04:50:00+00:00,232.73687132969204,2.7265325431892142,0.5715627724780858,0.9007163717094039,0.5715627724780858,2.69112943470045,50.00198617578929
2024-01-01 04:51:00+00:00,233.30762545765165,2.749467539955428,0.5772771522872313,0.8999260818092343,0.5772771522872313,2.7007507205719037,50.01755170341946
2024-01-01 04:52:00+00:00,232.82470275891978,2.7429939479921464,0.5742367796270889,0.8991602488862301,0.5742367796270889,2.7103213335656884,49.98718095964708
2024-01-01 04:53:00+00:00,232.7187392424388,2.6155253959169023,0.546851760043779,0.8984198059898405,0.546851760043779,2.719435529566418,50.003469954635776
2024-01-01 04:54:00+00:00,233.4716982375592,2.7006561415652186,0.5660274523475793,0.8977056552356782,0.5660274523475793,2.7288693204388776,50.020089398217735
2024-01-01 04:55:00+00:00,232.4655512157635,2.6885508469729,0.5606325893946791,0.8970186667064307,0.5606325893946791,2.738213196928789,49.94521844637548
2024-01-01 04:56:00+00:00,232.63398240997412,2.7398738420347746,0.5713286897716479,0.8963596773917983,0.5713286897716479,2.7477353417583164,50.01324578071014
2024-01-01 04:57:00+00:00,231.8755585295806,2.6398097167783603,0.5482826067742296,0.8957294901687516,0.5482826067742296,2.7568733852045537,50.00217431757349
2024-01-01 04:58:00+00:00,232.14953557769584,2.6845011865847566,0.557849419111031,0.8951288728233489,0.557849419111031,2.7661708755230707,50.045475834467865
2024-01-01 04:59:00+00:00,233.57416326167237,2.6018827531654947,0.5436523861168518,0.8945585571153073,0.5436523861168518,2.775231748625018,49.99926582603866
2024-01-01 05:00:00+00:00,232.76604348061812,2.602478225603587,0.5415687461842554,0.8940192378864669,0.5415687461842554,2.784257894394756,49.99487634428099
2024-01-01 05:01:00+00:00,230.9253028623799,2.6921136399439787,0.555475734536172,0.8935115722142323,0.555475734536172,2.793515823303692,50.00284694193291
2024-01-01 05:02:00+00:00,232.39663148356777,2.6221672407569723,0.5442009173315786,0.893036178611025,0.5442009173315786,2.8025858385925515,49.987846779201604
2024-01-01 05:03:00+00:00,234.39031075111157,2.7106384707755597,0.5671070402583989,0.892593636270722,0.5671070402583989,2.812037622596858,49.97766317635636
2024-01-01 05:04:00+00:00,232.50614686882508,2.624962672451555,0.5445179958168406,0.8921844843629965,0.5445179958168406,2.821112922527139,49.970347706159785
2024-01-01 05:05:00+00:00,231.99991666794492,2.76187308740826,0.5714306166761418,0.8918092213764228,0.5714306166761418,2.830636766138408,50.007882638749685
2024-01-01 05:06:00+00:00,233.27368776401448,2.7630594104102637,0.5745950560677211,0.8914683045111454,0.5745950560677211,2.8402133504062035,50.0378613456654
2024-01-01 05:07:00+00:00,230.85091214337703,2.6536165139004275,0.545916836203907,0.8911621491218504,0.545916836203907,2.8493119643429354,49.9935558357896
2024-01-01 05:08:00+00:00,231.42851584303503,2.7348840402121377,0.5638718593585577,0.8908911282117201,0.5638718593585577,2.858709828665578,50.0225885185049
2024-01-01 05:09:00+00:00,232.86181803833327,2.6619683548445896,0.5520913736162987,0.8906555719779858,0.5520913736162987,2.867911351559183,49.997002553776724
2024-01-01 05:10:00+00:00,231.64828274057254,2.591461872234122,0.5345474469987158,0.8904557674096338,0.5345474469987158,2.8768204756758284,49.98341692705353
2024-01-01 05:11:00+00:00,233.14064366397972,2.7905016748223552,0.5792055691933142,0.890291957937753,0.5792055691933142,2.88647390182905,49.992247681385145
2024-01-01 05:12:00+00:00,232.75814617021183,2.7880277174009334,0.577659833252336,0.8901643431389519,0.577659833252336,2.896101565716589,49.96538982680456
2024-01-01 05:13:00+00:00,232.00825365313918,2.7341383366988947,0.5646113248670009,0.8900730784922053,0.5646113248670009,2.9055117544643725,50.01398840389222
2024-01-01 05:14:00+00:00,233.52347754571792,2.731006124675805,0.567612757291349,0.8900182751894272,0.567612757291349,2.914971967085895,50.001616412200654
2024-01-01 05:15:00+00:00,231.86143931825524,2.715673620770231,0.560397395043059,0.89,0.560397395043059,2.9243119236699457,49.9865393913348
2024-01-01 05:16:00+00:00,231.75084442192102,2.6861196336954527,0.5540457155584138,0.8900182751894272,0.5540457155584138,2.9335460189292526,49.992511440085956
2024-01-01 05:17:00+00:00,231.7642317676341,2.7247208973663555,0.5620747810927974,0.8900730784922053,0.5620747810927974,2.9429139319474658,50.01107745796651
2024-01-01 05:18:00+00:00,232.12338983806814,2.7705151023795684,0.5724658971697981,0.8901643431389519,0.5724658971697981,2.952455030233629,49.98568335704128
2024-01-01 05:19:00+00:00,231.51498392378252,2.626080913116085,0.5412771052751236,0.890291957937753,0.5412771052751236,2.9614763153215478,49.9726708400716
2024-01-01 05:20:00+00:00,232.8668997079281,2.70717029938731,0.561352536088061,0.8904557674096338,0.561352536088061,2.9708321909230153,49.95552065512351
2024-01-01 05:21:00+00:00,230.67573848279352,2.7275230093985403,0.560376780575541,0.8906555719779858,0.560376780575541,2.9801718039326075,50.02583641281832
2024-01-01 05:22:00+00:00,230.24840029934933,2.6689973581428963,0.5474814383166839,0.8908911282117201,0.5474814383166839,2.989296494571219,50.001242119035275
2024-01-01 05:23:00+00:00,231.80576762650725,2.6713876315629284,0.5518459766795821,0.8911621491218504,0.5518459766795821,2.9984939275158786,49.9981753620569
2024-01-01 05:24:00+00:00,231.6200866899238,2.669460320545299,0.5511954150709483,0.8914683045111454,0.5511954150709483,3.007680517767061,50.007660273518724
2024-01-01 05:25:00+00:00,231.95824492636075,2.718461255769951,0.562347696413907,0.8918092213764228,0.562347696413907,3.0170529793739593,49.995414501816725
2024-01-01 05:26:00+00:00,232.6938151555862,2.725146588132959,0.5657562688559454,0.8921844843629965,0.5657562688559454,3.0264822505215583,49.99044083115211
2024-01-01 05:27:00+00:00,229.7993542788724,2.755795574451311,0.565261736835235,0.892593636270722,0.565261736835235,3.0359032794688123,50.00985127830077
2024-01-01 05:28:00+00:00,231.68994357364917,2.70958993295679,0.5606344840161844,0.893036178611025,0.5606344840161844,3.0452471875357485,50.00087821760656
2024-01-01 05:29:00+00:00,231.4755255409885,2.7114319305714187,0.5607947852060736,0.8935115722142323,0.5607947852060736,3.054593767289183,49.998833691686755
2024-01-01 05:30:00+00:00,230.88054437255934,2.67314748533371,0.5517687786575937,0.8940192378864669,0.5517687786575937,3.063789913600143,50.02562936058739
2024-01-01 05:31:00+00:00,230.69714744063103,2.582780689573399,0.533013893717514,0.8945585571153073,0.533013893717514,3.072673478495435,49.980414809213244
2024-01-01 05:32:00+00:00,230.5243650539026,2.7384081759050796,0.5650678299001912,0.8951288728233487,0.5650678299001912,3.082091275660438,50.02984974976331
2024-01-01 05:33:00+00:00,230.13560346697994,2.7091929246011444,0.5584709888133513,0.8957294901687516,0.5584709888133513,3.091399125473994,49.976315691982165
2024-01-01 05:34:00+00:00,231.65427747433267,2.636331576653972,0.5474225292416955,0.8963596773917983,0.5474225292416955,3.1005228342946887,49.985474466628155
2024-01-01 05:35:00+00:00,231.24199317793773,2.7162322938295196,0.5634236763832076,0.8970186667064307,0.5634236763832076,3.1099132289010756,49.98450762989918
2024-01-01 05:36:00+00:00,230.95568420628007,2.707258834177956,0.5612965800309618,0.8977056552356782,0.5612965800309618,3.1192681719015916,49.96647065010157
2024-01-01 05:37:00+00:00,230.51498625939138,2.7304132914654797,0.5654664881498024,0.8984198059898405,0.5654664881498024,3.128692613370755,50.02357894090429
2024-01-01 05:38:00+00:00,230.05082178245797,2.6040529297201824,0.5386549997075242,0.8991602488862301,0.5386549997075242,3.1376701966992138,50.002331933102084
2024-01-01 05:39:00+00:00,232.227971453714,2.7414193411004395,0.5729237683868357,0.8999260818092343,0.5729237683868357,3.147218926172328,50.04429865528673
2024-01-01 05:40:00+00:00,231.2977786333275,2.7005660678513297,0.5626189100862792,0.9007163717094039,0.5626189100862792,3.156595908007099,49.984424174152814
2024-01-01 05:41:00+00:00,231.11792162069602,2.7530252314946155,0.5736197202071095,0.9015301557402303,0.5736197202071095,3.166156236677218,50.03129514928892
2024-01-01 05:42:00+00:00,230.41442645219493,2.6762003919384587,0.5564308921923795,0.9023664424312259,0.5564308921923795,3.175430084880424,49.99508306901544
2024-01-01 05:43:00+00:00,229.97829478139886,2.7145564782226024,0.5638730038245767,0.9032242128958776,0.5638730038245767,3.1848279682775003,50.01817168447927
2024-01-01 05:44:00+00:00,230.53862278109077,2.6646398109527833,0.5553922806956104,0.9041024220730038,0.5553922806956104,3.194084506289094,50.02544809617459
2024-01-01 05:45:00+00:00,230.05143557837724,2.598306000732732,0.5409583431141318,0.905,0.5409583431141318,3.2031004786743296,50.025024740079175
2024-01-01 05:46:00+00:00,230.0871304611765,2.704954610648663,0.5638196004818122,0.9059158531164233,0.5638196004818122,3.212497472015693,49.98424197748814
2024-01-01 05:47:00+00:00,230.6895997964486,2.6661727755984166,0.557764949372006,0.9068488655963277,0.557764949372006,3.2217935545052265,50.022986924719035
2024-01-01 05:48:00+00:00,229.72179278857683,2.7619248726325423,0.5759744678122429,0.907797900707726,0.5759744678122429,3.231393128968764,50.05938430926923
2024-01-01 05:49:00+00:00,231.04541966454144,2.634077774532563,0.5530648036220585,0.9087618021975227,0.5530648036220585,3.2406108756957983,50.00515564641921
2024-01-01 05:50:00+00:00,230.56763769780792,2.66475283151162,0.5589491297389935,0.90973939570023,0.5589491297389935,3.2499266945247816,49.992862885321884
2024-01-01 05:51:00+00:00,228.1957591795315,2.7238519046134577,0.5660834527362856,0.9107294901687516,0.5660834527362856,3.2593614187370528,50.00453773846243
2024-01-01 05:52:00+00:00,229.55073885782133,2.6797570980843903,0.5608423353527682,0.91173087932549,0.5608423353527682,3.268708790992932,50.01767825325534
2024-01-01 05:53:00+00:00,231.05419666405942,2.7988480041170987,0.5902573089813736,0.91274234313201,0.5902573089813736,3.2785464128092885,49.98213955500621
2024-01-01 05:54:00+00:00,229.39021465696823,2.7567050959393686,0.5778280213822449,0.9137626492754672,0.5778280213822449,3.288176879832326,49.99230726835232
2024-01-01 05:55:00+00:00,229.23184258463627,2.732741434038517,0.5730534860005935,0.9147905546699922,0.5730534860005935,3.297727771265669,49.96100293409964
2024-01-01 05:56:00+00:00,230.0153252083234,2.6634222387349347,0.5610598579442748,0.9158248069711981,0.5610598579442748,3.307078768898074,50.000146737150494
2024-01-01 05:57:00+00:00,231.12630405390735,2.827684129592159,0.5992185631949726,0.9168641461019704,0.5992185631949726,3.3170657449513232,50.02485158126473
2024-01-01 05:58:00+00:00,229.01539935891387,2.7057004628366568,0.5687785744374183,0.9179073057876763,0.5687785744374183,3.3265453878586135,50.04312742824414
2024-01-01 05:59:00+00:00,230.95595816915414,2.7766261516780504,0.5893046763179369,0.918953015098925,0.5893046763179369,3.3363671324639124,50.00199321833171
2024-01-01 06:00:00+00:00,229.87223025982252,2.6811804150080847,0.5670226079887157,0.92,0.5670226079887157,3.3458175092637243,49.99513947553033
2024-01-01 06:01:00+00:00,229.5775520518335,2.713227544282935,0.5737166096051867,0.9210469849010751,0.5737166096051867,3.3553794527571443,49.9746029393803
2024-01-01 06:02:00+00:00,229.50362703966817,2.7273812109569495,0.5771782789511114,0.9220926942123238,0.5771782789511114,3.364999090739663,49.96002269660086
2024-01-01 06:03:00+00:00,231.03562337749176,2.668494937444993,0.5691293085089772,0.9231358538980297,0.5691293085089772,3.3744845792148124,49.98510087402552
2024-01-01 06:04:00+00:00,229.82935530803218,2.710431561126792,0.5757026803634249,0.924175193028802,0.5757026803634249,3.384079623887536,50.01942063838627
2024-01-01 06:05:00+00:00,228.78864436211882,2.677053844646036,0.5666718369760823,0.9252094453300079,0.5666718369760823,3.393524154503804,49.99639270792537
2024-01-01 06:06:00+00:00,229.73684543669617,2.580240631866088,0.5490515897278497,0.9262373507245328,0.5490515897278497,3.4026750143326017,49.992148768186894
2024-01-01 06:07:00+00:00,231.0270324839864,2.717914393879077,0.5822359288462817,0.9272576568679901,0.5822359288462817,3.4123789464800396,49.974549055408644
2024-01-01 06:08:00+00:00,231.14762592022797,2.696282857653829,0.5785338725011437,0.9282691206745101,0.5785338725011437,3.422021177688392,49.98931910005913
2024-01-01 06:09:00+00:00,229.07606440134575,2.66799183658301,0.5679451101489897,0.9292705098312485,0.5679451101489897,3.4314869295242083,50.00047392542667
2024-01-01 06:10:00+00:00,229.58592556095815,2.744418269924361,0.5861384235304252,0.9302606042997701,0.5861384235304252,3.4412559032497154,50.01425162405617
2024-01-01 06:11:00+00:00,230.45250862245047,2.658301831090143,0.5704879980902416,0.9312381978024774,0.5704879980902416,3.4507640365512193,50.009229599171086
2024-01-01 06:12:00+00:00,229.9134261345779,2.707033676304634,0.5801871000946528,0.932202099292274,0.5801871000946528,3.460433821552797,49.99528801468452
2024-01-01 06:13:00+00:00,229.255422115912,2.7902863503992648,0.5969258395603437,0.9331511344036724,0.5969258395603437,3.4703825855454693,50.007223797701464
2024-01-01 06:14:00+00:00,230.0162964629998,2.692751516889957,0.578549985571974,0.9340841468835768,0.578549985571974,3.480025085305002,50.03923193003984
2024-01-01 06:15:00+00:00,228.71538306681288,2.6706692204121656,0.5711196300948795,0.935,0.5711196300948795,3.4895437458065834,49.99636463159949
2024-01-01 06:16:00+00:00,230.05671188141608,2.6684367908366324,0.5745398430794865,0.9358975779269962,0.5745398430794865,3.4991194098579084,50.00000274915275
2024-01-01 06:17:00+00:00,228.02977553390363,2.663484285565119,0.5689542626404079,0.9367757871041225,0.5689542626404079,3.5086019809019153,49.9777853168325
2024-01-01 06:18:00+00:00,229.98982452825553,2.690282357576154,0.5801491064762058,0.9376335575687742,0.5801491064762058,3.5182711326765186,50.01684223336416
2024-01-01 06:19:00+00:00,228.48575852337365,2.6299248180134516,0.5639268737433306,0.9384698442597698,0.5639268737433306,3.5276699139055743,49.998152225545745
2024-01-01 06:20:00+00:00,229.00427780028105,2.703576721251639,0.5815392687852093,0.9392836282905962,0.5815392687852093,3.537362235051994,49.998850099721736
2024-01-01 06:21:00+00:00,229.15765879163033,2.715088358329133,0.5848982847739287,0.9400739181907658,0.5848982847739287,3.5471105397982265,50.04450945360342
2024-01-01 06:22:00+00:00,227.827668607342,2.741099470506769,0.5875528268236667,0.9408397511137699,0.5875528268236667,3.5569030869119542,49.99247584039021
2024-01-01 06:23:00+00:00,229.34604652191314,2.6767215446411297,0.5780318476673956,0.9415801940101596,0.5780318476673956,3.566536951039744,49.986199815013116
2024-01-01 06:24:00+00:00,229.68735835000862,2.6902143029670897,0.5822514181269738,0.9422943447643218,0.5822514181269738,3.5762411413418604,49.99042856898124
2024-01-01 06:25:00+00:00,228.9947227993214,2.664599945937672,0.575387714371244,0.9429813332935694,0.575387714371244,3.585830936581381,49.987427652732165
2024-01-01 06:26:00+00:00,226.8959170632273,2.7175367695174235,0.581846733254706,0.9436403226082017,0.581846733254706,3.595528382135626,50.00577434948674
2024-01-01 06:27:00+00:00,228.33403771214066,2.618748095188849,0.5646259152225815,0.9442705098312485,0.5646259152225815,3.6049388140560024,49.99212348193171
2024-01-01 06:28:00+00:00,229.06328419155335,2.6626594141346276,0.5762934452390127,0.9448711271766513,0.5762934452390127,3.6145437048099858,49.986272895598994
2024-01-01 06:29:00+00:00,228.77051144360843,2.686474245054389,0.5810551568901565,0.9454414428846928,0.5810551568901565,3.6242279574248215,50.015834478269355
2024-01-01 06:30:00+00:00,229.57299099572785,2.6563125882451937,0.576875742502035,0.9459807621135332,0.576875742502035,3.6338425531331886,50.00095929999652
2024-01-01 06:31:00+00:00,228.05827276223826,2.7206668977400446,0.5872682364912498,0.9464884277857678,0.5872682364912498,3.6436303570747093,49.9798536519196
2024-01-01 06:32:00+00:00,229.1815544399632,2.7049826053845165,0.5870532876856581,0.9469638213889751,0.5870532876856581,3.653414578536137,50.0045975658286
2024-01-01 06:33:00+00:00,228.00482156263064,2.674568557567221,0.5777421633139525,0.9474063637292781,0.5777421633139525,3.6630436145913694,49.97231135226165
2024-01-01 06:34:00+00:00,228.36888611196497,2.7548667465498635,0.5962952421993316,0.9478155156370036,0.5962952421993316,3.672981868628025,49.982526226850624
2024-01-01 06:35:00+00:00,228.76241558436485,2.6146395622664698,0.5671425471738155,0.9481907786235773,0.5671425471738155,3.6824342444142553,49.98652475284444
2024-01-01 06:36:00+00:00,227.6207373111068,2.723476965351706,0.5880136120678757,0.9485316954888546,0.5880136120678757,3.6922344712820534,50.027308980228774
2024-01-01 06:37:00+00:00,227.2612877306776,2.74167126554072,0.5911978482971236,0.9488378508781496,0.5911978482971236,3.702087768753672,50.027898872659925
2024-01-01 06:38:00+00:00,227.85320618821441,2.730612969881407,0.5905155328558797,0.94910887178828,0.5905155328558797,3.71192969430127,49.9644338785799
2024-01-01 06:39:00+00:00,228.8300704149637,2.6715867493916026,0.5803716378146379,0.9493444280220142,0.5803716378146379,3.721602554931514,49.97317809083565
2024-01-01 06:40:00+00:00,228.2527429342976,2.6772468751788807,0.5802559812087609,0.9495442325903662,0.5802559812087609,3.73127348795166,50.02352733860825
2024-01-01 06:41:00+00:00,229.51941909653883,2.62456366788811,0.5720930399596857,0.9497080420622471,0.5720930399596857,3.7408083719509877,50.00547662778301
2024-01-01 06:42:00+00:00,228.4386693523206,2.7429476780628637,0.5951625751543721,0.9498356568610482,0.5951625751543721,3.7507277482035604,50.01225025420181
2024-01-01 06:43:00+00:00,229.5625473479177,2.7130503771801977,0.5916285035220119,0.9499269215077948,0.5916285035220119,3.7605882232622605,50.02109499593699
2024-01-01 06:44:00+00:00,227.70515311645931,2.62083671766638,0.5669282185535158,0.9499817248105729,0.5669282185535158,3.770037026904819,50.03470808426161
2024-01-01 06:45:00+00:00,228.14851713523942,2.708589555198269,0.5870626560191587,0.9500000000000001,0.5870626560191587,3.7798214045051384,49.98474358113166
2024-01-01 06:46:00+00:00,229.4692557499138,2.6465802434092525,0.5769322601173319,0.9499817248105729,0.5769322601173319,3.7894369421737606,50.030425491213464
2024-01-01 06:47:00+00:00,228.27409461094928,2.718173780793568,0.589418881489963,0.9499269215077948,0.589418881489963,3.7992605901985934,49.99496704162918
2024-01-01 06:48:00+00:00,227.29337350723344,2.6048354437255012,0.5623614423633124,0.9498356568610482,0.5623614423633124,3.808633280904649,49.988471779862785
2024-01-01 06:49:00+00:00,228.15600881410307,2.735472428237162,0.5927265327012275,0.9497080420622471,0.5927265327012275,3.818512056449669,49.985462840872366
2024-01-01 06:50:00+00:00,227.46278273999488,2.5979474194708763,0.5611202024435376,0.9495442325903662,0.5611202024435376,3.827864059823728,50.00096185296114
2024-01-01 06:51:00+00:00,228.86729682940626,2.6288909562347396,0.5711893723374455,0.9493444280220142,0.5711893723374455,3.837383882696019,50.000678982913165
2024-01-01 06:52:00+00:00,228.02635803167658,2.7354077841986757,0.5920019841911641,0.94910887178828,0.5920019841911641,3.8472505824325385,50.018356150135446
2024-01-01 06:53:00+00:00,228.0228213695988,2.690802644982061,0.5821731369734322,0.9488378508781496,0.5821731369734322,3.8569534680487623,50.02579852991853
2024-01-01 06:54:00+00:00,227.28803932479263,2.6393752637695176,0.56902267373815,0.9485316954888546,0.56902267373815,3.8664371792777312,49.951746763730625
2024-01-01 06:55:00+00:00,228.34384267137153,2.723945369365388,0.589771016488571,0.9481907786235773,0.589771016488571,3.8762666962192074,49.972819142448785
2024-01-01 06:56:00+00:00,226.37374599519833,2.666915144329545,0.5722147769360258,0.9478155156370036,0.5722147769360258,3.885803609168141,49.971402351177765
2024-01-01 06:57:00+00:00,226.19266251637882,2.6419849943585514,0.5661677883291131,0.9474063637292781,0.5661677883291131,3.895239738973626,50.012707577948554
2024-01-01 06:58:00+00:00,227.95986905727617,2.646761790249525,0.5713558025982364,0.9469638213889751,0.5713558025982364,3.9047623356835968,50.020122289138406
2024-01-01 06:59:00+00:00,226.789202763228,2.728019839597935,0.5855786137010375,0.9464884277857678,0.5855786137010375,3.9145219792452806,50.0145188193982
2024-01-01 07:00:00+00:00,228.40351324203002,2.646216782266913,0.5717557010580072,0.9459807621135332,0.5717557010580072,3.9240512409295807,49.98026422988544
2024-01-01 07:01:00+00:00,226.99389329437437,2.7473759254123795,0.5896127923441512,0.9454414428846928,0.5896127923441512,3.933878120801983,49.97069619907393
2024-01-01 07:02:00+00:00,224.93043727298988,2.7594212699482052,0.5864605635572859,0.9448711271766513,0.5864605635572859,3.943652463527938,50.00414544770412
2024-01-01 07:03:00+00:00,226.4226809476256,2.668643781537578,0.5705674099180466,0.9442705098312485,0.5705674099180466,3.9531619203599053,50.01293987689703
2024-01-01 07:04:00+00:00,225.99468158323558,2.6166858805265667,0.5580283974234587,0.9436403226082017,0.5580283974234587,3.9624623936502963,49.98749030991213
2024-01-01 07:05:00+00:00,226.42246474312313,2.7044881847586253,0.5774411077778637,0.9429813332935694,0.5774411077778637,3.972086412113261,49.95492252974058
2024-01-01 07:06:00+00:00,227.29113040840176,2.7107886193859225,0.5805835504978404,0.9422943447643218,0.5805835504978404,3.981762804621558,50.03595695947731
2024-01-01 07:07:00+00:00,227.1563350513724,2.659157111492418,0.5687562280631743,0.9415801940101596,0.5687562280631743,3.9912420750892776,49.97592364451851
2024-01-01 07:08:00+00:00,228.60022353839565,2.7082128164651618,0.5824720602008902,0.9408397511137699,0.5824720602008902,4.000949942759292,50.01590606877523
2024-01-01 07:09:00+00:00,225.94714332560173,2.676130987774726,0.5684289984217769,0.9400739181907658,0.5684289984217769,4.0104237593996555,49.98980979239774
2024-01-01 07:10:00+00:00,227.56421946005221,2.6670488100405976,0.5700746040613446,0.9392836282905962,0.5700746040613446,4.019925002800678,49.99721329638773
2024-01-01 07:11:00+00:00,227.52920813900457,2.732540993304436,0.5834775669609952,0.9384698442597698,0.5834775669609952,4.029649628916694,49.99791315935836
2024-01-01 07:12:00+00:00,226.9154546248027,2.660763208187793,0.5661134125455223,0.9376335575687742,0.5661134125455223,4.039084852459119,50.01792339644024
2024-01-01 07:13:00+00:00,227.86177106431703,2.7511923335858706,0.5872568323647263,0.9367757871041225,0.5872568323647263,4.048872466331865,50.00630026995173
2024-01-01 07:14:00+00:00,225.91852483272095,2.7020886235456154,0.5713204320009976,0.9358975779269962,0.5713204320009976,4.058394473531882,49.99787275552338
2024-01-01 07:15:00+00:00,227.1090944154893,2.6314754977935353,0.5587859361572103,0.935,0.5587859361572103,4.067707572467835,50.014010913978545
2024-01-01 07:16:00+00:00,226.9199563833701,2.7185233103568898,0.5762245455411208,0.9340841468835768,0.5762245455411208,4.077311314893521,49.99549710796458
2024-01-01 07:17:00+00:00,226.86917511975173,2.6892800444009644,0.5693292667297345,0.9331511344036724,0.5693292667297345,4.086800136005683,50.02405187150824
2024-01-01 07:18:00+00:00,226.56040881386008,2.594293528058031,0.5479150232728892,0.932202099292274,0.5479150232728892,4.095932053060231,50.01881417930921
2024-01-01 07:19:00+00:00,228.01940416017857,2.6232680393051813,0.5570257296692227,0.9312381978024774,0.5570257296692227,4.105215815221385,49.99914895159365
2024-01-01 07:20:00+00:00,228.2884737777903,2.7050661091798007,0.5744688669694212,0.9302606042997701,0.5744688669694212,4.114790296337542,50.02630780577757
2024-01-01 07:21:00+00:00,226.17419459971268,2.662022580249095,0.5594959441435557,0.9292705098312485,0.5594959441435557,4.124115228739935,50.00558854608724
2024-01-01 07:22:00+00:00,227.87524326692173,2.6816482088999236,0.5672478434212401,0.9282691206745101,0.5672478434212401,4.133569359463623,50.01922677999365
2024-01-01 07:23:00+00:00,226.01842419158123,2.6955105524319305,0.5649178625826116,0.9272576568679901,0.5649178625826116,4.142984657173333,49.973117880477346
2024-01-01 07:24:00+00:00,226.51017316013042,2.5999796718911306,0.5454814101383745,0.9262373507245328,0.5454814101383745,4.152076014008973,50.00355584460882
2024-01-01 07:25:00+00:00,226.31960545824526,2.744948367782758,0.5747730741317326,0.9252094453300079,0.5747730741317326,4.1616555652445015,49.96887959835602
2024-01-01 07:26:00+00:00,225.6482870078203,2.632347301721557,0.5489458872969992,0.924175193028802,0.5489458872969992,4.170804663366118,49.99484603205695
2024-01-01 07:27:00+00:00,225.81652674581184,2.6674993659656248,0.5560651365845717,0.9231358538980297,0.5560651365845717,4.1800724156425275,50.01976163381357
2024-01-01 07:28:00+00:00,227.39373196850627,2.7015737232267014,0.5664608424806149,0.9220926942123238,0.5664608424806149,4.189513429683871,49.9911323876892
2024-01-01 07:29:00+00:00,226.31284433924756,2.6226241978923825,0.5466722791659326,0.9210469849010751,0.5466722791659326,4.198624634336637,50.003086482269474
2024-01-01 07:30:00+00:00,227.41852821707252,2.713499575136665,0.5677320733196135,0.92,0.5677320733196135,4.208086835558631,49.97349927840299
2024-01-01 07:31:00+00:00,226.4851686923646,2.711860316639655,0.5644173958952975,0.918953015098925,0.5644173958952975,4.217493792156886,49.97354724369006
2024-01-01 07:32:00+00:00,225.75060977593154,2.6355975941832583,0.5461436154398319,0.9179073057876763,0.5461436154398319,4.22659618574755,49.994082696219124
2024-01-01 07:33:00+00:00,225.18293331108137,2.6867725152567794,0.5547168511976661,0.9168641461019704,0.5547168511976661,4.235841466600844,50.00051584254631
2024-01-01 07:34:00+00:00,226.24492769138436,2.6410025217134554,0.5472176167083691,0.9158248069711981,0.5472176167083691,4.24496176021265,49.989110512732886
2024-01-01 07:35:00+00:00,226.88305132487352,2.588247502179673,0.5371919916793261,0.9147905546699922,0.5371919916793261,4.253914960073972,50.01020430832457
2024-01-01 07:36:00+00:00,228.0863756768838,2.726066053186094,0.5681579931136533,0.9137626492754672,0.5681579931136533,4.2633842599592,50.01807561206025
2024-01-01 07:37:00+00:00,226.84111932879,2.657736607328656,0.5502777063188012,0.91274234313201,0.5502777063188012,4.272555555064514,50.006752388054196
2024-01-01 07:38:00+00:00,224.9317696940094,2.726271171994932,0.5590961679114538,0.91173087932549,0.5590961679114538,4.281873824529705,49.97761689740175
2024-01-01 07:39:00+00:00,227.24182845429593,2.6156880619290592,0.5413319058396737,0.9107294901687516,0.5413319058396737,4.290896022960366,50.01376017574859
2024-01-01 07:40:00+00:00,228.2720726232177,2.7392165278284115,0.5688478847103068,0.90973939570023,0.5688478847103068,4.3003768210388715,49.99552875317982
2024-01-01 07:41:00+00:00,226.70890874325997,2.660355751130567,0.5480981880587715,0.9087618021975227,0.5480981880587715,4.309511790839851,49.99846806528788
2024-01-01 07:42:00+00:00,227.31137014239468,2.6352628939339655,0.5437938363749966,0.907797900707726,0.5437938363749966,4.318575021446101,49.9853201513562
2024-01-01 07:43:00+00:00,225.7558964931745,2.719162437336956,0.5566845506366845,0.9068488655963277,0.5566845506366845,4.3278530972900455,50.004431239327886
2024-01-01 07:44:00+00:00,226.95337636956938,2.629090733009225,0.5405427940381733,0.9059158531164233,0.5405427940381733,4.336862143857348,49.96217255117021
2024-01-01 07:45:00+00:00,225.9578714194736,2.6270761519197423,0.5372157244869051,0.905,0.5372157244869051,4.345815739265463,49.95131441154725
2024-01-01 07:46:00+00:00,226.5650507941559,2.561290226058586,0.5246495959608426,0.9041024220730038,0.5246495959608426,4.354559899198144,49.976839168453104
2024-01-01 07:47:00+00:00,225.7083082522126,2.655784339749438,0.54142202965501,0.9032242128958776,0.54142202965501,4.363583599692394,50.006392729452095
2024-01-01 07:48:00+00:00,226.15511687750507,2.6523659097872354,0.5412810114129456,0.9023664424312259,0.5412810114129456,4.37260494988261,50.01184543673044
2024-01-01 07:49:00+00:00,224.57238307571865,2.7042641860055245,0.5475020156979964,0.9015301557402303,0.5475020156979964,4.381729983477577,49.993598696274326
2024-01-01 07:50:00+00:00,226.49384629789094,2.6188062858358006,0.5342540687782658,0.9007163717094039,0.5342540687782658,4.390634217957214,49.979399568731104
2024-01-01 07:51:00+00:00,224.7238029936784,2.767758415510184,0.5597371014863203,0.8999260818092343,0.5597371014863203,4.399963169648653,49.98696007755952
2024-01-01 07:52:00+00:00,226.78059151071105,2.6708266123536353,0.5446138448464674,0.8991602488862301,0.5446138448464674,4.409040067062761,50.01387320903765
2024-01-01 07:53:00+00:00,224.44612045764956,2.6185910808893533,0.5280306167049699,0.8984198059898405,0.5280306167049699,4.417840577341177,50.023820368730405
2024-01-01 07:54:00+00:00,225.80347300748616,2.6806810675921495,0.5433876024145295,0.8977056552356782,0.5433876024145295,4.426897037381419,50.00795480504561
2024-01-01 07:55:00+00:00,225.75616015760585,2.6288429727747356,0.5323603914564401,0.8970186667064307,0.5323603914564401,4.43576971057236,49.98828467714675
2024-01-01 07:56:00+00:00,225.66273902772488,2.600459465380848,0.5260078862317275,0.8963596773917983,0.5260078862317275,4.444536508676221,49.98619597257525
2024-01-01 07:57:00+00:00,225.52769513881677,2.5499208607882666,0.5151141217781489,0.8957294901687516,0.5151141217781489,4.453121744039191,50.000984302986275
2024-01-01 07:58:00+00:00,225.78711730238527,2.6346806602301003,0.5324915348729585,0.8951288728233489,0.5324915348729585,4.4619966029537395,50.014229136901434
2024-01-01 07:59:00+00:00,225.1768735588619,2.5610710024201406,0.5158865179062133,0.8945585571153073,0.5158865179062133,4.47059471158551,50.001218772078516
2024-01-01 08:00:00+00:00,226.33409888070176,2.7552284719878037,0.5575123219429522,0.8940192378864669,0.5575123219429522,4.479886583617892,50.04411588030865
2024-01-01 08:01:00+00:00,226.46381316347546,2.752811294103903,0.5570259636561106,0.8935115722142323,0.5570259636561106,4.489170349678828,50.02915858813683
2024-01-01 08:02:00+00:00,225.03719408871865,2.6547760814688615,0.5335206747020531,0.893036178611025,0.5335206747020531,4.498062360923862,49.997644059908666
2024-01-01 08:03:00+00:00,224.5721409592992,2.6725974888005304,0.5357266135756169,0.892593636270722,0.5357266135756169,4.506991137816789,50.013538213310476
2024-01-01 08:04:00+00:00,225.18423939478092,2.8148999653748055,0.5655299673539074,0.8921844843629965,0.5655299673539074,4.5164166372726875,50.00676608289267
2024-01-01 08:05:00+00:00,226.11513943415187,2.532264834784996,0.5106351705758091,0.8918092213764228,0.5106351705758091,4.524927223448951,49.98836111508645
2024-01-01 08:06:00+00:00,225.75571057460934,2.6545283540783298,0.5342346100759131,0.8914683045111454,0.5342346100759131,4.533831133616883,50.00692714100041
2024-01-01 08:07:00+00:00,226.1172888026772,2.625387522530453,0.5290344073059269,0.8911621491218504,0.5290344073059269,4.542648373738649,50.006041744955866
2024-01-01 08:08:00+00:00,225.7932972889919,2.7444439963077003,0.5520647943542168,0.8908911282117201,0.5520647943542168,4.551849453644552,49.990257277112946
2024-01-01 08:09:00+00:00,225.98351277255009,2.5812207065019703,0.5195312608905518,0.8906555719779858,0.5195312608905518,4.560508307992728,49.983967976121754
2024-01-01 08:10:00+00:00,223.98138227784173,2.67232476877257,0.5329831861252453,0.8904557674096338,0.5329831861252453,4.569391361094815,49.99940567638684
2024-01-01 08:11:00+00:00,225.040098017021,2.5960654108588592,0.5201253122415483,0.890291957937753,0.5201253122415483,4.578060116298841,50.02909207125874
2024-01-01 08:12:00+00:00,226.42727241237753,2.7163270030901523,0.5474960370500463,0.8901643431389519,0.5474960370500463,4.5871850502496745,50.06272875610158
2024-01-01 08:13:00+00:00,225.14600470943998,2.7272720077026555,0.5465354854060729,0.8900730784922053,0.5465354854060729,4.596293975006442,49.978365673645946
2024-01-01 08:14:00+00:00,224.3349618077632,2.7257317154144576,0.5442256339019313,0.8900182751894272,0.5442256339019313,4.605364402238141,50.01881963684362
2024-01-01 08:15:00+00:00,225.5763707303044,2.6444376115345483,0.5309051487390835,0.89,0.5309051487390835,4.614212821383792,49.990095058222316
2024-01-01 08:16:00+00:00,225.75308337359417,2.6200918035526053,0.5264402946640566,0.8900182751894272,0.5264402946640566,4.62298682629486,50.04227627474878
2024-01-01 08:17:00+00:00,225.52077580461827,2.660206815444553,0.533983237408642,0.8900730784922053,0.533983237408642,4.631886546918338,49.99568607637519
2024-01-01 08:18:00+00:00,224.2113797553424,2.6421250026547773,0.5273284541452381,0.8901643431389519,0.5273284541452381,4.640675354487425,50.003048652116796
2024-01-01 08:19:00+00:00,224.08266720613628,2.6065519573506326,0.5200044998865869,0.890291957937753,0.5200044998865869,4.649342096152202,50.005873590068425
2024-01-01 08:20:00+00:00,225.51630053674262,2.5532429054143346,0.5127225559314489,0.8904557674096338,0.5127225559314489,4.657887472084393,49.98536077969272
2024-01-01 08:21:00+00:00,225.07845131249826,2.6553016184090232,0.5323013500383966,0.8906555719779858,0.5323013500383966,4.666759161251699,49.994390834854386
2024-01-01 08:22:00+00:00,224.5957169663504,2.7431373984659557,0.5488752719019659,0.8908911282117201,0.5488752719019659,4.675907082450065,50.01194176203361
2024-01-01 08:23:00+00:00,224.64151373312808,2.701707492528793,0.5408602646015832,0.8911621491218504,0.5408602646015832,4.684921420193425,49.99286002324597
2024-01-01 08:24:00+00:00,225.6338504628691,2.580242448234043,0.5190039667234813,0.8914683045111454,0.5190039667234813,4.693571486305483,50.019534368874616
2024-01-01 08:25:00+00:00,224.95495676094725,2.5910721547957243,0.5198128758960262,0.8918092213764228,0.5198128758960262,4.702235034237084,49.99804852080061
2024-01-01 08:26:00+00:00,225.3677922792373,2.680105496084265,0.5388878674855785,0.8921844843629965,0.5388878674855785,4.711216498695177,50.006015163510405
2024-01-01 08:27:00+00:00,224.9530705747102,2.6197318786561277,0.5260203631120276,0.892593636270722,0.5260203631120276,4.719983504747044,49.9897961899716
2024-01-01 08:28:00+00:00,225.11533666266388,2.6186514842666786,0.5264435864021383,0.893036178611025,0.5264435864021383,4.728757564520413,50.0057773775718
2024-01-01 08:29:00+00:00,225.21355413796744,2.6957409988192214,0.5424664327603418,0.8935115722142323,0.5424664327603418,4.737798671733086,50.00398697368425
2024-01-01 08:30:00+00:00,224.46708871316426,2.6577321958038733,0.533348104074282,0.8940192378864669,0.533348104074282,4.74668780680099,49.984049430154045
2024-01-01 08:31:00+00:00,224.0139876092675,2.6480334877674623,0.5306490417290983,0.8945585571153073,0.5306490417290983,4.755531957496475,49.95079176218553
2024-01-01 08:32:00+00:00,225.27698151021082,2.637094905344464,0.5317752786595551,0.8951288728233487,0.5317752786595551,4.764394878807468,50.033030416876336
2024-01-01 08:33:00+00:00,224.4661046423459,2.7169071605017217,0.5462638246399822,0.8957294901687516,0.5462638246399822,4.773499275884801,50.01937581892815
2024-01-01 08:34:00+00:00,224.08029108506346,2.515707494386261,0.5052962965012457,0.8963596773917983,0.5052962965012457,4.781920880826489,49.984216497894074
2024-01-01 08:35:00+00:00,224.4187141723803,2.617164655640883,0.5268555956532277,0.8970186667064307,0.5268555956532277,4.790701807420709,49.999190270513836
2024-01-01 08:36:00+00:00,224.6459290408333,2.5508708614174775,0.514423721430108,0.8977056552356782,0.514423721430108,4.799275536111211,50.00790335418874
2024-01-01 08:37:00+00:00,226.06937017944068,2.58834660110623,0.5257066533023659,0.8984198059898405,0.5257066533023659,4.808037313666251,50.0223228619649
2024-01-01 08:38:00+00:00,225.4769819764715,2.6772143113110527,0.542778266786458,0.8991602488862301,0.542778266786458,4.817083618112692,49.93144734706797
2024-01-01 08:39:00+00:00,224.52589742220002,2.722745799970899,0.5501490615902119,0.8999260818092343,0.5501490615902119,4.826252769139195,49.99712849026596
2024-01-01 08:40:00+00:00,224.95265415763697,2.69028456483681,0.5451015265667598,0.9007163717094039,0.5451015265667598,4.835337794581974,49.970712909612566
2024-01-01 08:41:00+00:00,225.63533886155878,2.662394497137084,0.541576466983434,0.9015301557402303,0.541576466983434,4.844364069031698,50.000359341225675
2024-01-01 08:42:00+00:00,225.7112189887716,2.571589209644416,0.5237664513681343,0.9023664424312259,0.5237664513681343,4.853093509887834,49.97200907783934
2024-01-01 08:43:00+00:00,223.67243417503929,2.583924744334436,0.5220209062301389,0.9032242128958776,0.5220209062301389,4.861793858325003,50.014908269174676
2024-01-01 08:44:00+00:00,224.52164933404413,2.6619745297176607,0.5403557190490433,0.9041024220730038,0.5403557190490433,4.87079978697582,50.017433041523816
2024-01-01 08:45:00+00:00,224.4729039935276,2.564397755976397,0.5209522192070493,0.905,0.5209522192070493,4.879482323962605,49.97293669678019
2024-01-01 08:46:00+00:00,226.12272387860384,2.57935755700596,0.5283766503382226,0.9059158531164233,0.5283766503382226,4.888288601468242,50.03770034212704
2024-01-01 08:47:00+00:00,223.2036830634041,2.5354145477311723,0.5131983466330036,0.9068488655963277,0.5131983466330036,4.8968419072454585,50.01372958994328
2024-01-01 08:48:00+00:00,224.73699703845415,2.6630852503645537,0.5433113989083139,0.907797900707726,0.5433113989083139,4.905897097227264,49.98326429197334
2024-01-01 08:49:00+00:00,223.75424404157525,2.643268217853376,0.5374803357339011,0.9087618021975227,0.5374803357339011,4.914855102822829,50.02976143002302
2024-01-01 08:50:00+00:00,224.71397107920973,2.5743890316528515,0.5262853160934241,0.90973939570023,0.5262853160934241,4.923626524757719,49.994337421229986
2024-01-01 08:51:00+00:00,224.92138225937742,2.698494710635968,0.5527664993510303,0.9107294901687516,0.5527664993510303,4.932839299746902,49.983233322728665
2024-01-01 08:52:00+00:00,224.11139762423042,2.5562063731655345,0.5223078119085472,0.91173087932549,0.5223078119085472,4.941544429945378,50.011289468830334
2024-01-01 08:53:00+00:00,224.97240105147804,2.6575380689635457,0.5457037475852203,0.91274234313201,0.5457037475852203,4.9506394924051325,49.99292650754092
2024-01-01 08:54:00+00:00,224.33319591893704,2.5982004989839353,0.5325980932542382,0.9137626492754672,0.5325980932542382,4.959516127292703,49.99857212006099
2024-01-01 08:55:00+00:00,225.83446246412137,2.5279547604583055,0.5222532913892478,0.9147905546699922,0.5222532913892478,4.968220348815858,49.96467657280089
2024-01-01 08:56:00+00:00,224.29083840863677,2.6240159643282825,0.5390020418380321,0.9158248069711981,0.5390020418380321,4.977203716179825,50.00235273510266
2024-01-01 08:57:00+00:00,224.52977739723462,2.6418292852440652,0.5438557016391333,0.9168641461019704,0.5438557016391333,4.986267977873811,50.03142869604646
2024-01-01 08:58:00+00:00,225.6348205248844,2.583424686341982,0.535057866640339,0.9179073057876763,0.535057866640339,4.9951856089844835,50.01785276718049
2024-01-01 08:59:00+00:00,224.4761547942569,2.549506982952115,0.5259200490732405,0.918953015098925,0.5259200490732405,5.003950943135704,50.02431981143474
2024-01-01 09:00:00+00:00,225.51479549903385,2.6404674496950338,0.5478273187846445,0.92,0.5478273187846445,5.013081398448782,50.008652705774445
2024-01-01 09:01:00+00:00,224.6032868851881,2.6354561840748376,0.5451972956678471,0.9210469849010751,0.5451972956678471,5.022168020043246,49.98480296337801
2024-01-01 09:02:00+00:00,226.52513275254756,2.525854867228219,0.5275934164129947,0.9220926942123238,0.5275934164129947,5.030961243650129,49.96162949952807
2024-01-01 09:03:00+00:00,225.71270824886207,2.6659861329065153,0.5554941847147117,0.9231358538980297,0.5554941847147117,5.040219480062041,49.9986247185289
2024-01-01 09:04:00+00:00,224.5831034564278,2.5606163937956854,0.5314665155287426,0.924175193028802,0.5314665155287426,5.049077255320854,49.98896558279123
2024-01-01 09:05:00+00:00,225.66629500938893,2.585646967555093,0.5398535784793621,0.9252094453300079,0.5398535784793621,5.058074814962176,49.96258595306784
2024-01-01 09:06:00+00:00,224.1289889724463,2.587659116507594,0.5371893405530761,0.9262373507245328,0.5371893405530761,5.067027970638061,50.03725681315716
2024-01-01 09:07:00+00:00,224.76177068399235,2.6355626485495365,0.549283074678458,0.9272576568679901,0.549283074678458,5.076182688549369,49.96808320078264
2024-01-01 09:08:00+00:00,224.6724265841091,2.5755450220916414,0.5371465932391777,0.9282691206745101,0.5371465932391777,5.085135131770022,50.01076705665557
2024-01-01 09:09:00+00:00,224.4273187227157,2.7355192978710017,0.570502640599462,0.9292705098312485,0.570502640599462,5.094643509113346,49.960377565804805
2024-01-01 09:10:00+00:00,226.11736134166674,2.6345797754675306,0.5541787794727925,0.9302606042997701,0.5541787794727925,5.103879822104559,49.97933410868991
2024-01-01 09:11:00+00:00,225.26039142542143,2.589710730176598,0.5432464192099409,0.9312381978024774,0.5432464192099409,5.112933929091391,50.00790483633858
2024-01-01 09:12:00+00:00,225.82304483103056,2.5607663346808653,0.53907387733314,0.932202099292274,0.53907387733314,5.12191849371361,49.987450913947505
2024-01-01 09:13:00+00:00,225.95513791898375,2.6538541733753025,0.5595659307611197,0.9331511344036724,0.5595659307611197,5.1312445925596295,50.0377183525022
2024-01-01 09:14:00+00:00,225.2203394593842,2.6075115418781136,0.5485545852108887,0.9340841468835768,0.5485545852108887,5.140387168979811,49.97271922543078
2024-01-01 09:15:00+00:00,223.30935507999268,2.5456784575954257,0.5315230166572318,0.935,0.5315230166572318,5.149245885924098,50.002761876227
2024-01-01 09:16:00+00:00,224.58676027965961,2.6068126786369152,0.5479264912676888,0.9358975779269962,0.5479264912676888,5.158377994111893,50.01311449162347
2024-01-01 09:17:00+00:00,225.07370808913518,2.6369722502615236,0.5559887224814221,0.9367757871041225,0.5559887224814221,5.167644472819917,50.017326899055256
2024-01-01 09:18:00+00:00,223.94890085435063,2.601022570018668,0.5461679333187578,0.9376335575687742,0.5461679333187578,5.176747271708563,49.96563283664997
2024-01-01 09:19:00+00:00,224.66792486551074,2.644301073473051,0.5575352071379742,0.9384698442597698,0.5575352071379742,5.186039525160862,50.01474942152894
2024-01-01 09:20:00+00:00,225.24321711956924,2.5891692021196735,0.5477834498836159,0.9392836282905962,0.5477834498836159,5.195169249325589,50.013934312461075
2024-01-01 09:21:00+00:00,225.60634635447553,2.5548812859581997,0.5418561926121435,0.9400739181907658,0.5418561926121435,5.204200185869126,49.99352197668677
2024-01-01 09:22:00+00:00,224.86135983376803,2.6512994770677496,0.5609049558527334,0.9408397511137699,0.5609049558527334,5.213548601800005,50.00145598692608
2024-01-01 09:23:00+00:00,225.61741357988512,2.6510794535190074,0.5631870690805126,0.9415801940101596,0.5631870690805126,5.222935052951347,49.98659233940963
2024-01-01 09:24:00+00:00,224.3709963454446,2.6403517372707968,0.5582324609338384,0.9422943447643218,0.5582324609338384,5.232238927300244,49.986698177398885
2024-01-01 09:25:00+00:00,224.9949733556678,2.598864007877427,0.5513907369213337,0.9429813332935694,0.5513907369213337,5.2414287729156,50.02560339798095
2024-01-01 09:26:00+00:00,224.44793590458613,2.612701484158944,0.5533652693786256,0.9436403226082017,0.5533652693786256,5.250651527405243,50.013840379213256
2024-01-01 09:27:00+00:00,224.1951559876008,2.497783514421262,0.5287829536804975,0.9442705098312485,0.5287829536804975,5.259464576633252,50.00289284270511
2024-01-01 09:28:00+00:00,226.15848593427836,2.6566008692791243,0.567690696214074,0.9448711271766513,0.567690696214074,5.26892608823682,49.98112167258364
2024-01-01 09:29:00+00:00,225.74657051663382,2.596345952179773,0.5541385407011652,0.9454414428846928,0.5541385407011652,5.278161730581839,50.03828689969165
2024-01-01 09:30:00+00:00,226.05053642347806,2.612896193283777,0.5587403076687202,0.9459807621135332,0.5587403076687202,5.287474069042985,49.974448099085016
2024-01-01 09:31:00+00:00,224.85175389942643,2.519551846700672,0.5362099734452161,0.9464884277857678,0.5362099734452161,5.296410901933739,50.00454939291687
2024-01-01 09:32:00+00:00,226.47386502030182,2.573082491783583,0.5518298496961989,0.9469638213889751,0.5518298496961989,5.305608066095342,50.011956498910855
2024-01-01 09:33:00+00:00,223.13712565402815,2.5642311462670917,0.5420823948484341,0.9474063637292781,0.5420823948484341,5.314642772676149,50.00386954708763
2024-01-01 09:34:00+00:00,225.26458095079076,2.605236979421909,0.5562422324933539,0.9478155156370036,0.5562422324933539,5.323913476551038,49.993734465810356
2024-01-01 09:35:00+00:00,225.6991008671166,2.599586576800383,0.5563266211180349,0.9481907786235773,0.5563266211180349,5.333185586903005,50.01410863052305
2024-01-01 09:36:00+00:00,225.60629206070774,2.5453265651091654,0.5446864423543805,0.9485316954888546,0.5446864423543805,5.3422636942755775,50.00423582159941
2024-01-01 09:37:00+00:00,225.40631074088094,2.549357568024162,0.5452414010955128,0.9488378508781496,0.5452414010955128,5.351351050960503,49.989980969649615
2024-01-01 09:38:00+00:00,225.12698212167766,2.6174572034304364,0.5592721225640568,0.94910887178828,0.5592721225640568,5.360672253003237,49.98936576912535
2024-01-01 09:39:00+00:00,225.9301440450092,2.588044382670165,0.5550980539252682,0.9493444280220142,0.5550980539252682,5.369923887235325,49.984831467963105
2024-01-01 09:40:00+00:00,225.34578763235828,2.6447899043881273,0.5659210170697468,0.9495442325903662,0.5659210170697468,5.379355904186488,49.978258945101864
2024-01-01 09:41:00+00:00,225.28322145123389,2.5903942490006697,0.5542233645983212,0.9497080420622471,0.5542233645983212,5.388592960263127,49.9958973942514
2024-01-01 09:42:00+00:00,225.56156239449223,2.5680634174308365,0.5501983801111445,0.9498356568610482,0.5501983801111445,5.397762933264979,50.06254479202816
2024-01-01 09:43:00+00:00,225.61068252876595,2.550146659508469,0.5465312669764459,0.9499269215077948,0.5465312669764459,5.406871787714587,50.00816112833203
2024-01-01 09:44:00+00:00,224.17652375669036,2.5059255702140253,0.5336709325200296,0.9499817248105729,0.5336709325200296,5.4157663032565875,49.98756460881778
2024-01-01 09:45:00+00:00,225.70650805432888,2.5438554378987006,0.5454564914889748,0.9500000000000001,0.5454564914889748,5.424857244781403,50.00928571245784
2024-01-01 09:46:00+00:00,226.78843770852976,2.6039546213842226,0.5610086680706085,0.9499817248105729,0.5610086680706085,5.434207389249247,49.99712874535315
2024-01-01 09:47:00+00:00,224.96455500751267,2.663217819763749,0.569129347637009,0.9499269215077948,0.569129347637009,5.44369287837653,50.001191054755154
2024-01-01 09:48:00+00:00,224.91047127924205,2.611439383125899,0.5578765339477351,0.9498356568610482,0.5578765339477351,5.452990820608992,50.017410892298344
2024-01-01 09:49:00+00:00,226.8274141197102,2.5611229035287866,0.5517166332104799,0.9497080420622471,0.5517166332104799,5.462186097829167,50.00342807628853
2024-01-01 09:50:00+00:00,225.78769634430412,2.5680546445539396,0.5505791152053068,0.9495442325903662,0.5505791152053068,5.471362416415922,50.003604994440344
2024-01-01 09:51:00+00:00,226.71082541147436,2.5292809651545087,0.5443686914905258,0.9493444280220142,0.5443686914905258,5.480435227940764,49.97793504339663
2024-01-01 09:52:00+00:00,224.28745783332735,2.483123328647511,0.5285904488439273,0.94910887178828,0.5285904488439273,5.48924506875483,50.023943387769044
2024-01-01 09:53:00+00:00,224.1127791715277,2.616597603147768,0.5564108134668013,0.9488378508781496,0.5564108134668013,5.4985185823126095,50.0184690047134
2024-01-01 09:54:00+00:00,223.67140376982192,2.550754752728608,0.5411666383159243,0.9485316954888546,0.5411666383159243,5.507538026284542,50.020195464478356
2024-01-01 09:55:00+00:00,224.69856093460223,2.539811654770078,0.5411249144692362,0.9481907786235773,0.5411249144692362,5.516556774859029,50.02041554347143
2024-01-01 09:56:00+00:00,227.61323205787733,2.627072814477137,0.5667524807481871,0.9478155156370036,0.5667524807481871,5.526002649538166,49.97854259487962
2024-01-01 09:57:00+00:00,225.86059484629655,2.5265044202138225,0.5406258747969449,0.9474063637292781,0.5406258747969449,5.535013080784782,50.02933887339498
2024-01-01 09:58:00+00:00,226.20033907692513,2.5237926893982756,0.5406053219649708,0.9469638213889751,0.5406053219649708,5.5440231694841975,49.9904756456631
2024-01-01 09:59:00+00:00,226.44283240435962,2.551150091715094,0.5467765710910589,0.9464884277857678,0.5467765710910589,5.553136112335715,50.011667572064866
2024-01-01 10:00:00+00:00,226.27105662084685,2.478297909986047,0.5304748760576866,0.9459807621135332,0.5304748760576866,5.56197736027001,49.97718188904917
2024-01-01 10:01:00+00:00,226.2661916877356,2.4718390557331382,0.5287793572618443,0.9454414428846928,0.5287793572618443,5.570790349557708,50.004211022432465
2024-01-01 10:02:00+00:00,224.16938559102394,2.5063299694970147,0.5308687084135123,0.9448711271766513,0.5308687084135123,5.5796381613646,50.000798557706275
2024-01-01 10:03:00+00:00,226.59001912463285,2.543128548078259,0.5441335643766264,0.9442705098312485,0.5441335643766264,5.58870705410421,50.00534137810791
2024-01-01 10:04:00+00:00,226.4105807254807,2.498312165955915,0.5337647775917612,0.9436403226082017,0.5337647775917612,5.59760313373074,50.0174450996808
2024-01-01 10:05:00+00:00,226.79381592632137,2.627569396875646,0.561938126393139,0.9429813332935694,0.561938126393139,5.606968769170625,49.966977238521004
2024-01-01 10:06:00+00:00,225.2235035646365,2.4718102839572,0.5245844701132664,0.9422943447643218,0.5245844701132664,5.615711843672513,49.99315627662698
2024-01-01 10:07:00+00:00,226.2197426197958,2.455016606916466,0.5229284288907887,0.9415801940101596,0.5229284288907887,5.62442731748736,50.01363719088273
2024-01-01 10:08:00+00:00,225.72624020027789,2.5001512304446534,0.5309626662699009,0.9408397511137699,0.5309626662699009,5.633276695258525,49.99401013122079
2024-01-01 10:09:00+00:00,226.48582174269998,2.5244852402314666,0.5374967707376598,0.9400739181907658,0.5374967707376598,5.642234974770819,50.00792901296619
2024-01-01 10:10:00+00:00,225.84407132598798,2.5435072371807586,0.5395583583778198,0.9392836282905962,0.5395583583778198,5.651227614077116,49.99848152122049
2024-01-01 10:11:00+00:00,225.37663450678608,2.4961369569906813,0.5279558686732162,0.9384698442597698,0.5279558686732162,5.660026878555003,49.9915864524328
2024-01-01 10:12:00+00:00,224.69774805270714,2.5753127660262862,0.5425775782212543,0.9376335575687742,0.5425775782212543,5.669069838192024,49.997774079684504
2024-01-01 10:13:00+00:00,225.15266469087948,2.519606707896135,0.5314293107919039,0.9367757871041225,0.5314293107919039,5.677926993371889,50.03681829699386
2024-01-01 10:14:00+00:00,226.60403068480866,2.5340780980746875,0.5374226291201257,0.9358975779269962,0.5374226291201257,5.686884037190557,50.01431644203627
2024-01-01 10:15:00+00:00,224.4279477372695,2.472193186635556,0.5187653424730443,0.935,0.5187653424730443,5.695530126231775,50.0210502610934
2024-01-01 10:16:00+00:00,227.19645327494757,2.5982776570463164,0.5514080569399417,0.9340841468835768,0.5514080569399417,5.704720260514107,49.98672180430933
2024-01-01 10:17:00+00:00,227.0524654358546,2.635877148411412,0.558474535270349,0.9331511344036724,0.558474535270349,5.71402816943528,50.01477889490737
2024-01-01 10:18:00+00:00,225.16580658667561,2.5631353935816845,0.5380022154583308,0.932202099292274,0.5380022154583308,5.722994873026252,49.99711410175345
2024-01-01 10:19:00+00:00,226.37330225337325,2.5647541625059995,0.5406693259647706,0.9312381978024774,0.5406693259647706,5.732006028458998,49.98511068859733
2024-01-01 10:20:00+00:00,225.52366686300311,2.480613026004694,0.5204221511677168,0.9302606042997701,0.5204221511677168,5.74067973097846,50.01870321626329
2024-01-01 10:21:00+00:00,225.568197266325,2.4983364168524593,0.5236859740807465,0.9292705098312485,0.5236859740807465,5.749407830546472,50.02375964228156
2024-01-01 10:22:00+00:00,226.92425191880923,2.451878944300228,0.5164803942402945,0.9282691206745101,0.5164803942402945,5.758015837117144,50.0049577168844
2024-01-01 10:23:00+00:00,226.5070747405947,2.416088071805018,0.5074519909995198,0.9272576568679901,0.5074519909995198,5.766473370300469,49.98782290338374
2024-01-01 10:24:00+00:00,226.02081821101243,2.4374404903956957,0.510275543657505,0.9262373507245328,0.510275543657505,5.774977962694761,49.99998480552433
2024-01-01 10:25:00+00:00,227.34555078110154,2.6079075525395474,0.5485531448352796,0.9252094453300079,0.5485531448352796,5.7841205151086825,49.98505897431761
2024-01-01 10:26:00+00:00,225.70481764716175,2.4692396420216713,0.5150606560650126,0.924175193028802,0.5150606560650126,5.792704859376433,50.03898352056582
2024-01-01 10:27:00+00:00,225.2368549428165,2.6688046885138736,0.5549091236291124,0.9231358538980297,0.5549091236291124,5.801953344770252,49.95488515787461
2024-01-01 10:28:00+00:00,225.84487213081394,2.4416316545268226,0.5084695640486637,0.9220926942123238,0.5084695640486637,5.810427837504396,50.01182393660047
2024-01-01 10:29:00+00:00,224.302486942762,2.456836445387715,0.5075655294418541,0.9210469849010751,0.5075655294418541,5.818887262995094,50.03982858844742
2024-01-01 10:30:00+00:00,224.4799062401594,2.442186094179124,0.5043639690069628,0.92,0.5043639690069628,5.827293329145211,49.98802519198271
2024-01-01 10:31:00+00:00,227.0703170734425,2.5097133936807925,0.523694245543213,0.918953015098925,0.523694245543213,5.836021566570931,49.97263553110196
2024-01-01 10:32:00+00:00,226.37196592847386,2.532733593478786,0.5262728670562893,0.9179073057876763,0.5262728670562893,5.844792781021869,50.01479027912799
2024-01-01 10:33:00+00:00,226.007615408406,2.517423634391156,0.5216561938228579,0.9168641461019704,0.5216561938228579,5.853487050918917,49.986632797290696
2024-01-01 10:34:00+00:00,225.65365623870733,2.4632359581873047,0.5090504123537498,0.9158248069711981,0.5090504123537498,5.861971224458147,50.01114474902936
2024-01-01 10:35:00+00:00,225.70750712230083,2.589865587752552,0.534742744909354,0.9147905546699922,0.534742744909354,5.870883603539969,50.03049127063845
2024-01-01 10:36:00+00:00,227.65533956753092,2.4156141761649383,0.5025031778202329,0.9137626492754672,0.5025031778202329,5.87925865650364,50.01123896346181
2024-01-01 10:37:00+00:00,227.82554422801132,2.540680171264054,0.5283243324105632,0.91274234313201,0.5283243324105632,5.888064062043816,49.98095700490337
2024-01-01 10:38:00+00:00,227.7882304006542,2.5287075304233837,0.5251659338134786,0.91173087932549,0.5251659338134786,5.896816827607374,50.03707854533012
2024-01-01 10:39:00+00:00,227.67162440829503,2.512788843914776,0.5210198878334322,0.9107294901687516,0.5210198878334322,5.905500492404598,50.00693521615215
2024-01-01 10:40:00+00:00,226.61691586891183,2.4366699109470225,0.5023495611406259,0.90973939570023,0.5023495611406259,5.913872985090275,49.97886565585382
2024-01-01 10:41:00+00:00,225.83392601160682,2.5455795407801416,0.5224273687682115,0.9087618021975227,0.5224273687682115,5.922580107903078,49.9993608132544
2024-01-01 10:42:00+00:00,225.65160596281171,2.5663301489310593,0.5257026047429076,0.907797900707726,0.5257026047429076,5.931341817982127,50.00938865624374
2024-01-01 10:43:00+00:00,226.07060069973522,2.5555990303930725,0.5239281305412423,0.9068488655963277,0.5239281305412423,5.940073953491148,49.98489775805719
2024-01-01 10:44:00+00:00,227.06330998342065,2.558744266382419,0.5263343408463765,0.9059158531164233,0.5263343408463765,5.948846192505254,50.00683819094298
2024-01-01 10:45:00+00:00,227.01797485535292,2.4974650532395857,0.5131073600859125,0.905,0.5131073600859125,5.957397981840019,50.02087067737932
2024-01-01 10:46:00+00:00,226.6113344957223,2.4307940293358747,0.4980207316361719,0.9041024220730038,0.4980207316361719,5.965698327367289,49.998326536756224
2024-01-01 10:47:00+00:00,228.0391618206464,2.415484087014532,0.4975184468951763,0.9032242128958776,0.4975184468951763,5.973990301482208,50.009956293078986
2024-01-01 10:48:00+00:00,227.97811651089782,2.531298202718,0.5207381649347548,0.9023664424312259,0.5207381649347548,5.982669270897787,50.00703384964584
2024-01-01 10:49:00+00:00,227.66022689988708,2.5134449162371486,0.5158658685572609,0.9015301557402303,0.5158658685572609,5.991267035373742,50.025716795561856
2024-01-01 10:50:00+00:00,226.93892255659668,2.4788661944631025,0.5066990967815713,0.9007163717094039,0.5066990967815713,5.999712020320102,50.026813717212214
2024-01-01 10:51:00+00:00,228.54089629450806,2.460746609948997,0.5061015420088041,0.8999260818092343,0.5061015420088041,6.008147046020248,50.03664479774486
2024-01-01 10:52:00+00:00,226.95210650971663,2.497251740862549,0.5096049543281487,0.8991602488862301,0.5096049543281487,6.016640461925717,49.98984981889497
2024-01-01 10:53:00+00:00,228.7831493545891,2.395489099875102,0.49237676502181127,0.8984198059898405,0.49237676502181127,6.024846741342747,49.99856652401678
2024-01-01 10:54:00+00:00,227.62820644489003,2.4935380694122853,0.5095373694312176,0.8977056552356782,0.5095373694312176,6.033339030833267,49.98741486849434
2024-01-01 10:55:00+00:00,227.78327233364573,2.4762724858699983,0.5059664736892148,0.8970186667064307,0.5059664736892148,6.041771805394754,50.02370258526011
2024-01-01 10:56:00+00:00,227.61001008431256,2.4894330849961332,0.5078952214278766,0.8963596773917983,0.5078952214278766,6.050236725751885,49.96974489250032
2024-01-01 10:57:00+00:00,229.24448748613716,2.410835137424689,0.49504341343281616,0.8957294901687516,0.49504341343281616,6.058487449309099,49.96376048036404
2024-01-01 10:58:00+00:00,226.94618023105173,2.5055288083320524,0.5089883519859092,0.8951288728233489,0.5089883519859092,6.066970588508864,49.99336483011726
2024-01-01 10:59:00+00:00,226.8449776931588,2.5363143413778664,0.5146844180836289,0.8945585571153073,0.5146844180836289,6.075548662143591,49.99539963307295
2024-01-01 11:00:00+00:00,227.65508528416464,2.4757076252667973,0.5038758855442411,0.8940192378864669,0.5038758855442411,6.083946593569328,50.0258729345754
2024-01-01 11:01:00+00:00,226.75139957725858,2.509178183915301,0.5083720447930545,0.8935115722142323,0.5083720447930545,6.092419460982546,50.01537057488824
2024-01-01 11:02:00+00:00,226.45520542517284,2.444607840280596,0.4943796226628402,0.893036178611025,0.4943796226628402,6.10065912136026,50.01161855659757
2024-01-01 11:03:00+00:00,227.86956722208322,2.5136065506403016,0.511254817360674,0.892593636270722,0.511254817360674,6.109180034982938,50.00352969533167
2024-01-01 11:04:00+00:00,227.9874069678609,2.481381005752073,0.5047298372729295,0.8921844843629965,0.5047298372729295,6.117592198937486,49.98463938096254
2024-01-01 11:05:00+00:00,227.3060100781393,2.4398171323953024,0.49458410415348397,0.8918092213764228,0.49458410415348397,6.125835267340045,49.979059550652366
2024-01-01 11:06:00+00:00,227.752304845886,2.35306134040145,0.47775136453407585,0.8914683045111454,0.47775136453407585,6.133797790082279,49.985178119223264
2024-01-01 11:07:00+00:00,227.03354421316627,2.480329287556003,0.5018294016127989,0.8911621491218504,0.5018294016127989,6.142161613442492,50.02397783587055
2024-01-01 11:08:00+00:00,226.92836344027393,2.494841605766897,0.5043782996736329,0.8908911282117201,0.5043782996736329,6.150567918437052,49.99633436346136
2024-01-01 11:09:00+00:00,228.62747697266065,2.443089913979585,0.4974823345489335,0.8906555719779858,0.4974823345489335,6.158859290679534,50.00745400762228
2024-01-01 11:10:00+00:00,225.79610266445505,2.441469299487782,0.49088533765144493,0.8904557674096338,0.49088533765144493,6.1670407129737255,49.99019606197036
2024-01-01 11:11:00+00:00,227.68124635026396,2.4799627933570463,0.5026953589551754,0.890291957937753,0.5026953589551754,6.175418968956312,49.969236918163695
2024-01-01 11:12:00+00:00,228.3889174927623,2.472529366730533,0.5026742962197125,0.8901643431389519,0.5026742962197125,6.183796873893307,49.973163222418144
2024-01-01 11:13:00+00:00,228.13793657312672,2.511579310647714,0.5099998771001667,0.8900730784922053,0.5099998771001667,6.1922968718449765,50.019669878359146
2024-01-01 11:14:00+00:00,227.30102023773208,2.44863975287111,0.49536487105394145,0.8900182751894272,0.49536487105394145,6.2005529530292085,50.02657552025777
2024-01-01 11:15:00+00:00,227.52790500330673,2.5160311306455494,0.5094958899502059,0.89,0.5094958899502059,6.209044551195046,50.02549154156516
2024-01-01 11:16:00+00:00,226.53425335400198,2.4115873207712855,0.4862233323332651,0.8900182751894272,0.4862233323332651,6.2171482734006,50.0298417135946
2024-01-01 11:17:00+00:00,228.57465457640274,2.45781966124799,0.5000388544239533,0.8900730784922053,0.5000388544239533,6.225482254307666,49.95897071687552
2024-01-01 11:18:00+00:00,227.46801768320483,2.3956991089569355,0.4850905432389754,0.8901643431389519,0.4850905432389754,6.2335670966949825,50.01831832156426
2024-01-01 11:19:00+00:00,226.95419415937545,2.3920122595228688,0.48331921846571,0.890291957937753,0.48331921846571,6.241622417002745,50.016616181332715
2024-01-01 11:20:00+00:00,228.67746531286343,2.456183315516981,0.5001456522946518,0.8904557674096338,0.5001456522946518,6.249958177874323,49.98929480465073
2024-01-01 11:21:00+00:00,228.46603308711187,2.5110154992491167,0.5109528472986621,0.8906555719779858,0.5109528472986621,6.2584740586626335,49.98790425629037
2024-01-01 11:22:00+00:00,228.25462205145936,2.4847852677773257,0.5052811283297323,0.8908911282117201,0.5052811283297323,6.266895410801462,49.99118172593312
2024-01-01 11:23:00+00:00,227.01846930159255,2.522295074490506,0.5102861899557067,0.8911621491218504,0.5102861899557067,6.275400180634057,49.98498877349454
2024-01-01 11:24:00+00:00,228.1268296734561,2.447695361014158,0.4977825138050568,0.8914683045111454,0.4977825138050568,6.283696555864141,49.989659906838746
2024-01-01 11:25:00+00:00,228.93537361588906,2.4369887867144193,0.4975519031762436,0.8918092213764228,0.4975519031762436,6.291989087583746,49.992677998047455
2024-01-01 11:26:00+00:00,228.11111675033598,2.4891488550827674,0.5065846030680984,0.8921844843629965,0.5065846030680984,6.300432164301547,50.019634684028034
2024-01-01 11:27:00+00:00,228.4268240128382,2.4195205903452766,0.49332168935981674,0.892593636270722,0.49332168935981674,6.308654192457544,50.0036596398229
2024-01-01 11:28:00+00:00,228.59303630014102,2.5462938933883614,0.5198051501002449,0.893036178611025,0.5198051501002449,6.317317611625882,50.01869023140553
2024-01-01 11:29:00+00:00,228.17699787380192,2.4733804749330592,0.5042698137725601,0.8935115722142323,0.5042698137725601,6.325722108522091,49.99973082457914
2024-01-01 11:30:00+00:00,228.56746392979488,2.4877159170171703,0.5083490996808632,0.8940192378864669,0.5083490996808632,6.334194593516772,49.99378842502367
2024-01-01 11:31:00+00:00,229.12790109555468,2.382973600350998,0.4884341064273485,0.8945585571153073,0.4884341064273485,6.3423351619572275,50.010886330874385
2024-01-01 11:32:00+00:00,229.5615819626261,2.5083767652100546,0.515439318293333,0.8951288728233487,0.515439318293333,6.350925817262116,50.0447961225049
2024-01-01 11:33:00+00:00,227.7373872343749,2.4755051325966204,0.5049809996064085,0.8957294901687516,0.5049809996064085,6.359342167255556,49.98774028059693
2024-01-01 11:34:00+00:00,228.15210677841188,2.4291470935291506,0.4967760028641747,0.8963596773917983,0.4967760028641747,6.367621767303292,50.02811896906984
2024-01-01 11:35:00+00:00,228.42941001849994,2.3542511626329845,0.4823988816769058,0.8970186667064307,0.4823988816769058,6.375661748664574,50.00286242191319
2024-01-01 11:36:00+00:00,228.73368691345317,2.3898905580534824,0.49072943072195546,0.8977056552356782,0.49072943072195546,6.38384057250994,50.00998045619709
2024-01-01 11:37:00+00:00,228.5889682136703,2.3520004047630345,0.48302763355243666,0.8984198059898405,0.48302763355243666,6.391891033069148,49.96902973175083
2024-01-01 11:38:00+00:00,229.1912954350423,2.447813579454432,0.5044446936075139,0.8991602488862301,0.5044446936075139,6.400298444629273,50.00087603414203
2024-01-01 11:39:00+00:00,228.5842417710223,2.4202126023553343,0.4978593231671313,0.8999260818092343,0.4978593231671313,6.408596100015392,50.015548915313126
2024-01-01 11:40:00+00:00,228.9430840853807,2.4253593210428877,0.5001400978540745,0.9007163717094039,0.5001400978540745,6.41693176831296,49.99255288542131
2024-01-01 11:41:00+00:00,229.70587823360208,2.4306520115033687,0.5033558890737411,0.9015301557402303,0.5033558890737411,6.425321033130856,49.9667049710543
2024-01-01 11:42:00+00:00,228.1617285678511,2.4598425491360745,0.5064458819267116,0.9023664424312259,0.5064458819267116,6.433761797829634,50.02306168662448
2024-01-01 11:43:00+00:00,228.8141308795605,2.3744496377058892,0.4907286066196838,0.9032242128958776,0.4907286066196838,6.441940607939962,49.979155426231365
2024-01-01 11:44:00+00:00,228.8507730500007,2.434613867303846,0.5037326579287716,0.9041024220730038,0.5037326579287716,6.450336152238775,49.97964378162881
2024-01-01 11:45:00+00:00,230.21226786450163,2.4300805228564433,0.5062880851754229,0.905,0.5062880851754229,6.458774286991699,50.00560677134745
2024-01-01 11:46:00+00:00,229.58553999182172,2.3876984090005915,0.49660588415743123,0.9059158531164233,0.49660588415743123,6.4670510517276565,49.98258862411024
2024-01-01 11:47:00+00:00,228.0978252543055,2.4103897474531815,0.4985897316849401,0.9068488655963277,0.4985897316849401,6.475360880589072,50.006529722637744
2024-01-01 11:48:00+00:00,229.77047829396398,2.4726040579537396,0.5157485077037854,0.907797900707726,0.5157485077037854,6.483956689050802,50.00562935522332
2024-01-01 11:49:00+00:00,228.7907689481367,2.380081108426999,0.49485768517178286,0.9087618021975227,0.49485768517178286,6.4922043171369985,50.010545929917285
2024-01-01 11:50:00+00:00,230.1490732382883,2.3683708786321427,0.495879260384524,0.90973939570023,0.495879260384524,6.5004689714767405,49.984054288855766
2024-01-01 11:51:00+00:00,229.90999120938324,2.396670035936983,0.5018286945696387,0.9107294901687516,0.5018286945696387,6.508832783052902,49.987313246848885
2024-01-01 11:52:00+00:00,229.152931241999,2.4446777437984566,0.5107562619247921,0.91173087932549,0.5107562619247921,6.517345387418315,50.02551569993894
2024-01-01 11:53:00+00:00,230.3520172538625,2.3656871849892425,0.4973905565830972,0.91274234313201,0.4973905565830972,6.525635230028033,50.006324812068314
2024-01-01 11:54:00+00:00,229.95124356728508,2.436219553832997,0.5119005417735604,0.9137626492754672,0.5119005417735604,6.534166905724259,50.01174665579457
2024-01-01 11:55:00+00:00,230.44221592164706,2.4108338876038062,0.5082191224913637,0.9147905546699922,0.5082191224913637,6.542637224432449,50.02726891216118
2024-01-01 11:56:00+00:00,230.67768521742272,2.3365177666295724,0.4936135530675743,0.9158248069711981,0.4936135530675743,6.550864116983575,49.971903409938726
2024-01-01 11:57:00+00:00,229.88156587602936,2.463539682490036,0.5192406668443151,0.9168641461019704,0.5192406668443151,6.559518128097647,50.00098092960407
2024-01-01 11:58:00+00:00,229.82736453575686,2.350523348627143,0.4958669156365889,0.9179073057876763,0.4958669156365889,6.56778257669159,49.99821456672283
2024-01-01 11:59:00+00:00,229.5109734153413,2.4493847201753645,0.5165992439494924,0.918953015098925,0.5165992439494924,6.576392564090748,49.98995481265561
2024-01-01 12:00:00+00:00,229.63019198845308,2.4435664572124067,0.5162273039297307,0.92,0.5162273039297307,6.5849963524895765,50.006180685335636
2024-01-01 12:01:00+00:00,231.58089857209185,2.3755725215107937,0.5067022269842427,0.9210469849010751,0.5067022269842427,6.593441389605981,50.01499675443947
2024-01-01 12:02:00+00:00,230.7984166959719,2.3723741467065596,0.50488281532171,0.9220926942123238,0.50488281532171,6.601856103194676,49.976391917558395
2024-01-01 12:03:00+00:00,230.6273107156009,2.4417740369372694,0.5198545212256218,0.9231358538980297,0.5198545212256218,6.610520345215103,50.00613767298587
2024-01-01 12:04:00+00:00,229.03015377848234,2.412986619204227,0.5107423673792808,0.924175193028802,0.5107423673792808,6.619032718004758,50.0295022940981
2024-01-01 12:05:00+00:00,229.93950399397377,2.4585368733541064,0.5230345455533996,0.9252094453300079,0.5230345455533996,6.627749960430648,50.02759273372339
2024-01-01 12:06:00+00:00,229.97487291728822,2.4450400717807206,0.5208212058667606,0.9262373507245328,0.5208212058667606,6.63643031386176,49.9779176529126
2024-01-01 12:07:00+00:00,230.12932126185785,2.4207534473580234,0.5165625815182295,0.9272576568679901,0.5165625815182295,6.645039690220398,50.01898281981086
2024-01-01 12:08:00+00:00,229.25415906879766,2.4497927048852564,0.5213392994104651,0.9282691206745101,0.5213392994104651,6.653728678543906,50.009131708124805
2024-01-01 12:09:00+00:00,231.05878099964846,2.3937506618779443,0.5139768333500022,0.9292705098312485,0.5139768333500022,6.662294959099739,50.00565945775276
2024-01-01 12:10:00+00:00,229.20477904216062,2.4577700235705633,0.5240461576326424,0.9302606042997701,0.5240461576326424,6.67102906172695,50.007348197616416
2024-01-01 12:11:00+00:00,229.10090713505704,2.4224804170267213,0.516830179229365,0.9312381978024774,0.516830179229365,6.679642898047439,49.968230752120995
2024-01-01 12:12:00+00:00,231.15286702976337,2.3947652840650697,0.5160268681581845,0.932202099292274,0.5160268681581845,6.688243345850076,49.98555375839807
2024-01-01 12:13:00+00:00,230.83525353042722,2.309656342293181,0.4975096274730723,0.9331511344036724,0.4975096274730723,6.6965351729746265,49.98965186537598
2024-01-01 12:14:00+00:00,230.49916177215047,2.459799948757573,0.5296087355326856,0.9340841468835768,0.5296087355326856,6.7053619852335045,50.03850939244235
2024-01-01 12:15:00+00:00,229.53529682678163,2.402553735959655,0.515625277405616,0.935,0.515625277405616,6.713955739856932,50.02680954337268
2024-01-01 12:16:00+00:00,232.64122403439046,2.3892921656441892,0.5202166602463237,0.9358975779269962,0.5202166602463237,6.722626017527704,50.00424613041727
2024-01-01 12:17:00+00:00,230.46021783607424,2.3918568554847655,0.5163769048820462,0.9367757871041225,0.5163769048820462,6.731232299275738,50.010972672191706
2024-01-01 12:18:00+00:00,229.97553478312904,2.318909428151443,0.5000328838531481,0.9376335575687742,0.5000328838531481,6.7395661806732905,50.0109940879619
2024-01-01 12:19:00+00:00,229.70236197328933,2.402977137283967,0.5180067534139341,0.9384698442597698,0.5180067534139341,6.7481996265635225,49.997303526498804
2024-01-01 12:20:00+00:00,231.40865855090752,2.3556823796051383,0.5120272691276521,0.9392836282905962,0.5120272691276521,6.756733414382317,49.995776774987924
2024-01-01 12:21:00+00:00,231.39459386458094,2.4371675157280825,0.5301522302035081,0.9400739181907658,0.5301522302035081,6.765569284885708,50.018461661669434
2024-01-01 12:22:00+00:00,230.7039090950426,2.3555557983713555,0.5112861258573513,0.9408397511137699,0.5112861258573513,6.774090720316664,50.02058231642955
2024-01-01 12:23:00+00:00,232.50819444089126,2.4306632372959003,0.5321332186168852,0.9415801940101596,0.5321332186168852,6.782959607293613,50.00925188667036
2024-01-01 12:24:00+00:00,230.43935654327618,2.453407566556436,0.5327370958839377,0.9422943447643218,0.5327370958839377,6.791838558891678,49.9953159763304
2024-01-01 12:25:00+00:00,230.19298012371215,2.3449887742278057,0.5090212806139908,0.9429813332935694,0.5090212806139908,6.800322246901911,50.00885936112291
2024-01-01 12:26:00+00:00,230.9707366732372,2.4409399671566376,0.5320109220845458,0.9436403226082017,0.5320109220845458,6.80918909560332,49.97457911212453
2024-01-01 12:27:00+00:00,230.95618961010888,2.221771551972007,0.48453531310671405,0.9442705098312485,0.48453531310671405,6.817264684155099,49.9999371100102
2024-01-01 12:28:00+00:00,230.89489418573712,2.307180019675691,0.5033480491262781,0.9448711271766513,0.5033480491262781,6.825653818307203,50.014034044994744
2024-01-01 12:29:00+00:00,230.67027222517075,2.3729270951852017,0.5175003631988551,0.9454414428846928,0.5175003631988551,6.834278824360518,49.993122080136196
2024-01-01 12:30:00+00:00,230.06849111479727,2.3951857157956145,0.5212890971724264,0.9459807621135332,0.5212890971724264,6.842966975980058,50.02620983097527
2024-01-01 12:31:00+00:00,232.00959313094629,2.3227339802152716,0.5100593632096487,0.9464884277857678,0.5100593632096487,6.8514679653668855,49.990775248881405
2024-01-01 12:32:00+00:00,231.13077793256156,2.3620796853905475,0.5169942498282828,0.9469638213889751,0.5169942498282828,6.860084536197357,50.00880278696366
2024-01-01 12:33:00+00:00,231.52832136512055,2.39800039988469,0.5260047570128731,0.9474063637292781,0.5260047570128731,6.868851282147572,49.991785712631696
2024-01-01 12:34:00+00:00,231.87425852056364,2.3054859602096647,0.5066859173043204,0.9478155156370036,0.5066859173043204,6.877296047435977,49.995912378061256
2024-01-01 12:35:00+00:00,230.68185971663516,2.3872318694703867,0.5221602107762244,0.9481907786235773,0.5221602107762244,6.885998717615581,50.01210042817419
2024-01-01 12:36:00+00:00,231.98674780796927,2.3656318724474166,0.5205496838366142,0.9485316954888546,0.5205496838366142,6.894674545679525,50.00013749689884
2024-01-01 12:37:00+00:00,230.48442924609904,2.367800829841326,0.5178199290098222,0.9488378508781496,0.5178199290098222,6.903304877829688,50.02845376879797
2024-01-01 12:38:00+00:00,231.55799559407942,2.34218975763975,0.5147518214509282,0.94910887178828,0.5147518214509282,6.91188407485387,50.02630130285683
2024-01-01 12:39:00+00:00,232.42449957751106,2.3737875787361653,0.5237783742256527,0.9493444280220142,0.5237783742256527,6.920613714424298,50.01331079808905
2024-01-01 12:40:00+00:00,230.68282454845894,2.3713886051667794,0.519437368089298,0.9495442325903662,0.519437368089298,6.9292710038924525,49.99629961375822
2024-01-01 12:41:00+00:00,231.56626057962285,2.3088991923382243,0.5077738952725626,0.9497080420622471,0.5077738952725626,6.937733902146995,50.01139733923943
2024-01-01 12:42:00+00:00,232.00992371827212,2.399236536892103,0.5287228705474578,0.9498356568610482,0.5287228705474578,6.946545949989453,50.00770814869057
2024-01-01 12:43:00+00:00,230.61138214182577,2.430989474137911,0.5325421816586884,0.9499269215077948,0.5325421816586884,6.955421653017098,50.00991099419229
2024-01-01 12:44:00+00:00,233.5755935751412,2.273579332354323,0.5044903049024625,0.9499817248105729,0.5044903049024625,6.9638298247654715,50.0477708674502
2024-01-01 12:45:00+00:00,232.79401009858373,2.3126873765111133,0.5114607800582754,0.9500000000000001,0.5114607800582754,6.972354171099776,50.00683453446986
2024-01-01 12:46:00+00:00,232.52138006563507,2.361063527816551,0.5215378293771397,0.9499817248105729,0.5215378293771397,6.981046468256062,49.994270628508225
2024-01-01 12:47:00+00:00,231.59005238244785,2.2808405488803083,0.5017703815617903,0.9499269215077948,0.5017703815617903,6.989409307948758,50.01362153751544
2024-01-01 12:48:00+00:00,231.23784900769968,2.403312284545274,0.5278585934893377,0.9498356568610482,0.5278585934893377,6.9982069511735805,49.982475505678
2024-01-01 12:49:00+00:00,231.70953176481657,2.3094264784991236,0.5082040901782032,0.9497080420622471,0.5082040901782032,7.0066770193432175,49.98166306519339
2024-01-01 12:50:00+00:00,230.9002013709012,2.45218001141098,0.5376403559661499,0.9495442325903662,0.5376403559661499,7.015637691942653,49.963705288327304
2024-01-01 12:51:00+00:00,231.44013459776178,2.348048500707641,0.5159047687690528,0.9493444280220142,0.5159047687690528,7.024236104755471,50.010745087484274
2024-01-01 12:52:00+00:00,232.4569301724853,2.3310301917567235,0.5142880459828982,0.94910887178828,0.5142880459828982,7.03280757218852,49.993913228314454
2024-01-01 12:53:00+00:00,231.6107269141933,2.5123377209170528,0.5521139111010412,0.9488378508781496,0.5521139111010412,7.04200947070687,50.00603939100289
2024-01-01 12:54:00+00:00,232.1157189112579,2.418927674752431,0.532573168806334,0.9485316954888546,0.532573168806334,7.050885690186976,50.03015379312771
2024-01-01 12:55:00+00:00,231.837509450255,2.3704395779895635,0.5210846977355362,0.9481907786235773,0.5210846977355362,7.059570435149235,50.01156359471971
2024-01-01 12:56:00+00:00,232.35171251989547,2.2621730782450276,0.49819059109990543,0.9478155156370036,0.49819059109990543,7.067873611667567,49.96617787390714
2024-01-01 12:57:00+00:00,232.33817137432396,2.291530173997167,0.5044085560557536,0.9474063637292781,0.5044085560557536,7.076280420935163,50.03570852849469
2024-01-01 12:58:00+00:00,232.69984843568108,2.4037669360199763,0.5296900862667175,0.9469638213889751,0.5296900862667175,7.085108589039608,50.01528347707514
2024-01-01 12:59:00+00:00,232.26167612707548,2.2861537373540894,0.502572008647133,0.9464884277857678,0.502572008647133,7.093484789183727,50.042393760930885
2024-01-01 13:00:00+00:00,232.74246813858838,2.33590580073997,0.5142961404521097,0.9459807621135332,0.5142961404521097,7.102056391524596,49.98536064933364
2024-01-01 13:01:00+00:00,233.3060677262576,2.2630784257247374,0.4991835597936688,0.9454414428846928,0.4991835597936688,7.110376117521157,50.006567925097464
2024-01-01 13:02:00+00:00,233.3435379005802,2.304844123646925,0.5081710451604876,0.9448711271766513,0.5081710451604876,7.118845634940499,49.9930453702062
2024-01-01 13:03:00+00:00,232.29044092666035,2.3207929812866364,0.5090543668426555,0.9442705098312485,0.5090543668426555,7.127329874387876,50.022723343968565
2024-01-01 13:04:00+00:00,231.5787870763354,2.2855275444089442,0.4994496636154152,0.9436403226082017,0.4994496636154152,7.135654035448133,50.00759904918972
2024-01-01 13:05:00+00:00,232.8589174848577,2.351514446200998,0.5163493338648737,0.9429813332935694,0.5163493338648737,7.144259857679215,49.981011959450825
2024-01-01 13:06:00+00:00,233.90835721211735,2.3537482962261578,0.5187908910846596,0.9422943447643218,0.5187908910846596,7.152906372530626,50.04128757777345
2024-01-01 13:07:00+00:00,232.6398306102096,2.3313889697226844,0.5106885549459868,0.9415801940101596,0.5106885549459868,7.161417848446392,50.02435523097627
2024-01-01 13:08:00+00:00,232.73166776764413,2.2865258328934135,0.500665023265253,0.9408397511137699,0.500665023265253,7.169762265500813,50.02151739365301
2024-01-01 13:09:00+00:00,233.84357239444648,2.30571553101758,0.5068660062669567,0.9400739181907658,0.5068660062669567,7.178210032271929,50.02098415242832
2024-01-01 13:10:00+00:00,232.79101078479331,2.33617408819898,0.510820315894464,0.9392836282905962,0.510820315894464,7.186723704203503,49.999488944602696
2024-01-01 13:11:00+00:00,234.186388140396,2.218603157551241,0.48759764266526234,0.9384698442597698,0.48759764266526234,7.194850331581257,50.04200983545426
2024-01-01 13:12:00+00:00,233.4633211751093,2.3267134081843963,0.5093246484867869,0.9376335575687742,0.5093246484867869,7.203339075722703,49.9710233064047
2024-01-01 13:13:00+00:00,232.24216499549797,2.311164738968651,0.5028143125230236,0.9367757871041225,0.5028143125230236,7.211719314264754,49.96348628700967
2024-01-01 13:14:00+00:00,232.39705994227876,2.3836524536033368,0.5184440404257391,0.9358975779269962,0.5184440404257391,7.22036004827185,49.96701857966476
2024-01-01 13:15:00+00:00,233.81770485487564,2.378039869936055,0.5198860158531161,0.935,0.5198860158531161,7.229024815202735,50.02144638795902
2024-01-01 13:16:00+00:00,235.40988446172292,2.324438020618886,0.511126815416427,0.9340841468835768,0.511126815416427,7.237543595459676,50.01539157470814
2024-01-01 13:17:00+00:00,233.37856909535782,2.3062575596352617,0.5022509514891255,0.9331511344036724,0.5022509514891255,7.245914444651161,49.97528906564199
2024-01-01 13:18:00+00:00,232.6506174701547,2.2603375699546238,0.4902161217486018,0.932202099292274,0.4902161217486018,7.2540847133469715,50.03559528211591
2024-01-01 13:19:00+00:00,232.12459527936,2.2612768935403214,0.4888050523966588,0.9312381978024774,0.4888050523966588,7.262231464220249,49.99723221511176
2024-01-01 13:20:00+00:00,232.76336383962777,2.278174657826438,0.49329449709656487,0.9302606042997701,0.49329449709656487,7.2704530391718585,50.01492380200347
2024-01-01 13:21:00+00:00,232.44792560826062,2.30111246999944,0.49705640668994167,0.9292705098312485,0.49705640668994167,7.278737312616691,49.994601099547545
2024-01-01 13:22:00+00:00,233.92777491297073,2.3103633299099466,0.5016906144525795,0.9282691206745101,0.5016906144525795,7.287098822857567,49.98520369331917
2024-01-01 13:23:00+00:00,233.5667202290756,2.288222059558632,0.49557519289243096,0.9272576568679901,0.49557519289243096,7.295358409405774,50.00894213983485
2024-01-01 13:24:00+00:00,233.43882589850614,2.349607804526131,0.5080316347816244,0.9262373507245328,0.5080316347816244,7.303825603318802,49.95475361188049
2024-01-01 13:25:00+00:00,232.7273890957001,2.181703763278463,0.4697678982994097,0.9252094453300079,0.4697678982994097,7.311655068290459,49.96350578296305
2024-01-01 13:26:00+00:00,231.8524635185501,2.2173907282350487,0.475125400752794,0.924175193028802,0.475125400752794,7.319573824969672,50.000164046845185
2024-01-01 13:27:00+00:00,234.1619688459782,2.3253530234183173,0.502656004277281,0.9231358538980297,0.502656004277281,7.32795142504096,50.00751565815891
2024-01-01 13:28:00+00:00,232.5141568828557,2.2804752122302294,0.4889329855413967,0.9220926942123238,0.4889329855413967,7.336100308133317,50.00394904225892
2024-01-01 13:29:00+00:00,233.0615676282467,2.2683154267336723,0.4869180733445833,0.9210469849010751,0.4869180733445833,7.344215609355727,49.98950888661196
2024-01-01 13:30:00+00:00,233.42239526809,2.3556377012253815,0.5058699070355382,0.92,0.5058699070355382,7.352646774472986,50.006218921984654
2024-01-01 13:31:00+00:00,233.2306869085201,2.241319515843379,0.48037762545226914,0.918953015098925,0.48037762545226914,7.3606530682305245,50.032237983241025
2024-01-01 13:32:00+00:00,233.45370770018388,2.2550689596518265,0.4832361652924921,0.9179073057876763,0.4832361652924921,7.368707004318733,49.98166979734465
2024-01-01 13:33:00+00:00,233.9152219596198,2.299258395403937,0.49311845374653906,0.9168641461019704,0.49311845374653906,7.376925645214508,49.988325428644096
2024-01-01 13:34:00+00:00,234.0421626973178,2.3106799921241126,0.4952748892905901,0.9158248069711981,0.4952748892905901,7.385180226702685,49.97454230769572
2024-01-01 13:35:00+00:00,235.20292178544335,2.2255581834718647,0.4788542396418011,0.9147905546699922,0.4788542396418011,7.393161130696715,50.0001257988953
2024-01-01 13:36:00+00:00,233.8715082565641,2.3738244204530643,0.5072935163811051,0.9137626492754672,0.5072935163811051,7.4016160226364,50.00898602366648
2024-01-01 13:37:00+00:00,232.84591791040663,2.264433013636893,0.4812561638464893,0.91274234313201,0.4812561638464893,7.409636958700508,50.01395877837226
2024-01-01 13:38:00+00:00,234.68139634139942,2.262863847746997,0.48417655025277184,0.91173087932549,0.48417655025277184,7.417706567871388,50.001346767668785
2024-01-01 13:39:00+00:00,231.7858180146597,2.2255811384371995,0.46980722514995554,0.9107294901687516,0.46980722514995554,7.425536688290554,49.967231793870525
2024-01-01 13:40:00+00:00,233.97192374438293,2.318062777802084,0.4934077210422274,0.90973939570023,0.4934077210422274,7.433760150307924,49.988127499206485
2024-01-01 13:41:00+00:00,233.92250879087752,2.3043342824361956,0.489855014595413,0.9087618021975227,0.489855014595413,7.441924400551181,50.01689380307681
2024-01-01 13:42:00+00:00,235.3468588919166,2.2209723958876557,0.47450494329536946,0.907797900707726,0.47450494329536946,7.44983281627277,49.95153633875758
2024-01-01 13:43:00+00:00,233.41316316121976,2.2514863196712627,0.47657314998484085,0.9068488655963277,0.47657314998484085,7.457775702105851,50.000940266771075
2024-01-01 13:44:00+00:00,233.4736475191041,2.3473581590114247,0.49648380551902693,0.9059158531164233,0.49648380551902693,7.466050432197834,50.019100428560215
2024-01-01 13:45:00+00:00,234.20557065698387,2.273204639147712,0.4818194567071822,0.905,0.4818194567071822,7.474080756476287,49.99040518325532
2024-01-01 13:46:00+00:00,233.68631860545648,2.2544732183480427,0.4763169102969987,0.9041024220730038,0.4763169102969987,7.482019371647904,49.987394932069265
2024-01-01 13:47:00+00:00,234.70379917183323,2.246449866915065,0.47622525384860853,0.9032242128958776,0.47622525384860853,7.489956459212047,50.022711948664764
2024-01-01 13:48:00+00:00,234.35648820923666,2.253572380770206,0.47657518944498223,0.9023664424312259,0.47657518944498223,7.497899379036131,49.9993515462946
2024-01-01 13:49:00+00:00,234.03874962373618,2.2390869416171912,0.4724316495718835,0.9015301557402303,0.4724316495718835,7.505773239862329,49.98845047204357
2024-01-01 13:50:00+00:00,233.6944335679563,2.2046717057176304,0.464066643601736,0.9007163717094039,0.464066643601736,7.513507683922358,50.00871232200765
2024-01-01 13:51:00+00:00,232.49995714437148,2.279729517960426,0.47699413432669757,0.8999260818092343,0.47699413432669757,7.5214575861611355,49.998094251217935
2024-01-01 13:52:00+00:00,234.07621392277792,2.2352937384408698,0.4704668035540434,0.8991602488862301,0.4704668035540434,7.529298699553703,49.992940955673724
2024-01-01 13:53:00+00:00,235.76508330745236,2.2417432898967027,0.4748371424338727,0.8984198059898405,0.4748371424338727,7.537212651927601,50.016564301789415
2024-01-01 13:54:00+00:00,234.24221961901813,2.256236513970804,0.4744426894885894,0.8977056552356782,0.4744426894885894,7.545120030085744,50.020135117458786
2024-01-01 13:55:00+00:00,234.3466160504656,2.288486359557263,0.48107024464981585,0.8970186667064307,0.48107024464981585,7.553137867496575,50.03086284040846
2024-01-01 13:56:00+00:00,234.59041918945294,2.2552703600774255,0.47423237061812246,0.8963596773917983,0.47423237061812246,7.56104174034021,49.98124141894776
2024-01-01 13:57:00+00:00,232.8006650640183,2.1961560666073145,0.45795656459017714,0.8957294901687516,0.45795656459017714,7.568674349750046,50.0024302158368
2024-01-01 13:58:00+00:00,234.31903743467248,2.198393529344061,0.4611036685220236,0.8951288728233489,0.4611036685220236,7.57635941089208,49.96803038061259
2024-01-01 13:59:00+00:00,234.05516616867408,2.2738325602607845,0.47608608376987066,0.8945585571153073,0.47608608376987066,7.584294178954911,50.00750124025469
2024-01-01 14:00:00+00:00,233.8289135955396,2.2643479850380435,0.4733563921175753,0.8940192378864669,0.4733563921175753,7.5921834521568705,49.986293453538096
2024-01-01 14:01:00+00:00,234.08998146371096,2.1313857282977344,0.4458051305645295,0.8935115722142323,0.4458051305645295,7.599613537666279,50.006454907996925
2024-01-01 14:02:00+00:00,234.33596500458967,2.206572252835438,0.46177046693957424,0.893036178611025,0.46177046693957424,7.607309712115272,49.97825203542214
2024-01-01 14:03:00+00:00,234.01287756424037,2.2407927356402024,0.4680532132714641,0.892593636270722,0.4680532132714641,7.61511059900313,49.975617282329836
2024-01-01 14:04:00+00:00,233.40550586613222,2.293872754297621,0.477677830698368,0.8921844843629965,0.477677830698368,7.623071896181436,50.03953135774285
2024-01-01 14:05:00+00:00,235.53508078561703,2.142799034354852,0.45009998774839044,0.8918092213764228,0.45009998774839044,7.630573562643909,50.00651024569034
2024-01-01 14:06:00+00:00,234.10398987663726,2.2466559920554516,0.46886876356138824,0.8914683045111454,0.46886876356138824,7.638388042036599,50.019577120826106
2024-01-01 14:07:00+00:00,235.76884975912233,2.132135673888697,0.4479793481811953,0.8911621491218504,0.4479793481811953,7.6458543645062855,49.96741999135456
2024-01-01 14:08:00+00:00,233.58823548065263,2.3381096843172275,0.4865645688658888,0.8908911282117201,0.4865645688658888,7.653963773987384,50.017251234194816
2024-01-01 14:09:00+00:00,234.34447948826198,2.294723511592773,0.478955187960267,0.8906555719779858,0.478955187960267,7.661946360453388,50.01125944357282
2024-01-01 14:10:00+00:00,235.40045995727226,2.2235817613776963,0.46609319407296884,0.8904557674096338,0.46609319407296884,7.669714580354604,50.00028230454126
2024-01-01 14:11:00+00:00,234.09379337808127,2.281535418997672,0.4754989528269341,0.890291957937753,0.4754989528269341,7.67763956290172,49.990648370714915
2024-01-01 14:12:00+00:00,233.430199922127,2.276593038898754,0.47305609185419745,0.8901643431389519,0.47305609185419745,7.68552383109929,49.991941617392975
2024-01-01 14:13:00+00:00,235.10337228818017,2.2675046781324695,0.4744961748900521,0.8900730784922053,0.4744961748900521,7.69343210068079,49.97929005416184
2024-01-01 14:14:00+00:00,234.63231397112847,2.2552839934914695,0.47096429737386913,0.8900182751894272,0.47096429737386913,7.701281505637022,49.9861224325882
2024-01-01 14:15:00+00:00,234.91566008256203,2.263672478632533,0.47327718193053475,0.89,0.47327718193053475,7.709169458669197,50.022881036746455
2024-01-01 14:16:00+00:00,235.47700072089123,2.228746654130724,0.46709812511738613,0.8900182751894272,0.46709812511738613,7.716954427421153,50.03799332169487
2024-01-01 14:17:00+00:00,235.74340063075456,2.227175565652838,0.46732569734080487,0.8900730784922053,0.46732569734080487,7.7247431890435,50.010622964695614
2024-01-01 14:18:00+00:00,234.91088467195272,2.28467575954226,0.47774693361221093,0.8901643431389519,0.47774693361221093,7.732705637937037,50.006312379024244
2024-01-01 14:19:00+00:00,235.27934845620828,2.2557660230465926,0.4725092448959853,0.890291957937753,0.4725092448959853,7.740580792018636,50.00846134710412
2024-01-01 14:20:00+00:00,234.8058474289993,2.253908835472195,0.47125677321545645,0.8904557674096338,0.47125677321545645,7.748435071572227,50.00270176037442
2024-01-01 14:21:00+00:00,234.55098993935238,2.174142354469155,0.4541873520655201,0.8906555719779858,0.4541873520655201,7.756004860773319,50.00665938178911
2024-01-01 14:22:00+00:00,233.86174601027926,2.277747317321078,0.4745580728550696,0.8908911282117201,0.4745580728550696,7.763914161987571,49.99634058215231
2024-01-01 14:23:00+00:00,236.08766458405947,2.234970158654057,0.4702207144913617,0.8911621491218504,0.4702207144913617,7.77175117389576,49.99208625834827
2024-01-01 14:24:00+00:00,235.48548687833818,2.1843329848123525,0.4585523222151016,0.8914683045111454,0.4585523222151016,7.7793937125993455,50.021085386578704
2024-01-01 14:25:00+00:00,234.2240736112056,2.220414380161504,0.4638072359963826,0.8918092213764228,0.4638072359963826,7.787123833199285,49.97588676150318
2024-01-01 14:26:00+00:00,233.84876737256246,2.216720223603607,0.4624881768788728,0.8921844843629965,0.4624881768788728,7.794831969480599,50.014012540337774
2024-01-01 14:27:00+00:00,234.35381457379762,2.1372890506071727,0.4470839445647604,0.892593636270722,0.4470839445647604,7.802283368556679,49.99123883614281
2024-01-01 14:28:00+00:00,233.8615720877122,2.220922186494881,0.46383259088745865,0.893036178611025,0.46383259088745865,7.810013911738136,50.01471058978031
2024-01-01 14:29:00+00:00,234.70878146962593,2.3207664736450706,0.486699569666653,0.8935115722142323,0.486699569666653,7.818125571232581,50.00221094208582
2024-01-01 14:30:00+00:00,235.68299881017288,2.1899484965073865,0.4614333935537956,0.8940192378864669,0.4614333935537956,7.825816127791811,50.026791779092
2024-01-01 14:31:00+00:00,233.81564443161733,2.230612766545366,0.46655894904035716,0.8945585571153073,0.46655894904035716,7.833592110275816,49.97680027567408
2024-01-01 14:32:00+00:00,234.69908217415576,2.238448372500415,0.47026649663114906,0.8951288728233487,0.47026649663114906,7.841429885219669,49.99118175909978
2024-01-01 14:33:00+00:00,234.4017295292288,2.2584324858542155,0.47418170809096155,0.8957294901687516,0.47418170809096155,7.849332913687851,50.00977347004548
2024-01-01 14:34:00+00:00,233.36664489443217,2.21493338519319,0.46332076341214823,0.8963596773917983,0.46332076341214823,7.857054926411387,49.98898404781914
2024-01-01 14:35:00+00:00,234.2330679939849,2.184973707141385,0.4590879596256517,0.8970186667064307,0.4590879596256517,7.864706392405148,50.00908906144062
2024-01-01 14:36:00+00:00,234.80554611614772,2.213794350984624,0.4666374463287902,0.8977056552356782,0.4666374463287902,7.872483683177295,50.019283391160464
2024-01-01 14:37:00+00:00,234.50177861208317,2.2203995503727936,0.46779609191681687,0.8984198059898405,0.46779609191681687,7.880280284709242,49.99349479970766
2024-01-01 14:38:00+00:00,235.33462655329814,2.315176967712984,0.4898996452969127,0.8991602488862301,0.4898996452969127,7.888445278797524,49.98200775049053
2024-01-01 14:39:00+00:00,234.47199869563906,2.096668650600283,0.44241274126951413,0.8999260818092343,0.44241274126951413,7.895818824485349,49.98369156090129
2024-01-01 14:40:00+00:00,236.06711529014325,2.222344054518943,0.47253593972899477,0.9007163717094039,0.47253593972899477,7.9036944234808315,49.99986087470594
2024-01-01 14:41:00+00:00,235.44369230091175,2.321776462886341,0.4928193168057792,0.9015301557402303,0.4928193168057792,7.911908078760928,49.9970997395258
2024-01-01 14:42:00+00:00,235.22446186086387,2.099058680475447,0.44554338450490594,0.9023664424312259,0.44554338450490594,7.91933380183601,49.99659014338685
2024-01-01 14:43:00+00:00,235.57014391925972,2.2160263704796757,0.4715098206533529,0.9032242128958776,0.4715098206533529,7.927192298846899,49.993138603422565
2024-01-01 14:44:00+00:00,234.37332658029467,2.240284435447433,0.474710653754448,0.9041024220730038,0.474710653754448,7.93510414307614,50.01243880408577
2024-01-01 14:45:00+00:00,234.2697979434579,2.1854612605109716,0.46334874896140993,0.905,0.46334874896140993,7.942826622225497,50.00180884992495
2024-01-01 14:46:00+00:00,235.35540791772908,2.3087311937820725,0.4922496458360628,0.9059158531164233,0.4922496458360628,7.951030782989432,50.04491285498089
2024-01-01 14:47:00+00:00,235.68561448768838,2.2934951321755452,0.49019154049672786,0.9068488655963277,0.49019154049672786,7.95920064199771,50.0137910152694
2024-01-01 14:48:00+00:00,235.24750304778482,2.2120831099860614,0.47240625171772715,0.907797900707726,0.47240625171772715,7.967074079526339,50.01314307051171
2024-01-01 14:49:00+00:00,235.63675292074151,2.287912770448957,0.4899283332742303,0.9087618021975227,0.4899283332742303,7.975239551747576,50.00300946813461
2024-01-01 14:50:00+00:00,234.49330531485026,2.0766537625171604,0.4430079741022195,0.90973939570023,0.4430079741022195,7.982623017982613,50.004092897566714
2024-01-01 14:51:00+00:00,235.34994851242564,2.157723748526909,0.46248680736284464,0.9107294901687516,0.46248680736284464,7.99033113143866,49.98175112186582
2024-01-01 14:52:00+00:00,235.22970223218283,2.1929607876593304,0.4703159301673093,0.91173087932549,0.4703159301673093,7.998169730274782,49.97970876436227
2024-01-01 14:53:00+00:00,236.11223499682822,2.2172043239246046,0.47782889371166737,0.91274234313201,0.47782889371166737,8.006133545169977,50.003659951709245
2024-01-01 14:54:00+00:00,235.73130464352352,2.145618611294884,0.4621715302020473,0.9137626492754672,0.4621715302020473,8.013836404006678,49.999191736948426
2024-01-01 14:55:00+00:00,235.559369826568,2.1610973408958976,0.4656894342473174,0.9147905546699922,0.4656894342473174,8.021597894577466,49.994176897558134
2024-01-01 14:56:00+00:00,234.45375561462072,2.203346163461626,0.47309932747309136,0.9158248069711981,0.47309932747309136,8.029482883368685,49.99832799813717
2024-01-01 14:57:00+00:00,235.52574975317285,2.2003897098579523,0.4751634098916929,0.9168641461019704,0.4751634098916929,8.037402273533546,49.99057118091596
2024-01-01 14:58:00+00:00,235.75215196858545,2.1728514087444686,0.4702020520691814,0.9179073057876763,0.4702020520691814,8.045238974401366,49.978687240565094
2024-01-01 14:59:00+00:00,235.16438325032365,2.1572463367073667,0.4661917606503488,0.918953015098925,0.4661917606503488,8.053008837078872,49.99802565018006
2024-01-01 15:00:00+00:00,234.98733735427155,2.23878075423092,0.48399831808817484,0.92,0.48399831808817484,8.061075475713675,50.00350600538683
2024-01-01 15:01:00+00:00,235.1644119577094,2.19282393385975,0.47496012190818715,0.9210469849010751,0.47496012190818715,8.06899147774548,49.988045112485715
2024-01-01 15:02:00+00:00,236.03913299623508,2.1304872152339134,0.4637004573552176,0.9220926942123238,0.4637004573552176,8.076719818701399,50.0156135718496
2024-01-01 15:03:00+00:00,235.51864977063184,2.1827897885547296,0.4745727913645321,0.9231358538980297,0.4745727913645321,8.08462936522414,49.99074508593467
2024-01-01 15:04:00+00:00,236.41491014048853,2.2037705255771876,0.4814991670614235,0.924175193028802,0.4814991670614235,8.09265435134183,49.99874059225268
2024-01-01 15:05:00+00:00,235.65468851516448,2.1698523182894784,0.4730927786866293,0.9252094453300079,0.4730927786866293,8.100539230986607,50.02346202834058
2024-01-01 15:06:00+00:00,234.66690446519192,2.198673420971234,0.47789761259593255,0.9262373507245328,0.47789761259593255,8.10850419119654,49.995537202184984
2024-01-01 15:07:00+00:00,234.84970503095232,2.1955887609186253,0.47812499313131446,0.9272576568679901,0.47812499313131446,8.116472941082062,50.00325687332892
2024-01-01 15:08:00+00:00,234.05007567584028,2.1727117822730597,0.47204652950313475,0.9282691206745101,0.47204652950313475,8.124340383240447,49.98549234699288
2024-01-01 15:09:00+00:00,234.68245432450348,2.1961306388210233,0.4789398209861934,0.9292705098312485,0.4789398209861934,8.132322713590217,49.966326549124986
2024-01-01 15:10:00+00:00,235.25125600841108,2.2054844209806457,0.48265918424422327,0.9302606042997701,0.48265918424422327,8.140367033327621,50.02601616090336
2024-01-01 15:11:00+00:00,234.70682510271695,2.1256113264625913,0.4645905331220895,0.9312381978024774,0.4645905331220895,8.148110208879656,49.98787877299109
2024-01-01 15:12:00+00:00,233.37232971790513,2.2331130650177466,0.48581413960737785,0.932202099292274,0.48581413960737785,8.156207111206445,49.97741914308938
2024-01-01 15:13:00+00:00,234.4168101499152,2.1111630954993386,0.4618091418353326,0.9331511344036724,0.4618091418353326,8.163903930237034,49.99296562421618
2024-01-01 15:14:00+00:00,234.01317081718295,2.1037777643671256,0.4598605592779281,0.9340841468835768,0.4598605592779281,8.171568272891665,49.97510033078177
2024-01-01 15:15:00+00:00,234.2749482301164,2.1477828822314318,0.47046556151391944,0.935,0.47046556151391944,8.179409365583565,50.009170820259065
2024-01-01 15:16:00+00:00,235.96721804912477,2.218330450878853,0.48989864306571757,0.9358975779269962,0.48989864306571757,8.187574342967993,49.99847258924478
2024-01-01 15:17:00+00:00,234.98990212918355,2.2191671311581267,0.48851158638118425,0.9367757871041225,0.48851158638118425,8.195716202741012,50.00077966642836
2024-01-01 15:18:00+00:00,233.02689488510865,2.1794067414261904,0.4761869401417131,0.9376335575687742,0.4761869401417131,8.203652651743374,49.97165980519681
2024-01-01 15:19:00+00:00,235.49979813437423,2.139469353881248,0.4728429641881578,0.9384698442597698,0.4728429641881578,8.211533367813177,49.99217036023363
2024-01-01 15:20:00+00:00,237.24078965254023,2.142782568708738,0.47748993148750024,0.9392836282905962,0.47748993148750024,8.219491533337969,50.05169911012004
2024-01-01 15:21:00+00:00,234.5993770290401,2.1946215818872807,0.4840035018570214,0.9400739181907658,0.4840035018570214,8.22755825836892,49.995146647087516
2024-01-01 15:22:00+00:00,233.63868115093936,2.1400414254594584,0.47041654145858,0.9408397511137699,0.47041654145858,8.235398534059895,50.012783991657884
2024-01-01 15:23:00+00:00,235.80039597224942,2.13907013333633,0.47492700910684754,0.9415801940101596,0.47492700910684754,8.243313984211676,50.00018461458684
2024-01-01 15:24:00+00:00,235.8532203178673,2.2240999087646873,0.4942909823159018,0.9422943447643218,0.4942909823159018,8.251552167250274,49.979950484045624
2024-01-01 15:25:00+00:00,234.9143591738897,2.1710538597812996,0.4809315375698108,0.9429813332935694,0.4809315375698108,8.259567692876438,49.96247485021888
2024-01-01 15:26:00+00:00,234.11890522147027,2.204817924753214,0.4870972817513994,0.9436403226082017,0.4870972817513994,8.267685980905627,49.966484135497446
2024-01-01 15:27:00+00:00,234.13577113105822,2.162298758570634,0.478057235382043,0.9442705098312485,0.478057235382043,8.275653601495328,49.9742351031978
2024-01-01 15:28:00+00:00,234.73802334483676,2.2102581823093472,0.49022903347533364,0.9448711271766513,0.49022903347533364,8.283824085386584,50.00154337287582
2024-01-01 15:29:00+00:00,234.93748593167243,2.1431013160102217,0.47602488355239764,0.9454414428846928,0.47602488355239764,8.291757833445791,49.9666833054382
2024-01-01 15:30:00+00:00,235.4225298362068,2.2196586624771393,0.49432949127289433,0.9459807621135332,0.49432949127289433,8.299996658300339,50.02829334280873
2024-01-01 15:31:00+00:00,234.13613995523502,2.1781948123558177,0.48270353796343224,0.9464884277857678,0.48270353796343224,8.308041717266397,49.96222869194466
2024-01-01 15:32:00+00:00,234.9378196774919,2.1874809937411004,0.4866655554622595,0.9469638213889751,0.4866655554622595,8.316152809857435,50.0094885060406
2024-01-01 15:33:00+00:00,233.89780480680344,2.208776984361253,0.48945673820501334,0.9474063637292781,0.48945673820501334,8.324310422160853,49.99183406013776
2024-01-01 15:34:00+00:00,233.91773237895023,2.0934030506782553,0.4641301825939465,0.9478155156370036,0.4641301825939465,8.332045925204085,50.01296629950074
2024-01-01 15:35:00+00:00,234.94092753799532,2.203884574197843,0.4909567682423441,0.9481907786235773,0.4909567682423441,8.340228538008123,49.98574823983163
2024-01-01 15:36:00+00:00,233.9414655886849,2.15723259731031,0.4786918440662954,0.9485316954888546,0.4786918440662954,8.348206735409228,50.02970311515149
2024-01-01 15:37:00+00:00,234.92550796812344,2.083706831566076,0.4644712011123073,0.9488378508781496,0.4644712011123073,8.355947922094433,50.018496732856505
2024-01-01 15:38:00+00:00,234.84044969997322,2.1934476508294942,0.48889569181792364,0.94910887178828,0.48889569181792364,8.364096183624731,50.002620472206374
2024-01-01 15:39:00+00:00,235.39762164086864,2.197112286558586,0.4909961978435618,0.9493444280220142,0.4909961978435618,8.37227945358879,49.99817650509613
2024-01-01 15:40:00+00:00,234.51985855430559,2.204639943766482,0.49094460912056453,0.9495442325903662,0.49094460912056453,8.3804618637408,49.94855235235054
2024-01-01 15:41:00+00:00,234.66935312713335,2.1932827385589695,0.4888111597551815,0.9497080420622471,0.4888111597551815,8.388608716403386,50.01635871093209
2024-01-01 15:42:00+00:00,236.9222276266565,2.1343219875225268,0.48030180064963324,0.9498356568610482,0.48030180064963324,8.396613746414213,49.987293011115575
2024-01-01 15:43:00+00:00,234.48153321165202,2.055045338832124,0.45774145842904496,0.9499269215077948,0.45774145842904496,8.404242770721364,50.00365453997979
2024-01-01 15:44:00+00:00,233.4783879642699,2.1903204557867886,0.4858135188905404,0.9499817248105729,0.4858135188905404,8.412339662702873,50.00354649172984
2024-01-01 15:45:00+00:00,235.11424931444802,2.1520060268449805,0.4806689174457342,0.9500000000000001,0.4806689174457342,8.42035081132697,49.960604960567494
2024-01-01 15:46:00+00:00,234.48487004645395,2.155927067701795,0.48024642568655607,0.9499817248105729,0.48024642568655607,8.428354918421745,49.97161092654837
2024-01-01 15:47:00+00:00,235.03847844093855,2.1793654340545294,0.48658556546547277,0.9499269215077948,0.48658556546547277,8.43646467784617,50.012944107940974
2024-01-01 15:48:00+00:00,235.29950389021596,2.1509702803421225,0.48073295013715533,0.9498356568610482,0.48073295013715533,8.444476893681788,49.9646837481501
2024-01-01 15:49:00+00:00,233.39486082793368,2.1439314397277727,0.475217360333756,0.9497080420622471,0.475217360333756,8.452397183020684,50.01479410983039
2024-01-01 15:50:00+00:00,235.31109907322357,2.098486177853972,0.46888217783565395,0.9495442325903662,0.46888217783565395,8.460211885984611,50.03538809138056
2024-01-01 15:51:00+00:00,234.62341890482105,2.157581346350046,0.48057629337904073,0.9493444280220142,0.48057629337904073,8.468221490874262,50.0031110424126
2024-01-01 15:52:00+00:00,234.20744384975703,2.130030421120443,0.4734809750179431,0.94910887178828,0.4734809750179431,8.476112840457894,50.02845199612023
2024-01-01 15:53:00+00:00,234.83860517076144,2.2168823112108664,0.49397404637175085,0.9488378508781496,0.49397404637175085,8.484345741230756,49.970570953391274
2024-01-01 15:54:00+00:00,234.54524909404407,2.1587095143493515,0.48025588303873223,0.9485316954888546,0.48025588303873223,8.492350005948069,49.977220389107316
2024-01-01 15:55:00+00:00,235.11165538805528,2.20484464833471,0.4915275687508153,0.9481907786235773,0.4915275687508153,8.500542132093916,50.04485139150482
2024-01-01 15:56:00+00:00,233.7786703923271,2.0625056168940783,0.4570080373206601,0.9478155156370036,0.4570080373206601,8.508158932715927,49.98219604570142
2024-01-01 15:57:00+00:00,234.39699787402228,2.2272530735847584,0.49460432478561034,0.9474063637292781,0.49460432478561034,8.516402338129021,49.997244838897096
2024-01-01 15:58:00+00:00,235.44909847178707,2.217314414333266,0.4943763642744695,0.9469638213889751,0.4943763642744695,8.524641944200262,50.007249956600624
2024-01-01 15:59:00+00:00,234.08634639619856,2.1769557885759983,0.48232636362950654,0.9464884277857678,0.48232636362950654,8.53268071692742,49.988948633002956
2024-01-01 16:00:00+00:00,234.39356198936932,2.153724908572109,0.4775493015552385,0.9459807621135332,0.4775493015552385,8.54063987195334,49.98498478662712
2024-01-01 16:01:00+00:00,233.35172209369318,2.145835781096358,0.4734151244034424,0.9454414428846928,0.4734151244034424,8.548530124026732,50.00816355026906
2024-01-01 16:02:00+00:00,234.13621873660563,2.12511474189647,0.4701360591186023,0.9448711271766513,0.4701360591186023,8.556365725012041,50.022928741420785
2024-01-01 16:03:00+00:00,234.56891544276826,2.168652117258994,0.48034887402310095,0.9442705098312485,0.48034887402310095,8.564371539579092,50.01333189673425
2024-01-01 16:04:00+00:00,235.03319358675307,2.1532697665792337,0.4775668080944976,0.9436403226082017,0.4775668080944976,8.572330986380667,50.01921070735133
2024-01-01 16:05:00+00:00,233.83513423578427,2.248901791399786,0.49588771759243283,0.9429813332935694,0.49588771759243283,8.580595781673875,50.02191782658321
2024-01-01 16:06:00+00:00,235.87292766330484,2.173962859915841,0.4831887371137737,0.9422943447643218,0.4831887371137737,8.588648927292438,49.995686290969246
2024-01-01 16:07:00+00:00,233.2698988103476,2.1802284076819882,0.47887041813369496,0.9415801940101596,0.47887041813369496,8.596630100928,50.021294765226514
2024-01-01 16:08:00+00:00,233.81505587435944,2.0976849831201076,0.4614539846501084,0.9408397511137699,0.4614539846501084,8.604321000672169,50.02608200382571
2024-01-01 16:09:00+00:00,234.24064894991355,2.1124449516189765,0.4651678239922707,0.9400739181907658,0.4651678239922707,8.612073797738706,49.99640511250927
2024-01-01 16:10:00+00:00,233.778804222582,2.176322939666399,0.477887009680613,0.9392836282905962,0.477887009680613,8.620038581233382,50.00988211282236
2024-01-01 16:11:00+00:00,233.0115931488074,2.1919012059412895,0.47931257921759457,0.9384698442597698,0.47931257921759457,8.628027124220342,50.01554208621436
2024-01-01 16:12:00+00:00,235.2167676080113,2.107008329223607,0.4646946496141522,0.9376335575687742,0.4646946496141522,8.635772035047244,50.030808994624024
2024-01-01 16:13:00+00:00,234.46219617723273,2.102649439451713,0.4618227865063766,0.9367757871041225,0.4618227865063766,8.643469081489018,50.01955632119942
2024-01-01 16:14:00+00:00,233.32433725171174,2.0524166697029442,0.44818147087730825,0.9358975779269962,0.44818147087730825,8.650938772670306,50.023802387436774
2024-01-01 16:15:00+00:00,234.99507402466585,2.131291457305189,0.46828819918202874,0.935,0.46828819918202874,8.658743575990007,50.01769586333656
2024-01-01 16:16:00+00:00,234.11321981264385,2.151904471642515,0.47058158410109246,0.9340841468835768,0.47058158410109246,8.666586602391693,50.01008843470453
2024-01-01 16:17:00+00:00,233.62655446255891,2.142676934561496,0.46712260796957344,0.9331511344036724,0.46712260796957344,8.674371979191186,50.016948999397954
2024-01-01 16:18:00+00:00,232.99219202231438,2.1744768861220263,0.4722872697424327,0.932202099292274,0.4722872697424327,8.682243433686892,50.00457659548051
2024-01-01 16:19:00+00:00,234.36672051476356,2.1134965774622523,0.4612732539175796,0.9312381978024774,0.4612732539175796,8.689931321252185,50.002961498627165
2024-01-01 16:20:00+00:00,232.9857194101231,2.1391372229412737,0.4636311172341289,0.9302606042997701,0.4636311172341289,8.69765850653942,49.99897052017402
2024-01-01 16:21:00+00:00,233.45598369976878,2.1210290795249596,0.46014402569368884,0.9292705098312485,0.46014402569368884,8.705327573634316,49.97597615856493
2024-01-01 16:22:00+00:00,234.169065243955,2.064069063691045,0.4486706394590713,0.9282691206745101,0.4486706394590713,8.712805417625301,49.95904665437784
2024-01-01 16:23:00+00:00,234.1801832548217,2.0768585407487548,0.4509802121351482,0.9272576568679901,0.4509802121351482,8.72032175449422,49.97732034129062
2024-01-01 16:24:00+00:00,233.09374370428637,2.2130913291239174,0.47780670928725205,0.9262373507245328,0.47780670928725205,8.728285199649008,49.99726628790352
2024-01-01 16:25:00+00:00,235.10884215083342,2.2077064463288227,0.4802311712970641,0.9252094453300079,0.4802311712970641,8.73628905250396,49.9717886090026
2024-01-01 16:26:00+00:00,233.1571562630761,2.1381957911852654,0.460734280761271,0.924175193028802,0.460734280761271,8.743967957183314,49.95213557565665
2024-01-01 16:27:00+00:00,232.83922633294694,2.2276011379232488,0.4788055740051795,0.9231358538980297,0.4788055740051795,8.7519480500834,50.00519612936745
2024-01-01 16:28:00+00:00,233.91609977531976,2.1291244748905984,0.4592358117410196,0.9220926942123238,0.4592358117410196,8.759601980279083,50.046430354197526
2024-01-01 16:29:00+00:00,233.4564143383357,2.159811037621803,0.4644119138013111,0.9210469849010751,0.4644119138013111,8.767342178842439,50.010502867433594
2024-01-01 16:30:00+00:00,233.63091113369467,2.094296935317388,0.4501491010880893,0.92,0.4501491010880893,8.774844663860573,49.99580439129006
2024-01-01 16:31:00+00:00,234.33668118420695,2.125933538214762,0.45780788163679376,0.918953015098925,0.45780788163679376,8.782474795221187,49.95816910536768
2024-01-01 16:32:00+00:00,234.40056833695732,2.18448505442442,0.47000942257650746,0.9179073057876763,0.47000942257650746,8.790308285597462,49.95839157553882
2024-01-01 16:33:00+00:00,233.39006024165073,2.1217541631410977,0.4540277620493498,0.9168641461019704,0.4540277620493498,8.79787541496495,49.96913211013304
2024-01-01 16:34:00+00:00,232.79904989675188,2.1047321722675374,0.4487355183728314,0.9158248069711981,0.4487355183728314,8.805354340271165,50.01516751494545
2024-01-01 16:35:00+00:00,233.70407695632792,1.985302917795544,0.42443847102321164,0.9147905546699922,0.42443847102321164,8.81242831478822,50.02467734538391
2024-01-01 16:36:00+00:00,233.96553404893837,2.137187420093015,0.4569070891850956,0.9137626492754672,0.4569070891850956,8.820043432941304,50.02190251885435
2024-01-01 16:37:00+00:00,232.73391248112458,2.0178759629468916,0.4286495142404549,0.91274234313201,0.4286495142404549,8.82718759151198,50.008634932020335
2024-01-01 16:38:00+00:00,232.87748548117955,2.0978449041698704,0.44541777530381954,0.91173087932549,0.44541777530381954,8.834611221100376,49.98471455249425
2024-01-01 16:39:00+00:00,231.47329081020004,2.0920769881869026,0.4410298128954209,0.9107294901687516,0.4410298128954209,8.841961717981967,50.02635661611136
2024-01-01 16:40:00+00:00,232.130754515889,2.13347403266898,0.45054382965858436,0.90973939570023,0.45054382965858436,8.84947078180961,50.00422577061996
2024-01-01 16:41:00+00:00,232.87726185570904,2.0750461814366483,0.43914194073834717,0.9087618021975227,0.43914194073834717,8.856789814155249,50.010529831458626
2024-01-01 16:42:00+00:00,233.30020395780323,2.132869389419876,0.45171920374068397,0.907797900707726,0.45171920374068397,8.864318467550927,50.007822391722286
2024-01-01 16:43:00+00:00,234.75920553811443,2.18167873413639,0.46446002751175114,0.9068488655963277,0.46446002751175114,8.872059468009455,50.01114252185416
2024-01-01 16:44:00+00:00,233.8831913190631,2.060849892972282,0.43664976507470843,0.9059158531164233,0.43664976507470843,8.879336964094033,50.00117614004889
2024-01-01 16:45:00+00:00,233.35948856798626,2.022210793052727,0.4270713791813189,0.905,0.4270713791813189,8.886454820413721,49.976262710304745
2024-01-01 16:46:00+00:00,232.23004271735212,2.1117895174046404,0.44339078666496545,0.9041024220730038,0.44339078666496545,8.893844666858138,49.991262161606954
2024-01-01 16:47:00+00:00,233.33948770671486,2.149156616943694,0.45295168189020296,0.9032242128958776,0.45295168189020296,8.901393861556308,50.012073181466164
2024-01-01 16:48:00+00:00,232.35497302140507,2.1030228226649683,0.44093938701575147,0.9023664424312259,0.44093938701575147,8.908742851339904,49.98005458726316
2024-01-01 16:49:00+00:00,233.27306705527707,2.0228866888010266,0.4254185414959631,0.9015301557402303,0.4254185414959631,8.915833160364837,50.05678557833349
2024-01-01 16:50:00+00:00,233.2743919828752,2.0605461957384144,0.4329497351629527,0.9007163717094039,0.4329497351629527,8.92304898928422,49.99562771802584
2024-01-01 16:51:00+00:00,233.39331342767278,2.1207538953674803,0.4454362134734961,0.8999260818092343,0.4454362134734961,8.930472926175446,50.003047641633984
2024-01-01 16:52:00+00:00,232.75687307631395,2.10272794451393,0.4400709484964238,0.8991602488862301,0.4400709484964238,8.93780744198372,50.01668052122264
2024-01-01 16:53:00+00:00,233.3782406376475,2.103575687743381,0.4410601510101134,0.8984198059898405,0.4410601510101134,8.945158444500555,49.99061155631045
2024-01-01 16:54:00+00:00,233.87180121699106,2.1585060328195995,0.453174107794531,0.8977056552356782,0.453174107794531,8.95271134629713,49.9808201357843
2024-01-01 16:55:00+00:00,232.5824447568563,2.086566991522297,0.43532212920858354,0.8970186667064307,0.43532212920858354,8.959966715117273,50.020331115191816
2024-01-01 16:56:00+00:00,233.28821960068947,2.238391140011996,0.4680703143450351,0.8963596773917983,0.4680703143450351,8.967767887023024,49.97918626844572
2024-01-01 16:57:00+00:00,233.59352752170216,2.122081148144845,0.4440170683705864,0.8957294901687516,0.4440170683705864,8.975168171495866,50.02073409944319
2024-01-01 16:58:00+00:00,232.30323650256085,2.046423245913006,0.42553598018258254,0.8951288728233489,0.42553598018258254,8.982260437832243,49.990260467743255
2024-01-01 16:59:00+00:00,232.36601926460446,2.1148561014604716,0.43960458661579144,0.8945585571153073,0.43960458661579144,8.989587180942507,50.00100751984546
2024-01-01 17:00:00+00:00,232.80512379569183,2.169330548719061,0.4515076683859712,0.8940192378864669,0.4515076683859712,8.99711230874894,49.97362504611325
2024-01-01 17:01:00+00:00,232.37741945168764,2.0635636505123682,0.4284616691813857,0.8935115722142323,0.4284616691813857,9.004253336568631,50.00858922042379
2024-01-01 17:02:00+00:00,231.80528079482463,1.9401157573509842,0.4016243371445136,0.893036178611025,0.4016243371445136,9.01094707552104,49.98421852592481
2024-01-01 17:03:00+00:00,230.6211247698798,2.0703610137713677,0.4261857781307319,0.892593636270722,0.4261857781307319,9.01805017182322,50.018147076194246
2024-01-01 17:04:00+00:00,232.7383948804456,2.1856422853553856,0.4538389705671672,0.8921844843629965,0.4538389705671672,9.025614154666005,50.027658835050694
2024-01-01 17:05:00+00:00,233.443066991682,2.089260062713665,0.4349561157151045,0.8918092213764228,0.4349561157151045,9.032863423261258,49.97154899592832
2024-01-01 17:06:00+00:00,232.33708250192444,2.0962302788044673,0.43417361555702033,0.8914683045111454,0.43417361555702033,9.040099650187209,50.01668188365572
2024-01-01 17:07:00+00:00,232.43713674726706,2.0646576677916086,0.427671492817252,0.8911621491218504,0.427671492817252,9.04722750840083,49.9610956194333
2024-01-01 17:08:00+00:00,233.87743466133554,2.116748521427705,0.44104430715071574,0.8908911282117201,0.44104430715071574,9.054578246853342,49.99858081990475
2024-01-01 17:09:00+00:00,232.16538701357592,2.17463582575328,0.44966988162122873,0.8906555719779858,0.44966988162122873,9.062072744880362,50.046592659363725
2024-01-01 17:10:00+00:00,231.2831311296851,2.1095739968600427,0.43446127558183983,0.8904557674096338,0.43446127558183983,9.06931376614006,49.97061326801668
2024-01-01 17:11:00+00:00,231.92372261607608,2.0254483151578966,0.4182142138630516,0.890291957937753,0.4182142138630516,9.076284003037777,49.99501411997326
2024-01-01 17:12:00+00:00,232.13863803397655,2.132246952196998,0.4406107901152659,0.8901643431389519,0.4406107901152659,9.083627516206365,50.01359036709284
2024-01-01 17:13:00+00:00,232.16883103855082,2.116272716114907,0.4373218866095179,0.8900730784922053,0.4373218866095179,9.090916214316524,49.99919417437408
2024-01-01 17:14:00+00:00,231.5966403933864,2.0752745042242022,0.4277664602766294,0.8900182751894272,0.4277664602766294,9.098045655321133,49.98657323784096
2024-01-01 17:15:00+00:00,231.90313767152193,2.037098039369976,0.42044439009621865,0.89,0.42044439009621865,9.105053061822737,50.01179147950656
2024-01-01 17:16:00+00:00,232.3838049146233,2.0972284996320245,0.4337610319144362,0.8900182751894272,0.4337610319144362,9.112282412354645,49.99657362554783
2024-01-01 17:17:00+00:00,232.32559360757728,2.155647711693228,0.44575939805851833,0.8900730784922053,0.44575939805851833,9.11971173565562,50.00354365713845
2024-01-01 17:18:00+00:00,231.90528433514143,2.0597504857831517,0.4252021509356188,0.8901643431389519,0.4252021509356188,9.126798438171214,50.01266756422152
2024-01-01 17:19:00+00:00,232.5710371779773,2.1185671487319837,0.4386623023535523,0.890291957937753,0.4386623023535523,9.134109476543774,49.99124136815275
2024-01-01 17:20:00+00:00,232.41550083978814,2.0816938216689325,0.4308184502574258,0.8904557674096338,0.4308184502574258,9.141289784048064,50.00895832085634
2024-01-01 17:21:00+00:00,231.7044648610703,2.0676291250569734,0.4266942916597684,0.8906555719779858,0.4266942916597684,9.148401355575727,49.993775521836746
2024-01-01 17:22:00+00:00,232.6756100361655,2.194035408782183,0.4547986088292257,0.8908911282117201,0.4547986088292257,9.155981332389548,50.007125835799094
2024-01-01 17:23:00+00:00,230.67838704007147,2.1173415394939408,0.43526581132244774,0.8911621491218504,0.43526581132244774,9.163235762578255,49.981906247795905
2024-01-01 17:24:00+00:00,230.70863999280536,2.116994017246233,0.4354009742865628,0.8914683045111454,0.4354009742865628,9.170492445483031,49.98812990048648
2024-01-01 17:25:00+00:00,231.70944219676056,2.0488830367074002,0.4233824553394622,0.8918092213764228,0.4233824553394622,9.17754881973869,49.982395843685765
2024-01-01 17:26:00+00:00,230.58711527992367,2.1140247154666487,0.4349103698200561,0.8921844843629965,0.4349103698200561,9.184797325902357,49.97288717892365
2024-01-01 17:27:00+00:00,232.30704795939673,2.099660875390775,0.43537684515356984,0.892593636270722,0.43537684515356984,9.192053606654916,49.98855721026701
2024-01-01 17:28:00+00:00,231.85501030434705,2.11498558259004,0.43791815451778326,0.893036178611025,0.43791815451778326,9.199352242563545,49.98477816840369
2024-01-01 17:29:00+00:00,230.82717948067133,2.1051598205945408,0.4341823839592694,0.8935115722142323,0.4341823839592694,9.206588615629533,49.96763447445066
2024-01-01 17:30:00+00:00,232.50755249297276,2.1242731979209344,0.44156465027114505,0.8940192378864669,0.44156465027114505,9.213948026467385,50.03577601362027
2024-01-01 17:31:00+00:00,230.71182377452416,2.12120004897712,0.437784373104157,0.8945585571153073,0.437784373104157,9.221244432685788,50.037695734774616
2024-01-01 17:32:00+00:00,232.0668813199385,2.1103766684932403,0.43838805129752395,0.8951288728233487,0.43838805129752395,9.228550900207413,49.97284860248901
2024-01-01 17:33:00+00:00,230.43715550281766,2.045758844175991,0.4222637651781337,0.8957294901687516,0.4222637651781337,9.235588629627049,50.003669627199464
2024-01-01 17:34:00+00:00,231.62485422578303,2.032307783111981,0.4219460746442094,0.8963596773917983,0.4219460746442094,9.242621064204453,50.01413159337821
2024-01-01 17:35:00+00:00,230.27785585216662,2.1460293018784506,0.4432913993000187,0.8970186667064307,0.4432913993000187,9.250009254192786,49.95675501869174
2024-01-01 17:36:00+00:00,231.71071845948364,2.1038393033503415,0.43761545281064823,0.8977056552356782,0.43761545281064823,9.257302845072964,50.01923237312858
2024-01-01 17:37:00+00:00,231.12277440812656,2.0835115496427092,0.43263133524092745,0.8984198059898405,0.43263133524092745,9.264513367326979,50.0003771545538
2024-01-01 17:38:00+00:00,232.79473210636294,2.0139853471952867,0.4215669481682618,0.8991602488862301,0.4215669481682618,9.271539483129782,50.02749953205405
2024-01-01 17:39:00+00:00,232.24578516746516,2.11068161202529,0.4411409829324353,0.8999260818092343,0.4411409829324353,9.278891832845323,49.98252471804489
2024-01-01 17:40:00+00:00,232.24415539705473,2.0931277365486527,0.4378532552209962,0.9007163717094039,0.4378532552209962,9.286189387099006,49.98429171585178
2024-01-01 17:41:00+00:00,230.73719963031186,2.0965760349657816,0.4361225000157935,0.9015301557402303,0.4361225000157935,9.293458095432602,50.038332767688814
2024-01-01 17:42:00+00:00,231.53631658179484,2.0464565935180548,0.4275674086390433,0.9023664424312259,0.4275674086390433,9.300584218909918,50.006332229562226
2024-01-01 17:43:00+00:00,230.1204582568847,2.0474033533530105,0.4255535440838768,0.9032242128958776,0.4255535440838768,9.307676777977983,49.99240135131902
2024-01-01 17:44:00+00:00,231.51937624907683,2.1379858036453334,0.4475172636832844,0.9041024220730038,0.4475172636832844,9.315135399039372,50.00283993588822
2024-01-01 17:45:00+00:00,231.47827623458676,2.120847258276628,0.44429171108996457,0.905,0.44429171108996457,9.322540260890872,49.98215758519597
2024-01-01 17:46:00+00:00,231.196072053405,2.0965682390593146,0.43911403000830523,0.9059158531164233,0.43911403000830523,9.329858828057677,49.970517573694444
2024-01-01 17:47:00+00:00,230.02662008014863,2.072754223353181,0.4323752447990589,0.9068488655963277,0.4323752447990589,9.337065082137661,49.99818407300325
2024-01-01 17:48:00+00:00,230.6879428075398,2.104974959663244,0.4408197096714614,0.907797900707726,0.4408197096714614,9.344412077298852,50.00373366437938
2024-01-01 17:49:00+00:00,230.47905819519826,2.1617712267695737,0.45278420332197344,0.9087618021975227,0.45278420332197344,9.351958480687552,50.00631210463548
2024-01-01 17:50:00+00:00,232.07317269454788,2.0755436951858255,0.4382014621106085,0.90973939570023,0.4382014621106085,9.359261838389395,49.96872776899743
2024-01-01 17:51:00+00:00,230.39832677085516,2.129429824289439,0.4468194326560278,0.9107294901687516,0.4468194326560278,9.366708828933662,49.99261738735175
2024-01-01 17:52:00+00:00,229.6686577693878,2.0667175825822883,0.4327624100127232,0.91173087932549,0.4327624100127232,9.373921535767208,49.98300984769157
2024-01-01 17:53:00+00:00,229.14691965459193,2.1435024618560368,0.44831803346504695,0.91274234313201,0.44831803346504695,9.381393502991624,49.97435790524394
2024-01-01 17:54:00+00:00,230.26911558595788,2.1634507925402726,0.4552145307484022,0.9137626492754672,0.4552145307484022,9.388980411837432,50.01189907908305
2024-01-01 17:55:00+00:00,230.1716629138451,2.0480069490301136,0.4312260149853636,0.9147905546699922,0.4312260149853636,9.396167512087187,49.992690600144286
2024-01-01 17:56:00+00:00,230.75929535483306,2.012624846740396,0.42533824733612263,0.9158248069711981,0.42533824733612263,9.403256482876122,49.990885372531565
2024-01-01 17:57:00+00:00,228.89098431260737,2.1423224400692584,0.4495919366991745,0.9168641461019704,0.4495919366991745,9.410749681821109,49.97095950020095
2024-01-01 17:58:00+00:00,231.82718805617893,2.143842607793835,0.45620085200454685,0.9179073057876763,0.45620085200454685,9.418353029354519,50.01304221874423
2024-01-01 17:59:00+00:00,230.19468588442786,2.1385100479862382,0.45237635377888846,0.918953015098925,0.45237635377888846,9.425892635250833,49.969740745779724
2024-01-01 18:00:00+00:00,229.39457887885305,2.091577844247677,0.44141288927165245,0.92,0.44141288927165245,9.433249516738693,49.99551878840404
2024-01-01 18:01:00+00:00,231.3540541878087,2.0873126482884943,0.44478118169550207,0.9210469849010751,0.44478118169550207,9.440662536433617,49.94641254128416
2024-01-01 18:02:00+00:00,228.90581453974158,2.0658408327405646,0.43604193971797384,0.9220926942123238,0.43604193971797384,9.447929902095584,49.99603509759574
2024-01-01 18:03:00+00:00,229.12797279845074,2.0490607191506927,0.4334096328235493,0.9231358538980297,0.4334096328235493,9.455153395975977,49.97225438906755
2024-01-01 18:04:00+00:00,230.68280240239085,2.0943408481541006,0.44649529714960695,0.924175193028802,0.44649529714960695,9.462594984261804,50.029684116119
2024-01-01 18:05:00+00:00,230.99679455997517,2.0630316564421576,0.4409119841822553,0.9252094453300079,0.4409119841822553,9.469943517331508,50.03398525620465
2024-01-01 18:06:00+00:00,230.65862225428657,2.1635536216008715,0.4622316155652728,0.9262373507245328,0.4622316155652728,9.477647377590928,49.98502573981407
2024-01-01 18:07:00+00:00,230.3713704768401,2.0882688410956782,0.4460826608279525,0.9272576568679901,0.4460826608279525,9.485082088604727,50.004203725721474
2024-01-01 18:08:00+00:00,229.83638138813046,2.085343158443002,0.44490799548979193,0.9282691206745101,0.44490799548979193,9.492497221862891,50.012500940132654
2024-01-01 18:09:00+00:00,228.62585351532758,1.9996425322334477,0.4248345810050654,0.9292705098312485,0.4248345810050654,9.499577798212975,49.98013580347583
2024-01-01 18:10:00+00:00,228.1668826167389,2.0727636717430973,0.43995375276777954,0.9302606042997701,0.43995375276777954,9.506910360759106,50.027977399791205
2024-01-01 18:11:00+00:00,228.8994049398272,2.1428214730037918,0.4567635451920581,0.9312381978024774,0.4567635451920581,9.514523086512307,49.99277139856892
2024-01-01 18:12:00+00:00,229.51082110198746,2.08574799380952,0.44624676199520225,0.932202099292274,0.44624676199520225,9.521960532545561,50.01697372451699
2024-01-01 18:13:00+00:00,230.7384643954174,2.110936814312007,0.45451395328585137,0.9331511344036724,0.45451395328585137,9.529535765100325,50.00058586919007
2024-01-01 18:14:00+00:00,229.40301137434548,2.0738710656633432,0.44439265107006315,0.9340841468835768,0.44439265107006315,9.536942309284827,49.98788638941929
2024-01-01 18:15:00+00:00,229.49905842767473,2.0466424014446614,0.43917184130517406,0.935,0.43917184130517406,9.544261839973247,49.98433964520986
2024-01-01 18:16:00+00:00,229.88753929465145,1.9906663136223617,0.4282942287002865,0.9358975779269962,0.4282942287002865,9.551400077118252,49.99151274117518
2024-01-01 18:17:00+00:00,228.50890772759865,2.1610016879489464,0.46258750463411,0.9367757871041225,0.46258750463411,9.559109868862155,50.03401073570733
2024-01-01 18:18:00+00:00,230.30701516920072,2.2295438221061175,0.48145568801425614,0.9376335575687742,0.48145568801425614,9.567134130329059,49.98607464334993
2024-01-01 18:19:00+00:00,228.77298004003427,2.066201646403783,0.443606350518454,0.9384698442597698,0.443606350518454,9.574527569504367,50.03261520548819
2024-01-01 18:20:00+00:00,228.77258713668598,2.087576943461017,0.4485834304384132,0.9392836282905962,0.4485834304384132,9.582003960011674,50.049312040193236
2024-01-01 18:21:00+00:00,230.21846296969176,2.1143071734819143,0.45758337472899024,0.9400739181907658,0.45758337472899024,9.589630349590491,50.006117353730566
2024-01-01 18:22:00+00:00,230.5136172290593,2.085572423415898,0.4523113854515091,0.9408397511137699,0.4523113854515091,9.59716887268135,50.022748940594354
2024-01-01 18:23:00+00:00,229.519640676159,2.10545500372413,0.45501229748975847,0.9415801940101596,0.45501229748975847,9.604752410972845,50.019767220979666
2024-01-01 18:24:00+00:00,229.17277260453454,2.100126447427753,0.4535185420537257,0.9422943447643218,0.4535185420537257,9.612311053340406,50.024814957951016
2024-01-01 18:25:00+00:00,228.97643958537262,2.084032373805073,0.44998532945111935,0.9429813332935694,0.44998532945111935,9.619810808831257,50.02477914055546
2024-01-01 18:26:00+00:00,228.31913018965727,2.051800020812314,0.44206264875491647,0.9436403226082017,0.44206264875491647,9.62717851964384,50.01782928284365
2024-01-01 18:27:00+00:00,230.39306495005937,2.0635918104268307,0.4489413669056203,0.9442705098312485,0.4489413669056203,9.634660875758934,50.04617979355754
2024-01-01 18:28:00+00:00,229.980423728842,2.0788651801493327,0.45174127490344007,0.9448711271766513,0.45174127490344007,9.642189897007325,49.97157325470679
2024-01-01 18:29:00+00:00,230.06138484216655,2.0142386767864378,0.43811618370600136,0.9454414428846928,0.43811618370600136,9.649491833402426,49.98841947525993
2024-01-01 18:30:00+00:00,229.72106083847657,2.044295678438856,0.44424937778150997,0.9459807621135332,0.44424937778150997,9.656895989698784,49.98730552899891
2024-01-01 18:31:00+00:00,228.28520094434407,2.0429495729726876,0.44141868606452983,0.9464884277857678,0.44141868606452983,9.66425296779986,49.98353859087925
2024-01-01 18:32:00+00:00,230.00065521134613,2.200007137621707,0.4791666132284097,0.9469638213889751,0.4791666132284097,9.672239078020333,49.987430303781395
2024-01-01 18:33:00+00:00,227.57232918641856,2.1052375066838978,0.4538965176780849,0.9474063637292781,0.4538965176780849,9.679804019981635,50.0036943492914
2024-01-01 18:34:00+00:00,227.75935717186164,2.172698846925187,0.4690288705362382,0.9478155156370036,0.4690288705362382,9.687621167823906,50.00284194244834
2024-01-01 18:35:00+00:00,227.71197886789028,2.08317295628279,0.4497870359203009,0.9481907786235773,0.4497870359203009,9.695117618422577,49.99693539398897
2024-01-01 18:36:00+00:00,229.10620777503473,2.063910970907064,0.4485177800842642,0.9485316954888546,0.4485177800842642,9.702592914757314,49.99864650172043
2024-01-01 18:37:00+00:00,227.44264732456136,2.043529757634427,0.4410063766345546,0.9488378508781496,0.4410063766345546,9.709943021034556,50.008496435470754
2024-01-01 18:38:00+00:00,228.10863822313314,2.0802684300527985,0.450377974208017,0.94910887178828,0.450377974208017,9.71744932060469,49.97334825426935
2024-01-01 18:39:00+00:00,229.5531546478267,2.145789739626263,0.4676212468176576,0.9493444280220142,0.4676212468176576,9.72524300805165,50.0085361124071
2024-01-01 18:40:00+00:00,228.26241338621088,2.071843402599108,0.44906223313864596,0.9495442325903662,0.44906223313864596,9.732727378603961,50.011042911118366
2024-01-01 18:41:00+00:00,226.87956144583129,2.0995207392961626,0.45238235658828824,0.9497080420622471,0.45238235658828824,9.7402670845471,49.99701711811709
2024-01-01 18:42:00+00:00,227.79402430796594,2.0935827756112797,0.4529819872236233,0.9498356568610482,0.4529819872236233,9.74781678433416,49.989792334377896
2024-01-01 18:43:00+00:00,228.22462469154368,2.0888623880667065,0.4528585041238674,0.9499269215077948,0.4528585041238674,9.755364426069558,49.980707348116624
2024-01-01 18:44:00+00:00,227.58885962819517,2.1277653278500295,0.46003405043134515,0.9499817248105729,0.46003405043134515,9.763031660243414,49.975172245210075
2024-01-01 18:45:00+00:00,228.30631976552922,2.1350402986808756,0.4630710334857807,0.9500000000000001,0.4630710334857807,9.77074951080151,49.98341181407727
2024-01-01 18:46:00+00:00,228.6007382536059,2.157300545569481,0.46849345988297847,0.9499817248105729,0.46849345988297847,9.778557735132893,50.02195099707919
2024-01-01 18:47:00+00:00,229.64898629289624,2.123173593825603,0.463169798416566,0.9499269215077948,0.463169798416566,9.786277231773168,49.99434864673515
2024-01-01 18:48:00+00:00,228.58799650592877,2.0729476736162327,0.45008053364144823,0.9498356568610482,0.45008053364144823,9.793778574000525,50.00627744920261
2024-01-01 18:49:00+00:00,227.63157016665136,2.1696813387033194,0.4690493768826326,0.9497080420622471,0.4690493768826326,9.801596063615236,50.004146940202936
2024-01-01 18:50:00+00:00,227.4807373810827,2.1336122812457816,0.4608667009640965,0.9495442325903662,0.4608667009640965,9.809277175297971,50.04020377079967
2024-01-01 18:51:00+00:00,228.0647340872598,2.039940746514614,0.44167161935977595,0.9493444280220142,0.44167161935977595,9.816638368953967,50.01638809462734
2024-01-01 18:52:00+00:00,228.23044325301902,2.043005023876322,0.4425466334125541,0.94910887178828,0.4425466334125541,9.82401414617751,49.98790885217668
2024-01-01 18:53:00+00:00,227.81288694446167,2.1228461110513996,0.4588690871288235,0.9488378508781496,0.4588690871288235,9.831661964296323,49.99053817758317
2024-01-01 18:54:00+00:00,227.09358395864484,2.1163695884605245,0.4558775694453652,0.9485316954888546,0.4558775694453652,9.839259923787079,50.01136232482006
2024-01-01 18:55:00+00:00,226.59072892392518,2.1198524051125354,0.45545291719244907,0.9481907786235773,0.45545291719244907,9.846850805740287,50.00785858061528
2024-01-01 18:56:00+00:00,227.72240544921036,2.115575076335436,0.4566232474402309,0.9478155156370036,0.4566232474402309,9.854461193197624,49.977471869659425
2024-01-01 18:57:00+00:00,227.47639894066475,2.0717746737792626,0.44649352160497807,0.9474063637292781,0.44649352160497807,9.86190275189104,49.98899345249201
2024-01-01 18:58:00+00:00,226.80729172300263,2.078685865685009,0.44645661581917256,0.9469638213889751,0.44645661581917256,9.869343695488027,50.03644905153143
2024-01-01 18:59:00+00:00,227.81250622144415,2.0980376996033514,0.452382876829736,0.9464884277857678,0.452382876829736,9.876883410101856,49.955861943038876
2024-01-01 19:00:00+00:00,228.11338755452138,2.110157638623212,0.4553527657736627,0.9459807621135332,0.4553527657736627,9.88447262286475,50.00228801928673
2024-01-01 19:01:00+00:00,226.67770158233384,2.0771224332430167,0.4451491332168182,0.9454414428846928,0.4451491332168182,9.89189177508503,50.00990696970703
2024-01-01 19:02:00+00:00,228.33506782179023,1.9797595372776922,0.42712760239318365,0.9448711271766513,0.42712760239318365,9.89901056845825,50.063507291571284
2024-01-01 19:03:00+00:00,228.23113934482953,2.1195658298713536,0.4567917318897953,0.9442705098312485,0.4567917318897953,9.906623763989746,50.03513255902012
2024-01-01 19:04:00+00:00,227.05380208477365,2.0974455163891172,0.44939264209291585,0.9436403226082017,0.44939264209291585,9.914113641357961,50.03851169873798
2024-01-01 19:05:00+00:00,226.5015326708245,2.1460831212958795,0.4583748488682261,0.9429813332935694,0.4583748488682261,9.92175322217243,49.988674085007354
2024-01-01 19:06:00+00:00,227.786811871778,2.080414010118422,0.4465446913012765,0.9422943447643218,0.4465446913012765,9.929195633694118,50.00052523704856
2024-01-01 19:07:00+00:00,227.9872712978534,2.0973825529610735,0.45024154529107074,0.9415801940101596,0.45024154529107074,9.93669965944897,49.989815023976725
2024-01-01 19:08:00+00:00,226.53128303626167,2.169837113530575,0.46245659408043316,0.9408397511137699,0.46245659408043316,9.94440726935031,49.99333704194012
2024-01-01 19:09:00+00:00,227.04953971882307,2.1735175361408046,0.4639228651254791,0.9400739181907658,0.4639228651254791,9.9521393171024,49.97410586287676
2024-01-01 19:10:00+00:00,226.80645063779926,2.15715958318861,0.45955175562999057,0.9392836282905962,0.45955175562999057,9.959798513029567,49.975978786265486
2024-01-01 19:11:00+00:00,225.57438565452696,2.0698760454252696,0.4381819097148164,0.9384698442597698,0.4381819097148164,9.967101544858147,49.97915171589606
2024-01-01 19:12:00+00:00,226.43980351325334,2.101906227485057,0.446271598506598,0.9376335575687742,0.446271598506598,9.974539404833257,49.98996010012987
2024-01-01 19:13:00+00:00,227.83209570035376,2.173198208131851,0.4638204578430843,0.9367757871041225,0.4638204578430843,9.982269745797309,49.99981943299905
2024-01-01 19:14:00+00:00,226.75636581343164,2.1074797582955784,0.4472509002352909,0.9358975779269962,0.4472509002352909,9.989723927467898,50.03512019137241
2024-01-01 19:15:00+00:00,227.7786310652007,2.0915821511443538,0.44545056740344413,0.935,0.44545056740344413,9.997148103591288,50.02993969051076
2024-01-01 19:16:00+00:00,225.8834144175619,2.157941998585291,0.4553130653448237,0.9340841468835768,0.4553130653448237,10.004736654680368,49.97698331689947
2024-01-01 19:17:00+00:00,228.7277091192563,2.145937205703224,0.4580235179095143,0.9331511344036724,0.4580235179095143,10.01237037997886,49.988976676709065
2024-01-01 19:18:00+00:00,227.40240630428377,2.143035937125314,0.45429147429082356,0.932202099292274,0.45429147429082356,10.019941904550373,49.973142139339
2024-01-01 19:19:00+00:00,225.74979586481427,2.1373877270628436,0.4493362528719586,0.9312381978024774,0.4493362528719586,10.027430842098239,49.96883892057197
2024-01-01 19:20:00+00:00,226.80572490857236,2.0895046052022304,0.44086129761731613,0.9302606042997701,0.44086129761731613,10.034778530391861,49.95845654710214
2024-01-01 19:21:00+00:00,226.4681792604586,2.2114940229200983,0.46540936031118507,0.9292705098312485,0.46540936031118507,10.042535353063714,50.01224106316069
2024-01-01 19:22:00+00:00,227.3384252713073,2.102707005429005,0.44373686696916115,0.9282691206745101,0.44373686696916115,10.0499309675132,50.01904420697404
2024-01-01 19:23:00+00:00,226.86810122617337,2.056508751639568,0.43261784185621127,0.9272576568679901,0.43261784185621127,10.05714126487747,50.00498305616554
2024-01-01 19:24:00+00:00,225.79358305423773,2.078726044191578,0.4347415432284448,0.9262373507245328,0.4347415432284448,10.064386957264611,50.01834535505863
2024-01-01 19:25:00+00:00,228.5309390169425,2.187423496188888,0.46250660014329487,0.9252094453300079,0.46250660014329487,10.072095400600332,49.973794288117425
2024-01-01 19:26:00+00:00,226.64070547461162,2.1334502386723475,0.44686335098274693,0.924175193028802,0.44686335098274693,10.07954312311671,49.99347697846625
2024-01-01 19:27:00+00:00,226.33886336450092,2.0779466513193317,0.43416933160255167,0.9231358538980297,0.43416933160255167,10.08677927864342,49.97432377357671
2024-01-01 19:28:00+00:00,224.7775268784034,2.1439615253486934,0.44436971925076113,0.9220926942123238,0.44436971925076113,10.094185440630932,50.01079689255128
2024-01-01 19:29:00+00:00,224.79687692819428,2.1002098795270356,0.4348452752290261,0.9210469849010751,0.4348452752290261,10.10143286188475,49.98424983049421
2024-01-01 19:30:00+00:00,228.60615864881197,2.1312945079090007,0.44824888637019566,0.92,0.44824888637019566,10.108903676657587,49.98310966532369
2024-01-01 19:31:00+00:00,226.45929661178968,2.1059906272160696,0.4382681343720923,0.918953015098925,0.4382681343720923,10.116208145563789,50.012174756946976
2024-01-01 19:32:00+00:00,225.48840711718663,2.228180536161449,0.46118313947007367,0.9179073057876763,0.46118313947007367,10.123894531221623,50.01013852665252
2024-01-01 19:33:00+00:00,226.10532811689754,2.137969597044837,0.44321792028001117,0.9168641461019704,0.44321792028001117,10.131281496559623,50.020087379038316
2024-01-01 19:34:00+00:00,226.32744414814567,2.1823846652670005,0.452356592075694,0.9158248069711981,0.452356592075694,10.138820773094219,50.02174892907504
2024-01-01 19:35:00+00:00,225.55095456647837,2.1624883685555734,0.4461902966911612,0.9147905546699922,0.4461902966911612,10.146257278039071,50.00137134255082
2024-01-01 19:36:00+00:00,225.85140927783215,2.068449969944635,0.4268754981096271,0.9137626492754672,0.4268754981096271,10.153371869674231,49.9999701677174
2024-01-01 19:37:00+00:00,226.06534437849874,2.1745784117374565,0.4487012311062684,0.91274234313201,0.4487012311062684,10.160850223526003,49.95005606196711
2024-01-01 19:38:00+00:00,225.55839254694672,2.079532435363421,0.42765283328794856,0.91173087932549,0.42765283328794856,10.167977770747468,50.00847334857729
2024-01-01 19:39:00+00:00,226.6938342372861,2.0320346105400264,0.4195272820611429,0.9107294901687516,0.4195272820611429,10.174969892115154,50.00101224525645
2024-01-01 19:40:00+00:00,227.09399549743145,2.0533298183717847,0.4242104545093794,0.90973939570023,0.4242104545093794,10.182040066356977,49.983444588801085
2024-01-01 19:41:00+00:00,227.2530603608315,2.09847705649614,0.43337517482743676,0.9087618021975227,0.43337517482743676,10.189262985937434,49.964322941899866
2024-01-01 19:42:00+00:00,227.49266980614286,2.1382000297889885,0.4415754425729284,0.907797900707726,0.4415754425729284,10.196622576646982,50.006318812070646
2024-01-01 19:43:00+00:00,226.66360301621825,2.165378980851804,0.44509285106790697,0.9068488655963277,0.44509285106790697,10.204040790831447,50.03525012869053
2024-01-01 19:44:00+00:00,224.39449918835643,2.204715907624489,0.44818023681987834,0.9059158531164233,0.44818023681987834,10.211510461445112,49.99375083516332
2024-01-01 19:45:00+00:00,227.06555288759884,2.1324575346418495,0.43820792244706364,0.905,0.43820792244706364,10.21881392681923,49.943943236265326
2024-01-01 19:46:00+00:00,225.53323638788007,2.058795060529515,0.4197989059112878,0.9041024220730038,0.4197989059112878,10.225810575251085,49.991642964402274
2024-01-01 19:47:00+00:00,226.6208059714503,2.082657420184688,0.426297895867495,0.9032242128958776,0.426297895867495,10.23291554018221,50.030599655879016
2024-01-01 19:48:00+00:00,225.73705716554338,2.202669360254264,0.44867834156965075,0.9023664424312259,0.44867834156965075,10.240393512541704,50.00618035112926
2024-01-01 19:49:00+00:00,225.63331074615917,2.0862531736400247,0.4243756770343457,0.9015301557402303,0.4243756770343457,10.247466440492277,50.021732612227716
2024-01-01 19:50:00+00:00,226.02552903821194,2.121416276891445,0.43188830877090023,0.9007163717094039,0.43188830877090023,10.254664578971791,49.959116187149235
2024-01-01 19:51:00+00:00,225.23777275785622,2.2037749045597597,0.4466993250263654,0.8999260818092343,0.4466993250263654,10.26210956772223,50.040640242917846
2024-01-01 19:52:00+00:00,226.7807553805634,2.090905790183483,0.42636128424743497,0.8991602488862301,0.42636128424743497,10.269215589126354,49.985637950836285
2024-01-01 19:53:00+00:00,224.81520174656774,2.171466668404284,0.43858942834421366,0.8984198059898405,0.43858942834421366,10.276525412932092,49.986770227543055
2024-01-01 19:54:00+00:00,226.21861557182524,2.1292393708706383,0.4324010991668635,0.8977056552356782,0.4324010991668635,10.283732097918206,50.047229038268846
2024-01-01 19:55:00+00:00,226.96306922807108,2.1750437930342494,0.44281740453612506,0.8970186667064307,0.44281740453612506,10.291112387993808,50.00755682117131
2024-01-01 19:56:00+00:00,225.36354927497555,2.1161044594692293,0.42746748677649166,0.8963596773917983,0.42746748677649166,10.29823684610675,49.98335605857997
2024-01-01 19:57:00+00:00,226.7359544769673,2.1012292934248604,0.4267472321221028,0.8957294901687516,0.4267472321221028,10.305349299975452,49.995722904415636
2024-01-01 19:58:00+00:00,227.5311140980942,2.1380832838937716,0.43546271621076277,0.8951288728233489,0.43546271621076277,10.312607011912299,50.045087239208726
2024-01-01 19:59:00+00:00,226.99293668268345,2.189608638224843,0.4446185885473467,0.8945585571153073,0.4446185885473467,10.320017321721421,49.997107210869366
2024-01-01 20:00:00+00:00,225.38654904670688,2.1803580079056726,0.43934194412380473,0.8940192378864669,0.43934194412380473,10.327339687456817,50.019839023138005
2024-01-01 20:01:00+00:00,226.17751560558747,2.2136547241827316,0.4473624142770849,0.8935115722142323,0.4473624142770849,10.334795727694768,49.97655417101834
2024-01-01 20:02:00+00:00,225.4810686651098,2.1666582162201706,0.43628426086611494,0.893036178611025,0.43628426086611494,10.342067132042537,50.017760957354916
2024-01-01 20:03:00+00:00,226.06135559586266,2.134470573931025,0.43069545194057185,0.892593636270722,0.43069545194057185,10.34924538957488,50.01272446216637
2024-01-01 20:04:00+00:00,227.34089262867616,2.0866381803500476,0.4232328577279183,0.8921844843629965,0.4232328577279183,10.356299270537013,49.99918271864181
2024-01-01 20:05:00+00:00,223.88149756974443,2.077028115447643,0.41469856954527984,0.8918092213764228,0.41469856954527984,10.363210913362767,49.9823194728405
2024-01-01 20:06:00+00:00,224.38630019861986,2.132629038391665,0.4265967700428691,0.8914683045111454,0.4265967700428691,10.370320859530148,49.988288423473634
2024-01-01 20:07:00+00:00,224.82619846697068,2.1946295357543204,0.4397085081033423,0.8911621491218504,0.4397085081033423,10.377649334665204,49.946860017448124
2024-01-01 20:08:00+00:00,226.47179743221966,1.9813336700726938,0.39975727950387635,0.8908911282117201,0.39975727950387635,10.384311955990269,50.00671497088437
2024-01-01 20:09:00+00:00,225.4542469691608,2.1734217688897823,0.4364276147122882,0.8906555719779858,0.4364276147122882,10.391585749568806,49.959737227720815
2024-01-01 20:10:00+00:00,224.9605840243718,2.2145478531317773,0.4436125777003815,0.8904557674096338,0.4436125777003815,10.398979292530479,50.03012606583325
2024-01-01 20:11:00+00:00,225.58462703980416,2.1181921887862702,0.4254096261933617,0.890291957937753,0.4254096261933617,10.406069452967035,50.01546127933521
2024-01-01 20:12:00+00:00,224.51859586238655,2.195901044712271,0.43886937565440587,0.8901643431389519,0.43886937565440587,10.413383942561275,49.952187997263366
2024-01-01 20:13:00+00:00,225.43627716760236,2.185909647159347,0.43861317830447727,0.8900730784922053,0.43861317830447727,10.420694162199682,50.01116476618247
2024-01-01 20:14:00+00:00,225.75879878569663,2.1523674104479373,0.43247401440887734,0.8900182751894272,0.43247401440887734,10.42790206243983,49.98596524550956
2024-01-01 20:15:00+00:00,226.04844945637655,2.109529404075615,0.42440170727779486,0.89,0.42440170727779486,10.434975424227794,50.01440548570597
2024-01-01 20:16:00+00:00,225.83790234112482,2.10058963806969,0.42221822382914054,0.8900182751894272,0.42221822382914054,10.442012394624946,49.988137243724665
2024-01-01 20:17:00+00:00,225.86252144462406,2.063042734622868,0.41474204211105936,0.8900730784922053,0.41474204211105936,10.448924761993464,50.02168664044127
2024-01-01 20:18:00+00:00,224.545095380984,2.1453326041823932,0.42881345168493534,0.8901643431389519,0.42881345168493534,10.45607165285488,50.00464858854073
2024-01-01 20:19:00+00:00,225.62725531904948,2.0567670815463566,0.41315129997370975,0.890291957937753,0.41315129997370975,10.46295750785444,50.02208766830883
2024-01-01 20:20:00+00:00,225.2011038988202,2.135801237962877,0.4282956860777319,0.8904557674096338,0.4282956860777319,10.470095769289069,50.015629566965885
2024-01-01 20:21:00+00:00,225.6322250089904,2.267850621703432,0.4557486180693352,0.8906555719779858,0.4557486180693352,10.477691579590225,49.995954694996776
2024-01-01 20:22:00+00:00,223.6584501121979,2.181127603967928,0.43460129822045873,0.8908911282117201,0.43460129822045873,10.484934934560565,50.03649046307203
2024-01-01 20:23:00+00:00,223.57643134604717,2.167737825720639,0.43190626906388263,0.8911621491218504,0.43190626906388263,10.492133372378296,49.99773782958182
2024-01-01 20:24:00+00:00,224.66450209852349,2.1408739509712476,0.4287769811485676,0.8914683045111454,0.4287769811485676,10.499279655397439,50.00419274012002
2024-01-01 20:25:00+00:00,225.53352655298286,2.165484651440892,0.43555016174553274,0.8918092213764228,0.43555016174553274,10.506538824759865,49.9792701310702
2024-01-01 20:26:00+00:00,224.8915697834209,2.1875168436491004,0.4389138122693502,0.8921844843629965,0.4389138122693502,10.513854054964353,49.98559428082772
2024-01-01 20:27:00+00:00,224.96038237645774,2.256550677258103,0.4531113271147652,0.892593636270722,0.4531113271147652,10.521405910416266,50.0168605500545
2024-01-01 20:28:00+00:00,224.0223528762539,2.1785447558538014,0.43583980750077,0.893036178611025,0.43583980750077,10.528669907207947,50.011096952166056
2024-01-01 20:29:00+00:00,224.2519504798859,2.2072451295368505,0.4422694872749457,0.8935115722142323,0.4422694872749457,10.536041065329195,50.03977378797417
2024-01-01 20:30:00+00:00,224.61931313596259,2.092080181389689,0.4201189626506325,0.8940192378864669,0.4201189626506325,10.543043048040039,50.01776423203819
2024-01-01 20:31:00+00:00,224.18626732527963,2.1543881888613057,0.4320576905962793,0.8945585571153073,0.4320576905962793,10.550244009549976,50.0243975078722
2024-01-01 20:32:00+00:00,224.35282034000744,2.1496015507434105,0.43169305900191984,0.8951288728233487,0.43169305900191984,10.557438893866674,50.00237038598996
2024-01-01 20:33:00+00:00,225.13651165525943,2.130721486024215,0.4296843051620683,0.8957294901687516,0.4296843051620683,10.564600298952708,50.04935091824777
2024-01-01 20:34:00+00:00,225.2574822225528,2.1361024911651514,0.43130413683498564,0.8963596773917983,0.43130413683498564,10.571788701233292,49.9928745173841
2024-01-01 20:35:00+00:00,226.5854661566435,2.1639630187783525,0.43982849741945906,0.8970186667064307,0.43982849741945906,10.579119176190282,50.00323823664767
2024-01-01 20:36:00+00:00,224.5790936826415,2.099518512883348,0.42327536648358316,0.8977056552356782,0.42327536648358316,10.586173765631676,49.967101102842896
2024-01-01 20:37:00+00:00,226.1323831633918,2.050464152992232,0.41657601237269193,0.8984198059898405,0.41657601237269193,10.59311669917122,50.03028401182997
2024-01-01 20:38:00+00:00,226.3874082121188,2.1106625667664316,0.4296434291755943,0.8991602488862301,0.4296434291755943,10.600277422990814,50.003411812230624
2024-01-01 20:39:00+00:00,225.6263093317382,2.217032366313885,0.4501617720135985,0.8999260818092343,0.4501617720135985,10.607780119191041,50.012203179188326
2024-01-01 20:40:00+00:00,227.30476359892384,2.1146342075856692,0.43294412161925994,0.9007163717094039,0.43294412161925994,10.614995854551362,49.96968227016904
2024-01-01 20:41:00+00:00,224.3879295743712,2.0874150766879964,0.42226838328884214,0.9015301557402303,0.42226838328884214,10.62203366093951,50.04110700242304
2024-01-01 20:42:00+00:00,226.4537795461013,2.20737966772803,0.4510654341058949,0.9023664424312259,0.4510654341058949,10.629551418174607,49.99520030655502
2024-01-01 20:43:00+00:00,224.44088868332506,2.1891685510325054,0.4437892228948941,0.9032242128958776,0.4437892228948941,10.636947905222856,50.013767963117566
2024-01-01 20:44:00+00:00,225.7042746907181,2.1022388936085465,0.4289824091226114,0.9041024220730038,0.4289824091226114,10.644097612041566,50.01118832735178
2024-01-01 20:45:00+00:00,224.75927247542722,2.2560957495910525,0.45890598757825474,0.905,0.45890598757825474,10.65174604516787,50.01704646307803
2024-01-01 20:46:00+00:00,224.89281468172783,2.201071854871854,0.4484330986028291,0.9059158531164233,0.4484330986028291,10.659219930144584,49.977929667449004
2024-01-01 20:47:00+00:00,225.82583217051445,2.145906205613154,0.43945991666930034,0.9068488655963277,0.43945991666930034,10.666544262089072,50.00082456441884
2024-01-01 20:48:00+00:00,227.0951018165761,2.1660944992573725,0.4465543668228057,0.907797900707726,0.4465543668228057,10.673986834869453,50.007324514399905
2024-01-01 20:49:00+00:00,225.25116228860472,2.13902067128595,0.437856787436201,0.9087618021975227,0.437856787436201,10.68128444799339,50.05991534283277
2024-01-01 20:50:00+00:00,224.93502612064478,2.1908353280351895,0.44831557292851976,0.90973939570023,0.44831557292851976,10.688756374208864,50.022181641940236
2024-01-01 20:51:00+00:00,223.11248175119366,2.2570344582759176,0.4586183802706735,0.9107294901687516,0.4586183802706735,10.696400013880043,50.00345530472174
2024-01-01 20:52:00+00:00,225.03324140966924,2.192190960482161,0.44977128242419606,0.91173087932549,0.44977128242419606,10.703896201920445,49.98588923796406
2024-01-01 20:53:00+00:00,225.49237897261972,2.1762742239899944,0.4479130183419565,0.91274234313201,0.4479130183419565,10.71136141889281,49.97120866910053
2024-01-01 20:54:00+00:00,224.9796903607384,2.1218640935514856,0.4362086570368408,0.9137626492754672,0.4362086570368408,10.718631563176757,49.996323779540006
2024-01-01 20:55:00+00:00,224.89986758409378,2.2538548490430648,0.4636997001593507,0.9147905546699922,0.4636997001593507,10.726359891512747,49.989052734532414
2024-01-01 20:56:00+00:00,224.3169397835574,2.134825903374746,0.4385679980524185,0.9158248069711981,0.4385679980524185,10.733669358146953,50.03149141253752
2024-01-01 20:57:00+00:00,224.68478439878,2.212342536305957,0.45575455999024084,0.9168641461019704,0.45575455999024084,10.741265267480124,50.013528503605784
2024-01-01 20:58:00+00:00,224.91952840205136,2.193966552893135,0.45295597533427107,0.9179073057876763,0.45295597533427107,10.748814533735695,49.98977862079268
2024-01-01 20:59:00+00:00,226.03188536775454,2.2203116142647774,0.4611868815340307,0.918953015098925,0.4611868815340307,10.756500981761262,49.97539985761215
2024-01-01 21:00:00+00:00,225.9666989797864,2.071574132060928,0.4306582268486261,0.92,0.4306582268486261,10.763678618875405,50.025691183852345
2024-01-01 21:01:00+00:00,224.790167875468,2.177185584013544,0.4507695246816075,0.9210469849010751,0.4507695246816075,10.771191444286766,50.01526479098015
2024-01-01 21:02:00+00:00,224.49660064936532,2.097849261405252,0.43426880095597903,0.9220926942123238,0.43426880095597903,10.778429257636033,49.981025537656585
2024-01-01 21:03:00+00:00,224.88731504251044,2.213186032431248,0.4594608366124478,0.9231358538980297,0.4594608366124478,10.78608693824624,49.99130658437428
2024-01-01 21:04:00+00:00,223.70424731593414,2.1517021797252203,0.4448470311784916,0.924175193028802,0.4448470311784916,10.793501055432548,50.031106879239374
2024-01-01 21:05:00+00:00,223.6948163908145,2.1606559410165374,0.4471791996535731,0.9252094453300079,0.4471791996535731,10.80095404209344,49.97597239353811
2024-01-01 21:06:00+00:00,223.8745296054297,2.156195012897415,0.44711064883941565,0.9262373507245328,0.44711064883941565,10.808405886240765,50.02197421988852
2024-01-01 21:07:00+00:00,225.35930366186457,2.1858354972433864,0.4567656062430016,0.9272576568679901,0.4567656062430016,10.816018646344816,49.96207673803722
2024-01-01 21:08:00+00:00,226.28836354159003,2.2025906599153475,0.4626684854911158,0.9282691206745101,0.4626684854911158,10.823729787769668,50.0142895962059
2024-01-01 21:09:00+00:00,224.15188644594429,2.172300605888185,0.45248530202212345,0.9292705098312485,0.45248530202212345,10.831271209470037,49.97932950184358
2024-01-01 21:10:00+00:00,224.4550851221387,2.1881288440266586,0.4568850730498236,0.9302606042997701,0.4568850730498236,10.838885960687534,50.008650842165764
2024-01-01 21:11:00+00:00,225.0073808394736,2.20460303948194,0.4619425292467218,0.9312381978024774,0.4619425292467218,10.846585002841646,49.97465921045156
2024-01-01 21:12:00+00:00,225.0412529198437,2.2258071455186714,0.46693856684601,0.932202099292274,0.46693856684601,10.85436731228908,49.994936889638254
2024-01-01 21:13:00+00:00,226.82929705961496,2.2077563408857985,0.46730698868077264,0.9331511344036724,0.46730698868077264,10.862155762100427,50.00966280690605
2024-01-01 21:14:00+00:00,225.0222033658855,2.181168331879414,0.45845905813225823,0.9340841468835768,0.45845905813225823,10.869796746402631,50.02098738336609
2024-01-01 21:15:00+00:00,225.5675930339525,2.2140680362008474,0.4669595678861849,0.935,0.4669595678861849,10.877579405867401,50.026970231834134
2024-01-01 21:16:00+00:00,225.4712890985501,2.1928743310014487,0.4627360287322589,0.9358975779269962,0.4627360287322589,10.885291673012938,49.98658979917418
2024-01-01 21:17:00+00:00,225.15974230995226,2.2465003785012576,0.4738412835129556,0.9367757871041225,0.4738412835129556,10.893189027738154,49.97794730471136
2024-01-01 21:18:00+00:00,225.6715494572697,2.262870438734014,0.4788170889867378,0.9376335575687742,0.4788170889867378,10.9011693125546,50.01818863084715
2024-01-01 21:19:00+00:00,225.61980223767276,2.2014242684083367,0.4661238083315486,0.9384698442597698,0.4661238083315486,10.908938042693459,50.00611139127
2024-01-01 21:20:00+00:00,224.64671862628754,2.3125629001647914,0.48796692508227657,0.9392836282905962,0.48796692508227657,10.917070824778163,49.98829696736768
2024-01-01 21:21:00+00:00,226.92957896187983,2.1945705279360475,0.4681690001696947,0.9400739181907658,0.4681690001696947,10.924873641447657,50.035366906523194
2024-01-01 21:22:00+00:00,224.8859182702646,2.2822849398477243,0.48288952518847816,0.9408397511137699,0.48288952518847816,10.932921800200798,50.029640935236884
2024-01-01 21:23:00+00:00,224.5117860486964,2.1561732605468813,0.4558060814575486,0.9415801940101596,0.4558060814575486,10.940518568225091,50.0004659413414
2024-01-01 21:24:00+00:00,224.51878472360605,2.2083529734398923,0.46720529679622574,0.9422943447643218,0.46720529679622574,10.948305323171695,49.99508705255577
2024-01-01 21:25:00+00:00,225.81437611584138,2.3010773418178507,0.48998851318393727,0.9429813332935694,0.48998851318393727,10.956471798391428,50.038664215710874
2024-01-01 21:26:00+00:00,225.33769098109985,2.2126770836391163,0.4704986354149801,0.9436403226082017,0.4704986354149801,10.964313442315012,49.99675028409402
2024-01-01 21:27:00+00:00,225.00754085793284,2.265467176120603,0.48133924672300227,0.9442705098312485,0.48133924672300227,10.972335763093728,50.011266330969185
2024-01-01 21:28:00+00:00,223.83246812504132,2.2704778960939453,0.4801898103556498,0.9448711271766513,0.4801898103556498,10.980338926599655,49.96239734325244
2024-01-01 21:29:00+00:00,223.6694140108889,2.2237824641937243,0.47025512423050114,0.9454414428846928,0.47025512423050114,10.988176512003497,50.00875225748223
2024-01-01 21:30:00+00:00,224.15016200828632,2.2112564892259643,0.4688786759598074,0.9459807621135332,0.4688786759598074,10.995991156602827,49.979077919249704
2024-01-01 21:31:00+00:00,225.2302274893538,2.2085664529520086,0.4708173462212797,0.9464884277857678,0.4708173462212797,11.003838112373181,49.9994907950256
2024-01-01 21:32:00+00:00,225.40743872164072,2.2847114300153315,0.48767779956262747,0.9469638213889751,0.48767779956262747,11.011966075699224,49.987014660352195
2024-01-01 21:33:00+00:00,225.88876862416555,2.1918427880741755,0.46907289282014447,0.9474063637292781,0.46907289282014447,11.019783957246226,49.99342897459159
2024-01-01 21:34:00+00:00,225.57169583361662,2.2368806226391436,0.4782458671857079,0.9478155156370036,0.4782458671857079,11.02775472169932,50.00354985969965
2024-01-01 21:35:00+00:00,224.79158648535358,2.230060216331018,0.47532687482970265,0.9481907786235773,0.47532687482970265,11.035676836279816,50.00322937045762
2024-01-01 21:36:00+00:00,225.27120416298686,2.3216701423838346,0.4960872259816251,0.9485316954888546,0.4960872259816251,11.043944956712842,49.97784334969159
2024-01-01 21:37:00+00:00,225.8297590311268,2.2103245986603035,0.47361912296892245,0.9488378508781496,0.47361912296892245,11.051838608762324,50.02276672205543
2024-01-01 21:38:00+00:00,225.53116058299727,2.1960870404625092,0.47008039264792406,0.94910887178828,0.47008039264792406,11.059673281973122,49.97573992457017
2024-01-01 21:39:00+00:00,225.22733426076198,2.231791410481061,0.47719787841592365,0.9493444280220142,0.47719787841592365,11.06762657994672,49.98322129263548
2024-01-01 21:40:00+00:00,223.70951757768657,2.192377014917758,0.46570929045753967,0.9495442325903662,0.46570929045753967,11.075388401454346,50.00988048503951
2024-01-01 21:41:00+00:00,224.66184799815505,2.3080212013324144,0.49244670560702,0.9497080420622471,0.49244670560702,11.083595846547796,49.98692613199406
2024-01-01 21:42:00+00:00,224.53284166700973,2.1956702343150476,0.46826905204053554,0.9498356568610482,0.46826905204053554,11.091400330748472,49.98313168485905
2024-01-01 21:43:00+00:00,225.83407679486632,2.143770529047991,0.45989423641228383,0.9499269215077948,0.45989423641228383,11.099065234688677,50.00363344632168
2024-01-01 21:44:00+00:00,225.19442030614323,2.300595392316619,0.49216771541223453,0.9499817248105729,0.49216771541223453,11.107268029945548,50.00157831471075
2024-01-01 21:45:00+00:00,226.750563366675,2.214019805565306,0.476928726306064,0.9500000000000001,0.476928726306064,11.115216842050648,49.96563369862598
2024-01-01 21:46:00+00:00,226.1715970120065,2.1919244560431976,0.4709544420708811,0.9499817248105729,0.4709544420708811,11.12306608275183,50.02341775480119
2024-01-01 21:47:00+00:00,226.29289028233623,2.2243175295276525,0.47814309667180493,0.9499269215077948,0.47814309667180493,11.131035134363026,49.97796803986301
2024-01-01 21:48:00+00:00,225.02815491501153,2.1936853875786544,0.46887779996191953,0.9498356568610482,0.46887779996191953,11.13884976436239,49.98342504333349
2024-01-01 21:49:00+00:00,224.7748299629687,2.236411636314249,0.4774078289587622,0.9497080420622471,0.4774078289587622,11.146806561511703,50.01605416322133
2024-01-01 21:50:00+00:00,224.1434296823301,2.2245464319754316,0.4734593398218162,0.9495442325903662,0.4734593398218162,11.154697550508732,50.00493144070448
2024-01-01 21:51:00+00:00,225.79730032730313,2.189763450463375,0.4693963989337703,0.9493444280220142,0.4693963989337703,11.162520823824295,49.994941101663336
2024-01-01 21:52:00+00:00,225.49677199905315,2.2201886492475484,0.4751669657360346,0.94910887178828,0.4751669657360346,11.170440273253229,50.010861866563076
2024-01-01 21:53:00+00:00,226.6018401051056,2.1510056122007732,0.46248428145957515,0.9488378508781496,0.46248428145957515,11.17814834461089,49.99848701151106
2024-01-01 21:54:00+00:00,226.4389296560012,2.208722422943897,0.4743993453839499,0.9485316954888546,0.4743993453839499,11.186055000367288,50.02305386245199
2024-01-01 21:55:00+00:00,224.92212569030318,2.1957614313070954,0.4682880324045955,0.9481907786235773,0.4682880324045955,11.193859800907365,49.98950589310629
2024-01-01 21:56:00+00:00,225.83604878045733,2.169799672762711,0.464447596695027,0.9478155156370036,0.464447596695027,11.201600594185615,50.03718587276964
2024-01-01 21:57:00+00:00,225.56039617289414,2.339558395004146,0.4999574402709692,0.9474063637292781,0.4999574402709692,11.209933218190132,50.002058254971544
2024-01-01 21:58:00+00:00,226.05831594726757,2.2539052766805314,0.4824913539901101,0.9469638213889751,0.4824913539901101,11.217974740756635,49.98120278875749
2024-01-01 21:59:00+00:00,226.1165773799297,2.3448857294266103,0.5018447615456281,0.9464884277857678,0.5018447615456281,11.226338820115728,49.997051383291
2024-01-01 22:00:00+00:00,226.00812646086612,2.2238592540899322,0.4754596401397436,0.9459807621135332,0.4754596401397436,11.23426314745139,49.99275234409903
2024-01-01 22:01:00+00:00,226.44183152032383,2.2272929291616026,0.4768355569798735,0.9454414428846928,0.4768355569798735,11.242210406734388,49.98388002150031
2024-01-01 22:02:00+00:00,225.9130740325948,2.278058312751271,0.48627145914832864,0.9448711271766513,0.48627145914832864,11.250314931053527,50.01003823949897
2024-01-01 22:03:00+00:00,225.87361005002057,2.1923981722803365,0.4676073738001691,0.9442705098312485,0.4676073738001691,11.25810838728353,50.00440971534821
2024-01-01 22:04:00+00:00,226.6395327161675,2.226642060329781,0.47620348013972985,0.9436403226082017,0.47620348013972985,11.266045111952526,49.996971071006726
2024-01-01 22:05:00+00:00,226.94954284313542,2.3265795565596066,0.49790938892189707,0.9429813332935694,0.49790938892189707,11.27434360176789,49.999342830212846
2024-01-01 22:06:00+00:00,225.14864813749804,2.2816940154432586,0.48407575519153473,0.9422943447643218,0.48407575519153473,11.282411531021083,49.98151587605522
2024-01-01 22:07:00+00:00,225.99226975463395,2.2287387838702077,0.47425298081179024,0.9415801940101596,0.47425298081179024,11.290315747367947,49.9987632723632
2024-01-01 22:08:00+00:00,226.76027011535768,2.1753571139067795,0.46410172900638547,0.9408397511137699,0.46410172900638547,11.29805077618472,50.02554273918335
2024-01-01 22:09:00+00:00,226.5335858536929,2.273221122570067,0.48410134137453836,0.9400739181907658,0.48410134137453836,11.306119131874295,50.021198302200915
2024-01-01 22:10:00+00:00,225.55749841202572,2.1945272016000703,0.46493794353034046,0.9392836282905962,0.46493794353034046,11.313868097599801,50.01929247877859
2024-01-01 22:11:00+00:00,226.3797384774202,2.335589433436561,0.49619727818807163,0.9384698442597698,0.49619727818807163,11.32213805223627,50.01162223196845
2024-01-01 22:12:00+00:00,225.63168867397803,2.2596456892310104,0.4780502871400451,0.9376335575687742,0.4780502871400451,11.330105557021938,49.993404165465925
2024-01-01 22:13:00+00:00,225.30043330420662,2.2526056364490477,0.47542591435502896,0.9367757871041225,0.47542591435502896,11.338029322261187,50.019736772216326
2024-01-01 22:14:00+00:00,225.8668204255816,2.3028889719423713,0.4868035779999897,0.9358975779269962,0.4868035779999897,11.346142715227854,50.02035663565278
2024-01-01 22:15:00+00:00,227.1750778232639,2.2494895798378116,0.4778111522887281,0.935,0.4778111522887281,11.354106234432667,50.00925704136639
2024-01-01 22:16:00+00:00,226.4104709758501,2.2991007450487126,0.48622861252129657,0.9340841468835768,0.48622861252129657,11.362210044641355,49.99905983121165
2024-01-01 22:17:00+00:00,225.06141758038942,2.2875510136538613,0.48042303912460627,0.9331511344036724,0.48042303912460627,11.370217095293432,49.992108862743635
2024-01-01 22:18:00+00:00,226.38907500249485,2.3035367012908474,0.48613923999301734,0.932202099292274,0.48613923999301734,11.378319415959982,49.994264653698714
2024-01-01 22:19:00+00:00,225.62321060685932,2.368227365808918,0.4975857699940018,0.9312381978024774,0.4975857699940018,11.386612512126549,49.99231058693117
2024-01-01 22:20:00+00:00,225.87424944453775,2.2673657635703237,0.4764232380245225,0.9302606042997701,0.4764232380245225,11.394552899426957,49.97034098049101
2024-01-01 22:21:00+00:00,226.91203356745285,2.2148969923332142,0.4670390739102259,0.9292705098312485,0.4670390739102259,11.402336883992128,49.99243174143498
2024-01-01 22:22:00+00:00,226.0490301999942,2.329600861067658,0.48883024631662503,0.9282691206745101,0.48883024631662503,11.410484054764071,50.016204758904706
2024-01-01 22:23:00+00:00,227.25650944328223,2.1209572207594745,0.4469394281917932,0.9272576568679901,0.4469394281917932,11.417933045233934,49.99243481482386
2024-01-01 22:24:00+00:00,226.9438380896489,2.2075211149481917,0.4640294579706757,0.9262373507245328,0.4640294579706757,11.425666869533444,49.99657312893864
2024-01-01 22:25:00+00:00,226.01733631684394,2.2910533985254453,0.4790899070244721,0.9252094453300079,0.4790899070244721,11.433651701317185,49.990796586838044
2024-01-01 22:26:00+00:00,227.25810271544154,2.23274147531942,0.46893443302648574,0.924175193028802,0.46893443302648574,11.44146727520096,49.9966567593732
2024-01-01 22:27:00+00:00,225.96468460908724,2.2210501624099623,0.46330240639711373,0.9231358538980297,0.46330240639711373,11.449188981974245,50.00178290605851
2024-01-01 22:28:00+00:00,228.66451021385575,2.2013637931722347,0.4641572790653669,0.9220926942123238,0.4641572790653669,11.456924936625335,50.01872628409473
2024-01-01 22:29:00+00:00,226.430954449431,2.2853496394661703,0.4766177754659097,0.9210469849010751,0.4766177754659097,11.464868566216433,49.99903381419813
2024-01-01 22:30:00+00:00,226.9473312878508,2.2685833698641216,0.4736610262670888,0.92,0.4736610262670888,11.472762916654217,49.98343256307586
2024-01-01 22:31:00+00:00,226.57909426781816,2.274694677753808,0.4736267848395084,0.918953015098925,0.4736267848395084,11.480656696401542,49.966424296653855
2024-01-01 22:32:00+00:00,226.25107918342408,2.186169884117221,0.4540183366071381,0.9179073057876763,0.4540183366071381,11.488223668678328,49.99694308171296
2024-01-01 22:33:00+00:00,225.7354729605171,2.3624745612392557,0.48895843439499337,0.9168641461019704,0.48895843439499337,11.496372975918245,49.982087823308255
2024-01-01 22:34:00+00:00,226.47701373234025,2.252243536307399,0.4671451908118904,0.9158248069711981,0.4671451908118904,11.504158729098442,50.01968593282518
2024-01-01 22:35:00+00:00,227.7523979410216,2.2485975713919335,0.46848573046018127,0.9147905546699922,0.46848573046018127,11.511966824606112,50.00904793610725
2024-01-01 22:36:00+00:00,227.15719966425348,2.2074461769736,0.45819466835683187,0.9137626492754672,0.45819466835683187,11.51960340241206,50.00682198937782
2024-01-01 22:37:00+00:00,227.30374798202922,2.305982954779379,0.47842171989781157,0.91274234313201,0.47842171989781157,11.52757709774369,49.98456171522952
2024-01-01 22:38:00+00:00,225.9078098580129,2.293140430935724,0.4723115443685381,0.91173087932549,0.4723115443685381,11.535448956816499,50.02221822698193
2024-01-01 22:39:00+00:00,227.05236558674295,2.298406664873303,0.47527208077872674,0.9107294901687516,0.47527208077872674,11.54337015816281,49.993507979482736
2024-01-01 22:40:00+00:00,224.70625647971312,2.1838244102536613,0.44642641383030357,0.90973939570023,0.44642641383030357,11.550810598393316,49.963297486808024
2024-01-01 22:41:00+00:00,226.49472544813065,2.2838440791700045,0.47008306701449226,0.9087618021975227,0.47008306701449226,11.558645316176891,50.00623467504049
2024-01-01 22:42:00+00:00,226.38883673404746,2.309716005572058,0.4746820025851185,0.907797900707726,0.4746820025851185,11.566556682886644,50.00063006256602
2024-01-01 22:43:00+00:00,227.47800945635964,2.229877960304648,0.4599974545106411,0.9068488655963277,0.4599974545106411,11.574223307128488,50.0178205865956
2024-01-01 22:44:00+00:00,226.46963188555375,2.3480747754844824,0.48173672623075975,0.9059158531164233,0.48173672623075975,11.582252252565667,49.99144020713108
2024-01-01 22:45:00+00:00,226.33763586647632,2.3692301747467472,0.4853025907010062,0.905,0.4853025907010062,11.59034062907735,50.03065477453644
2024-01-01 22:46:00+00:00,227.0807792583895,2.301344041383902,0.47247578727960826,0.9041024220730038,0.47247578727960826,11.59821522553201,49.941358969834454
2024-01-01 22:47:00+00:00,226.8291413137129,2.2659212441589602,0.4642364442625404,0.9032242128958776,0.4642364442625404,11.605952499603053,50.01406223216009
2024-01-01 22:48:00+00:00,227.15641999620357,2.2257556079419545,0.45623166881145777,0.9023664424312259,0.45623166881145777,11.61355636074991,50.0207477168454
2024-01-01 22:49:00+00:00,227.46702840917578,2.350321942315199,0.4819767262274226,0.9015301557402303,0.4819767262274226,11.621589306187035,49.988099541565596
2024-01-01 22:50:00+00:00,227.84785784806232,2.2736646815423036,0.46661578053575015,0.9007163717094039,0.46661578053575015,11.62936623586263,49.99394461602429
2024-01-01 22:51:00+00:00,225.89831542942576,2.3085721823060577,0.4693137618009198,0.8999260818092343,0.4693137618009198,11.637188131892644,49.99084427748064
2024-01-01 22:52:00+00:00,227.06758378556134,2.285491079365785,0.4666290454145601,0.8991602488862301,0.4666290454145601,11.644965282649554,49.9712962023554
2024-01-01 22:53:00+00:00,227.24181129656495,2.274668873759112,0.46439308538935986,0.8984198059898405,0.46439308538935986,11.652705167406044,50.01366153423638
2024-01-01 22:54:00+00:00,228.21357796022593,2.4709239166877195,0.5062147717914439,0.8977056552356782,0.5062147717914439,11.661142080269235,49.985131062617434
2024-01-01 22:55:00+00:00,226.54070847300093,2.3501625063768885,0.4775794471556258,0.8970186667064307,0.4775794471556258,11.669101737721828,50.02243279358317
2024-01-01 22:56:00+00:00,227.0248396719813,2.3063554124502743,0.4693338981641061,0.8963596773917983,0.4693338981641061,11.676923969357896,49.991472544921045
2024-01-01 22:57:00+00:00,227.1227420147898,2.351573969914371,0.47840547337603073,0.8957294901687516,0.47840547337603073,11.684897393914163,49.997918337131566
2024-01-01 22:58:00+00:00,227.56591028713916,2.2902264349133223,0.4665209953763015,0.8951288728233489,0.4665209953763015,11.692672743837102,50.03701096146996
2024-01-01 22:59:00+00:00,227.6761083246209,2.313272434878162,0.4711432968387806,0.8945585571153073,0.4711432968387806,11.700525132117749,49.991841274693925
2024-01-01 23:00:00+00:00,225.84151665471742,2.3827003197403602,0.48108306477593865,0.8940192378864669,0.48108306477593865,11.708543183197348,49.98505685585604
2024-01-01 23:01:00+00:00,228.71880732443296,2.2869887363573023,0.4673756530077064,0.8935115722142323,0.4673756530077064,11.716332777414143,50.01088160564825
2024-01-01 23:02:00+00:00,228.22050388835376,2.2866151719864107,0.46603313270470453,0.893036178611025,0.46603313270470453,11.724099996292555,49.99739178077855
2024-01-01 23:03:00+00:00,226.7366427908129,2.35003258113319,0.47560825238127763,0.892593636270722,0.47560825238127763,11.73202680049891,50.00557787121727
2024-01-01 23:04:00+00:00,228.75521352153248,2.3501192807906275,0.4796401969569742,0.8921844843629965,0.4796401969569742,11.740020803781526,50.00519314501724
2024-01-01 23:05:00+00:00,227.71053011022352,2.2653209660744116,0.4600285839882886,0.8918092213764228,0.4600285839882886,11.747687946847998,49.980405944526694
2024-01-01 23:06:00+00:00,227.9062897858198,2.3563125410891366,0.47873492605668977,0.8914683045111454,0.47873492605668977,11.755666862282276,49.959612753998805
2024-01-01 23:07:00+00:00,226.6555462884218,2.329094899649995,0.4704465275530442,0.8911621491218504,0.4704465275530442,11.763507637741492,50.0004612495768
2024-01-01 23:08:00+00:00,227.3400245163645,2.2523037286615764,0.45617081076078997,0.8908911282117201,0.45617081076078997,11.771110484587505,49.99841968469014
2024-01-01 23:09:00+00:00,227.39878109071734,2.396988797311882,0.4854717085552215,0.8906555719779858,0.4854717085552215,11.779201679730091,49.98146712861532
2024-01-01 23:10:00+00:00,226.33257727657926,2.3200484652559528,0.4675805928360211,0.8904557674096338,0.4675805928360211,11.786994689610692,49.98542973806587
2024-01-01 23:11:00+00:00,226.33160809665625,2.353132742252786,0.4741590960677645,0.890291957937753,0.4741590960677645,11.794897341211822,49.95931367522211
2024-01-01 23:12:00+00:00,228.00092275039194,2.2689341887634376,0.46049900678407474,0.8901643431389519,0.46049900678407474,11.802572324658223,49.992324933960745
2024-01-01 23:13:00+00:00,226.55707554992634,2.344781411978625,0.472830690611505,0.8900730784922053,0.472830690611505,11.810452836168416,49.989216280985254
2024-01-01 23:14:00+00:00,225.38284807063084,2.3089654679461797,0.4631665902343282,0.8900182751894272,0.4631665902343282,11.818172279338988,49.99497703487594
2024-01-01 23:15:00+00:00,228.5060800677331,2.3634800490615997,0.4806619095831301,0.89,0.4806619095831301,11.826183311165373,49.98905272674277
2024-01-01 23:16:00+00:00,228.68711240620598,2.368845105453299,0.48214456885934054,0.8900182751894272,0.48214456885934054,11.834219053979695,49.97767981278389
2024-01-01 23:17:00+00:00,227.17421483252488,2.3697404492638743,0.47916543542976586,0.8900730784922053,0.47916543542976586,11.84220514457019,49.972029787759986
2024-01-01 23:18:00+00:00,228.52125662588097,2.421049821779419,0.49249352409446895,0.8901643431389519,0.49249352409446895,11.850413369971765,49.95689573712098
2024-01-01 23:19:00+00:00,228.35358947122825,2.3013526183942177,0.46786812699152786,0.890291957937753,0.46786812699152786,11.858211172088291,49.99946601354555
2024-01-01 23:20:00+00:00,229.1958404108236,2.3973727595149645,0.4892768288568248,0.8904557674096338,0.4892768288568248,11.866365785902572,50.007665529853014
2024-01-01 23:21:00+00:00,228.09226449641818,2.4190975741308334,0.49144365474213964,0.8906555719779858,0.49144365474213964,11.874556513481608,49.977523618051755
2024-01-01 23:22:00+00:00,227.46088113501708,2.406469049092215,0.4876538211896736,0.8908911282117201,0.4876538211896736,11.882684077168102,49.98469669200608
2024-01-01 23:23:00+00:00,229.19427616675304,2.3696478758960273,0.48399883391602877,0.8911621491218504,0.48399883391602877,11.890750724400036,50.00893847988608
2024-01-01 23:24:00+00:00,227.45823545313056,2.406228992208709,0.48791540202470196,0.8914683045111454,0.48791540202470196,11.898882647767113,50.024816090099826
2024-01-01 23:25:00+00:00,229.90312581211103,2.393828724607684,0.49080605138124084,0.8918092213764228,0.49080605138124084,11.907062748623467,49.96855612068681
2024-01-01 23:26:00+00:00,227.94343167918674,2.399391335174985,0.4879584406354637,0.8921844843629965,0.4879584406354637,11.915195389300726,49.95360936421093
2024-01-01 23:27:00+00:00,227.15104516455625,2.3632638490188826,0.47916019969588464,0.892593636270722,0.47916019969588464,11.92318139262899,49.97303204501535
2024-01-01 23:28:00+00:00,229.29089673115737,2.314967345559694,0.4740244417807774,0.893036178611025,0.4740244417807774,11.931081799992004,50.03748233621062
2024-01-01 23:29:00+00:00,227.6273797794249,2.301567960992917,0.46811060934403703,0.8935115722142323,0.46811060934403703,11.938883643481072,49.957975478103435
2024-01-01 23:30:00+00:00,229.03380912057094,2.2935542055478644,0.469629607462066,0.8940192378864669,0.469629607462066,11.94671080360544,50.00511488077548
2024-01-01 23:31:00+00:00,229.1278743204952,2.3191932244524023,0.4753610940881373,0.8945585571153073,0.4753610940881373,11.954633488506909,49.99913240291246
2024-01-01 23:32:00+00:00,228.22682001151574,2.309028702904108,0.4717170526643556,0.8951288728233487,0.4717170526643556,11.962495439384648,50.02475389486044
2024-01-01 23:33:00+00:00,228.0161955075742,2.45732299299499,0.5018856890243585,0.8957294901687516,0.5018856890243585,11.970860200868387,50.008325129720795
2024-01-01 23:34:00+00:00,228.1269017604955,2.274471956499778,0.46509256873283245,0.8963596773917983,0.46509256873283245,11.9786117436806,50.00831379137946
2024-01-01 23:35:00+00:00,230.14298226229923,2.357431558444923,0.48667418497083237,0.8970186667064307,0.48667418497083237,11.986722980096781,50.01507561639321
2024-01-01 23:36:00+00:00,228.5845199794726,2.3175373821475054,0.47556241661735665,0.8977056552356782,0.47556241661735665,11.994649020373737,49.994241458523085
2024-01-01 23:37:00+00:00,228.90148001851452,2.3288157296385013,0.47892007746312837,0.8984198059898405,0.47892007746312837,12.00263102166479,49.98488008250642
2024-01-01 23:38:00+00:00,230.90783105982882,2.444465025997226,0.5075275112735371,0.8991602488862301,0.5075275112735371,12.01108981351935,50.03448120155517
2024-01-01 23:39:00+00:00,229.32171056480868,2.347847191680551,0.4845313022612439,0.8999260818092343,0.4845313022612439,12.019165335223704,50.00675125828289
2024-01-01 23:40:00+00:00,228.29389293199284,2.385187387315617,0.49046142400413933,0.9007163717094039,0.49046142400413933,12.02733969229044,50.02528053355143
2024-01-01 23:41:00+00:00,229.91277370214613,2.3565331355802717,0.4884463964660177,0.9015301557402303,0.4884463964660177,12.035480465564873,49.97996307389133
2024-01-01 23:42:00+00:00,228.06160302632415,2.3909045953109316,0.4920365396497683,0.9023664424312259,0.4920365396497683,12.043681074559036,49.95447511060185
2024-01-01 23:43:00+00:00,229.33921974645938,2.3754735402301663,0.49206683993999756,0.9032242128958776,0.49206683993999756,12.051882188558036,49.98767372417124
2024-01-01 23:44:00+00:00,228.84318273161108,2.3779238228663173,0.49198691213898427,0.9041024220730038,0.49198691213898427,12.060081970427019,49.97997032895367
2024-01-01 23:45:00+00:00,229.07275247540042,2.3733034307293517,0.4920115301495175,0.905,0.4920115301495175,12.068282162596178,50.01266405795013
2024-01-01 23:46:00+00:00,228.99680203854126,2.402466268065815,0.4983960317028392,0.9059158531164233,0.4983960317028392,12.076588763124558,49.99674281962256
2024-01-01 23:47:00+00:00,229.82253259666808,2.3177848785246993,0.48305951990085433,0.9068488655963277,0.48305951990085433,12.084639755122906,49.99339949698455
2024-01-01 23:48:00+00:00,230.56855904365074,2.453540025098858,0.5135496134072569,0.907797900707726,0.5135496134072569,12.09319891534636,49.97204435258957
2024-01-01 23:49:00+00:00,230.1182976214871,2.4247166103169553,0.50706333002692,0.9087618021975227,0.50706333002692,12.101649970846807,49.98115174546264
2024-01-01 23:50:00+00:00,228.71903202051124,2.412955517710721,0.5020750291832181,0.90973939570023,0.5020750291832181,12.110017887999861,49.9708326335099
2024-01-01 23:51:00+00:00,229.55042666343175,2.4712104455106125,0.5166271610495131,0.9107294901687516,0.5166271610495131,12.118628340684019,49.98765142796546
2024-01-01 23:52:00+00:00,229.67703143108784,2.4093432110596558,0.5045252428083367,0.91173087932549,0.5045252428083367,12.127037094730824,50.03372641843568
2024-01-01 23:53:00+00:00,229.66470389741815,2.4122621396464443,0.5056697272724936,0.91274234313201,0.5056697272724936,12.135464923518699,49.993856960150715
2024-01-01 23:54:00+00:00,230.44633591670737,2.4020340835239793,0.5058041342027921,0.9137626492754672,0.5058041342027921,12.143894992422078,49.97215523877874
2024-01-01 23:55:00+00:00,229.30580886820619,2.4155648232048392,0.5067052743714023,0.9147905546699922,0.5067052743714023,12.152340080328269,50.030829978792205
2024-01-01 23:56:00+00:00,228.09937689103126,2.4727777030827536,0.5165609570789981,0.9158248069711981,0.5165609570789981,12.16094942961292,49.98329396297223
2024-01-01 23:57:00+00:00,230.26818978343647,2.3230667362791673,0.4904566451195451,0.9168641461019704,0.4904566451195451,12.169123707031579,50.04971869491833
2024-01-01 23:58:00+00:00,229.03343018924244,2.269885451544427,0.47720132987859737,0.9179073057876763,0.47720132987859737,12.177077062529555,49.96872527059601
2024-01-01 23:59:00+00:00,231.87677584381663,2.4916427601983804,0.5309288627976936,0.918953015098925,0.5309288627976936,12.185925876909517,49.974591125657554
