ds,value,source
2025-12-16 09:25:00,380.994876575254,synthetic
2025-12-16 09:30:00,57.90933011819012,synthetic
2025-12-16 09:35:00,78.01304202763856,synthetic
2025-12-16 09:40:00,52.32263830108596,synthetic
2025-12-16 09:45:00,44.15081794255619,synthetic
2025-12-16 09:50:00,58.29569836318596,synthetic
2025-12-16 09:55:00,398.4410425899831,synthetic
2025-12-16 10:00:00,104.20766640125429,synthetic
2025-12-16 10:05:00,137.7084174766254,synthetic
2025-12-16 10:10:00,109.57594829015184,synthetic
2025-12-16 10:15:00,92.30578504162779,synthetic
2025-12-16 10:20:00,63.00286270765742,synthetic
2025-12-16 10:25:00,103.61624510323846,synthetic
2025-12-16 10:30:00,56.980077324491454,synthetic
2025-12-16 10:35:00,103.92098595455704,synthetic
2025-12-16 10:40:00,61.75881379430982,synthetic
2025-12-16 10:45:00,97.9767844489877,synthetic
2025-12-16 10:50:00,108.28546190447993,synthetic
2025-12-16 10:55:00,77.58072807497699,synthetic
2025-12-16 11:00:00,63.30459059357995,synthetic
2025-12-16 11:05:00,79.71197090983814,synthetic
2025-12-16 11:10:00,324.11893026983586,synthetic
2025-12-16 11:15:00,247.60802714520563,synthetic
2025-12-16 11:20:00,52.75098264768403,synthetic
2025-12-16 11:25:00,57.890450835992496,synthetic
2025-12-16 11:30:00,68.09998003107891,synthetic
2025-12-16 11:35:00,40.00686101619957,synthetic
2025-12-16 11:40:00,65.39453601283051,synthetic
2025-12-16 11:45:00,96.801735409583,synthetic
2025-12-16 11:50:00,54.18263386134384,synthetic
2025-12-16 11:55:00,57.19975801871242,synthetic
2025-12-16 12:00:00,118.67355063636184,synthetic
2025-12-16 12:05:00,314.7400857295929,synthetic
2025-12-16 12:10:00,92.5835796359429,synthetic
2025-12-16 12:15:00,72.79648848770961,synthetic
2025-12-16 12:20:00,140.89034937004962,synthetic
2025-12-16 12:25:00,80.50861738024336,synthetic
2025-12-16 12:30:00,70.33962768795713,synthetic
2025-12-16 12:35:00,187.7339981436749,synthetic
2025-12-16 12:40:00,99.85863972421218,synthetic
2025-12-16 12:45:00,110.613351045045,synthetic
2025-12-16 12:50:00,67.66753027783189,synthetic
2025-12-16 12:55:00,95.09360503203783,synthetic
2025-12-16 13:00:00,317.43135152383536,synthetic
2025-12-16 13:05:00,137.5589969357437,synthetic
2025-12-16 13:10:00,68.29395014575081,synthetic
2025-12-16 13:15:00,57.067857463564565,synthetic
2025-12-16 13:20:00,73.8583848925046,synthetic
2025-12-16 13:25:00,71.05953479780578,synthetic
2025-12-16 13:30:00,59.172544165815125,synthetic
2025-12-16 13:35:00,49.48927566916596,synthetic
2025-12-16 13:40:00,127.88648724594071,synthetic
2025-12-16 13:45:00,330.72178958425377,synthetic
2025-12-16 13:50:00,60.8326355328924,synthetic
2025-12-16 13:55:00,68.79257424220559,synthetic
2025-12-16 14:00:00,428.32274805289234,synthetic
2025-12-16 14:05:00,89.48526842547406,synthetic
2025-12-16 14:10:00,438.50500024275266,synthetic
2025-12-16 14:15:00,110.57036633303804,synthetic
2025-12-16 14:20:00,88.91978971304026,synthetic
2025-12-16 14:25:00,42.647106284837285,synthetic
2025-12-16 14:30:00,105.03974318782299,synthetic
2025-12-16 14:35:00,341.8528236601028,synthetic
2025-12-16 14:40:00,89.65141488127246,synthetic
2025-12-16 14:45:00,46.73519155115995,synthetic
2025-12-16 14:50:00,283.43139511198416,synthetic
2025-12-16 14:55:00,95.9430484318014,synthetic
2025-12-16 15:00:00,353.6837310840809,synthetic
2025-12-16 15:05:00,456.8053120953765,synthetic
2025-12-16 15:10:00,66.01648716188538,synthetic
2025-12-16 15:15:00,61.834722064397596,synthetic
2025-12-16 15:20:00,347.4789058512366,synthetic
2025-12-16 15:25:00,61.903949283577944,synthetic
2025-12-16 15:30:00,166.77573082659745,synthetic
2025-12-16 15:35:00,83.96030093966031,synthetic
2025-12-16 15:40:00,58.002616932087015,synthetic
2025-12-16 15:45:00,238.44551828622377,synthetic
2025-12-16 15:50:00,103.21828262496645,synthetic
2025-12-16 15:55:00,112.69105495389985,synthetic
2025-12-16 16:00:00,84.51352663533889,synthetic
2025-12-16 16:05:00,34.84476825675908,synthetic
2025-12-16 16:10:00,54.66126243331681,synthetic
2025-12-16 16:15:00,109.45653238619862,synthetic
2025-12-16 16:20:00,66.45038446689398,synthetic
2025-12-16 16:25:00,102.38743699232614,synthetic
2025-12-16 16:30:00,92.33963120549673,synthetic
2025-12-16 16:35:00,112.77827312882317,synthetic
2025-12-16 16:40:00,241.83108226308363,synthetic
2025-12-16 16:45:00,70.02890571772893,synthetic
2025-12-16 16:50:00,64.17767082738246,synthetic
2025-12-16 16:55:00,49.338836817603834,synthetic
2025-12-16 17:00:00,61.891690413113,synthetic
2025-12-16 17:05:00,56.132710284164766,synthetic
2025-12-16 17:10:00,372.24846687904727,synthetic
2025-12-16 17:15:00,77.88357213147671,synthetic
2025-12-16 17:20:00,186.9829944933489,synthetic
2025-12-16 17:25:00,104.20094097209706,synthetic
2025-12-16 17:30:00,88.85276707377407,synthetic
2025-12-16 17:35:00,128.21174290995953,synthetic
2025-12-16 17:40:00,133.47528424635473,synthetic
2025-12-16 17:45:00,63.37517049666588,synthetic
2025-12-16 17:50:00,112.32298038722423,synthetic
2025-12-16 17:55:00,68.45401628978415,synthetic
2025-12-16 18:00:00,117.40819157906505,synthetic
2025-12-16 18:05:00,69.41655834395368,synthetic
2025-12-16 18:10:00,62.1157245469438,synthetic
2025-12-16 18:15:00,59.727612576036634,synthetic
2025-12-16 18:20:00,85.56925042206558,synthetic
2025-12-16 18:25:00,69.10533878950619,synthetic
2025-12-16 18:30:00,75.17532666157484,synthetic
2025-12-16 18:35:00,176.53380976848177,synthetic
2025-12-16 18:40:00,59.49882785669468,synthetic
2025-12-16 18:45:00,112.21714410334248,synthetic
2025-12-16 18:50:00,66.71180176531226,synthetic
2025-12-16 18:55:00,78.65359604925284,synthetic
2025-12-16 19:00:00,99.6124342927652,synthetic
2025-12-16 19:05:00,104.60577867644677,synthetic
2025-12-16 19:10:00,120.40376868137446,synthetic
2025-12-16 19:15:00,111.27840237225223,synthetic
2025-12-16 19:20:00,226.82068086295504,synthetic
2025-12-16 19:25:00,57.35899089676377,synthetic
2025-12-16 19:30:00,61.82893013361672,synthetic
2025-12-16 19:35:00,70.56272380512118,synthetic
2025-12-16 19:40:00,62.742623563499116,synthetic
2025-12-16 19:45:00,72.06129162443578,synthetic
2025-12-16 19:50:00,113.62564067232742,synthetic
2025-12-16 19:55:00,451.0545413475505,synthetic
2025-12-16 20:00:00,59.249742273577226,synthetic
2025-12-16 20:05:00,108.80515730278398,synthetic
2025-12-16 20:10:00,120.93724134840788,synthetic
2025-12-16 20:15:00,102.01375981173571,synthetic
2025-12-16 20:20:00,110.71112630994645,synthetic
2025-12-16 20:25:00,343.60321486056466,synthetic
2025-12-16 20:30:00,98.27889440628809,synthetic
2025-12-16 20:35:00,54.07278612304817,synthetic
2025-12-16 20:40:00,221.92492740270194,synthetic
2025-12-16 20:45:00,86.19298892724439,synthetic
2025-12-16 20:50:00,146.0461773194402,synthetic
2025-12-16 20:55:00,287.7020478879628,synthetic
2025-12-16 21:00:00,57.034814449901404,synthetic
2025-12-16 21:05:00,64.82515047938404,synthetic
2025-12-16 21:10:00,205.0731529546143,synthetic
2025-12-16 21:15:00,175.23021191830833,synthetic
2025-12-16 21:20:00,40.707434163930714,synthetic
2025-12-16 21:25:00,71.54786226145292,synthetic
2025-12-16 21:30:00,78.06766173697193,synthetic
2025-12-16 21:35:00,144.37369505937895,synthetic
2025-12-16 21:40:00,93.30038062900789,synthetic
2025-12-16 21:45:00,65.39765176436173,synthetic
2025-12-16 21:50:00,306.97555658190186,synthetic
2025-12-16 21:55:00,74.84291805426412,synthetic
2025-12-16 22:00:00,175.88806214687318,synthetic
2025-12-16 22:05:00,50.79511804321197,synthetic
2025-12-16 22:10:00,196.56749119556292,synthetic
2025-12-16 22:15:00,59.00442869593232,synthetic
2025-12-16 22:20:00,65.59422323257371,synthetic
2025-12-16 22:25:00,173.25212585511255,synthetic
2025-12-16 22:30:00,104.74889480386977,synthetic
2025-12-16 22:35:00,87.75520234876907,synthetic
2025-12-16 22:40:00,42.78564110763064,synthetic
2025-12-16 22:45:00,65.30503303554616,synthetic
2025-12-16 22:50:00,82.62466309435547,synthetic
2025-12-16 22:55:00,37.94518237404898,synthetic
2025-12-16 23:00:00,35.712633283290934,synthetic
2025-12-16 23:05:00,47.31369467315835,synthetic
2025-12-16 23:10:00,61.14633153207196,synthetic
2025-12-16 23:15:00,264.51332718489715,synthetic
2025-12-16 23:20:00,105.12519843836057,synthetic
2025-12-16 23:25:00,277.3324650017662,synthetic
2025-12-16 23:30:00,417.2166924352878,synthetic
2025-12-16 23:35:00,99.11321103123942,synthetic
2025-12-16 23:40:00,344.57364837740954,synthetic
2025-12-16 23:45:00,59.041532629093815,synthetic
2025-12-16 23:50:00,95.85342683720005,synthetic
2025-12-16 23:55:00,93.3578948377719,synthetic
2025-12-17 00:00:00,71.96990524995611,synthetic
2025-12-17 00:05:00,102.05821651226317,synthetic
2025-12-17 00:10:00,147.46230432254106,synthetic
2025-12-17 00:15:00,69.09830603461965,synthetic
2025-12-17 00:20:00,75.87114922424938,synthetic
2025-12-17 00:25:00,65.80960796772462,synthetic
2025-12-17 00:30:00,446.8788620712117,synthetic
2025-12-17 00:35:00,81.39271319504111,synthetic
2025-12-17 00:40:00,89.70215533958432,synthetic
2025-12-17 00:45:00,66.41283407077937,synthetic
2025-12-17 00:50:00,43.358523106619934,synthetic
2025-12-17 00:55:00,122.9287819010747,synthetic
2025-12-17 01:00:00,319.3327442191005,synthetic
2025-12-17 01:05:00,103.8630158357372,synthetic
2025-12-17 01:10:00,202.03079590301607,synthetic
2025-12-17 01:15:00,88.83957836258226,synthetic
2025-12-17 01:20:00,124.00293800513604,synthetic
2025-12-17 01:25:00,84.33679477460177,synthetic
2025-12-17 01:30:00,311.98774241356836,synthetic
2025-12-17 01:35:00,69.61885821792985,synthetic
2025-12-17 01:40:00,457.863824501963,synthetic
2025-12-17 01:45:00,311.184608894386,synthetic
2025-12-17 01:50:00,452.18764188397995,synthetic
2025-12-17 01:55:00,291.89378520879467,synthetic
2025-12-17 02:00:00,65.23784518316221,synthetic
2025-12-17 02:05:00,343.1603893277962,synthetic
2025-12-17 02:10:00,72.79878035132592,synthetic
2025-12-17 02:15:00,63.680538673366115,synthetic
2025-12-17 02:20:00,80.75784846096312,synthetic
2025-12-17 02:25:00,64.93824096679317,synthetic
2025-12-17 02:30:00,136.5017047125295,synthetic
2025-12-17 02:35:00,61.61678586144507,synthetic
2025-12-17 02:40:00,76.15544546500574,synthetic
2025-12-17 02:45:00,157.6034498997734,synthetic
2025-12-17 02:50:00,62.47154690663693,synthetic
2025-12-17 02:55:00,147.8112742824452,synthetic
2025-12-17 03:00:00,97.07218776611462,synthetic
2025-12-17 03:05:00,53.67870367989782,synthetic
2025-12-17 03:10:00,55.22979062848033,synthetic
2025-12-17 03:15:00,104.48219484108849,synthetic
2025-12-17 03:20:00,153.31851272592476,synthetic
2025-12-17 03:25:00,444.2078453827111,synthetic
2025-12-17 03:30:00,156.23276939154033,synthetic
2025-12-17 03:35:00,45.385889787943285,synthetic
2025-12-17 03:40:00,68.04059853918756,synthetic
2025-12-17 03:45:00,130.58890502524073,synthetic
2025-12-17 03:50:00,54.72585995418975,synthetic
2025-12-17 03:55:00,99.49983988713865,synthetic
2025-12-17 04:00:00,110.31359462455835,synthetic
2025-12-17 04:05:00,105.20787957971999,synthetic
2025-12-17 04:10:00,195.76722289765902,synthetic
2025-12-17 04:15:00,61.95016522366018,synthetic
2025-12-17 04:20:00,41.08511588382267,synthetic
2025-12-17 04:25:00,83.20723506864157,synthetic
2025-12-17 04:30:00,433.0019551308553,synthetic
2025-12-17 04:35:00,58.288740640123024,synthetic
2025-12-17 04:40:00,76.5448392067146,synthetic
2025-12-17 04:45:00,426.93892238375946,synthetic
2025-12-17 04:50:00,60.588319626536226,synthetic
2025-12-17 04:55:00,77.90205913345658,synthetic
2025-12-17 05:00:00,101.39776415350902,synthetic
2025-12-17 05:05:00,69.26446972497477,synthetic
2025-12-17 05:10:00,36.146196574913844,synthetic
2025-12-17 05:15:00,230.60050955558629,synthetic
2025-12-17 05:20:00,115.34416429384297,synthetic
2025-12-17 05:25:00,108.43312023896115,synthetic
2025-12-17 05:30:00,38.24551619285352,synthetic
2025-12-17 05:35:00,126.80900161803386,synthetic
2025-12-17 05:40:00,65.8447603276428,synthetic
2025-12-17 05:45:00,104.84526833246849,synthetic
2025-12-17 05:50:00,416.4209717068937,synthetic
2025-12-17 05:55:00,52.99344245167377,synthetic
2025-12-17 06:00:00,47.385753530452426,synthetic
2025-12-17 06:05:00,58.31429974021097,synthetic
2025-12-17 06:10:00,90.66763707998324,synthetic
2025-12-17 06:15:00,430.40533989126294,synthetic
2025-12-17 06:20:00,69.19283427025516,synthetic
2025-12-17 06:25:00,355.90175251970356,synthetic
2025-12-17 06:30:00,255.64510247432634,synthetic
2025-12-17 06:35:00,71.29637304351336,synthetic
2025-12-17 06:40:00,486.1336494299335,synthetic
2025-12-17 06:45:00,74.27334840453878,synthetic
2025-12-17 06:50:00,97.44910733818428,synthetic
2025-12-17 06:55:00,484.7085025278637,synthetic
2025-12-17 07:00:00,47.039757805714444,synthetic
2025-12-17 07:05:00,53.785872657157554,synthetic
2025-12-17 07:10:00,100.97950528383366,synthetic
2025-12-17 07:15:00,208.5920418080343,synthetic
2025-12-17 07:20:00,37.043528492712525,synthetic
2025-12-17 07:25:00,61.331524688202194,synthetic
2025-12-17 07:30:00,35.02021070625023,synthetic
2025-12-17 07:35:00,57.40711106609817,synthetic
2025-12-17 07:40:00,313.2689416037562,synthetic
2025-12-17 07:45:00,81.90699469778541,synthetic
2025-12-17 07:50:00,62.84756190063787,synthetic
2025-12-17 07:55:00,192.63868585873078,synthetic
2025-12-17 08:00:00,460.52630132876595,synthetic
2025-12-17 08:05:00,445.750695879241,synthetic
2025-12-17 08:10:00,66.14115181555557,synthetic
2025-12-17 08:15:00,42.22556761907028,synthetic
2025-12-17 08:20:00,70.14501843714137,synthetic
2025-12-17 08:25:00,75.52583962778228,synthetic
2025-12-17 08:30:00,52.6492150193018,synthetic
2025-12-17 08:35:00,73.3197315372044,synthetic
2025-12-17 08:40:00,232.91406512859362,synthetic
2025-12-17 08:45:00,177.1705713298887,synthetic
2025-12-17 08:50:00,72.88106162399619,synthetic
2025-12-17 08:55:00,88.5418524690898,synthetic
2025-12-17 09:00:00,77.65865885336666,synthetic
2025-12-17 09:05:00,49.8185090319477,synthetic
2025-12-17 09:10:00,62.34350909408962,synthetic
2025-12-17 09:15:00,118.35477467506841,synthetic
2025-12-17 09:20:00,116.27308501958396,synthetic
2025-12-17 09:25:00,91.2908228249432,synthetic
2025-12-17 09:30:00,64.3275961912984,synthetic
2025-12-17 09:35:00,63.870355712490785,synthetic
2025-12-17 09:40:00,153.65261278465425,synthetic
2025-12-17 09:45:00,64.91347309012242,synthetic
2025-12-17 09:50:00,259.46871063673626,synthetic
2025-12-17 09:55:00,108.5334028278671,synthetic
2025-12-17 10:00:00,86.04216423668356,synthetic
2025-12-17 10:05:00,61.22862274894808,synthetic
2025-12-17 10:10:00,45.47322864630779,synthetic
2025-12-17 10:15:00,203.77268387953964,synthetic
2025-12-17 10:20:00,428.029861518041,synthetic
2025-12-17 10:25:00,350.94416017620676,synthetic
2025-12-17 10:30:00,63.23268878956416,synthetic
2025-12-17 10:35:00,96.78938738581135,synthetic
2025-12-17 10:40:00,69.37405284805284,synthetic
2025-12-17 10:45:00,90.84315858084248,synthetic
2025-12-17 10:50:00,106.55754646370549,synthetic
2025-12-17 10:55:00,216.7991284143175,synthetic
2025-12-17 11:00:00,102.7805082897771,synthetic
2025-12-17 11:05:00,225.0030113328879,synthetic
2025-12-17 11:10:00,125.80710380391717,synthetic
2025-12-17 11:15:00,81.83315757636707,synthetic
2025-12-17 11:20:00,81.83290672767093,synthetic
2025-12-17 11:25:00,401.59637507088087,synthetic
2025-12-17 11:30:00,180.76598784124914,synthetic
2025-12-17 11:35:00,98.99887120762212,synthetic
2025-12-17 11:40:00,67.79146736107606,synthetic
2025-12-17 11:45:00,107.17678074695387,synthetic
2025-12-17 11:50:00,110.89154188202447,synthetic
2025-12-17 11:55:00,47.9934658426639,synthetic
2025-12-17 12:00:00,58.820293475572704,synthetic
2025-12-17 12:05:00,240.06629131616265,synthetic
2025-12-17 12:10:00,167.13466499596714,synthetic
2025-12-17 12:15:00,101.23733251785237,synthetic
2025-12-17 12:20:00,48.97795801746366,synthetic
2025-12-17 12:25:00,62.57323454894126,synthetic
2025-12-17 12:30:00,88.65214625999349,synthetic
2025-12-17 12:35:00,102.4084749157051,synthetic
2025-12-17 12:40:00,107.16860578844899,synthetic
2025-12-17 12:45:00,123.42317302096389,synthetic
2025-12-17 12:50:00,96.86858703680079,synthetic
2025-12-17 12:55:00,115.93501118039003,synthetic
2025-12-17 13:00:00,326.4787575076772,synthetic
2025-12-17 13:05:00,228.5355139527374,synthetic
2025-12-17 13:10:00,66.72248220317346,synthetic
2025-12-17 13:15:00,62.03071724405679,synthetic
2025-12-17 13:20:00,55.59966461786335,synthetic
2025-12-17 13:25:00,77.45544404154822,synthetic
2025-12-17 13:30:00,234.55469572953152,synthetic
2025-12-17 13:35:00,121.65289021269477,synthetic
2025-12-17 13:40:00,66.91165391732444,synthetic
2025-12-17 13:45:00,120.49204034688289,synthetic
2025-12-17 13:50:00,188.32056624570228,synthetic
2025-12-17 13:55:00,103.4945857547788,synthetic
2025-12-17 14:00:00,89.08845161411358,synthetic
2025-12-17 14:05:00,84.29294832735376,synthetic
2025-12-17 14:10:00,138.99854404495562,synthetic
2025-12-17 14:15:00,80.6282944120767,synthetic
2025-12-17 14:20:00,71.46523823764345,synthetic
2025-12-17 14:25:00,230.75819801520043,synthetic
2025-12-17 14:30:00,130.6833343543002,synthetic
2025-12-17 14:35:00,85.61214662562398,synthetic
2025-12-17 14:40:00,468.2581287434106,synthetic
2025-12-17 14:45:00,208.22075260569605,synthetic
2025-12-17 14:50:00,66.50751580229687,synthetic
2025-12-17 14:55:00,84.64593303770668,synthetic
2025-12-17 15:00:00,83.60932796531118,synthetic
2025-12-17 15:05:00,427.4024914793584,synthetic
2025-12-17 15:10:00,71.40716617409106,synthetic
2025-12-17 15:15:00,326.04530832287304,synthetic
2025-12-17 15:20:00,104.27611884303298,synthetic
2025-12-17 15:25:00,61.96395122507976,synthetic
2025-12-17 15:30:00,83.37233051172447,synthetic
2025-12-17 15:35:00,401.9294237328783,synthetic
2025-12-17 15:40:00,73.37742068732574,synthetic
2025-12-17 15:45:00,186.62636121462063,synthetic
2025-12-17 15:50:00,77.87113438337349,synthetic
2025-12-17 15:55:00,61.71971332476528,synthetic
2025-12-17 16:00:00,232.59116089865088,synthetic
2025-12-17 16:05:00,452.8659659660174,synthetic
2025-12-17 16:10:00,60.332345538511966,synthetic
2025-12-17 16:15:00,272.69818442941744,synthetic
2025-12-17 16:20:00,63.88571751026572,synthetic
2025-12-17 16:25:00,38.844732018061826,synthetic
2025-12-17 16:30:00,319.9927277360067,synthetic
2025-12-17 16:35:00,60.53485130753985,synthetic
2025-12-17 16:40:00,110.19999866431375,synthetic
2025-12-17 16:45:00,107.96232104771865,synthetic
2025-12-17 16:50:00,119.54237142474318,synthetic
2025-12-17 16:55:00,321.95839378190567,synthetic
2025-12-17 17:00:00,155.81232301789854,synthetic
2025-12-17 17:05:00,116.27080564073496,synthetic
2025-12-17 17:10:00,64.8747427403355,synthetic
2025-12-17 17:15:00,53.13971996456409,synthetic
2025-12-17 17:20:00,108.88474023536594,synthetic
2025-12-17 17:25:00,122.64640609673349,synthetic
2025-12-17 17:30:00,351.76499277057684,synthetic
2025-12-17 17:35:00,134.8289661098973,synthetic
2025-12-17 17:40:00,68.16860527473702,synthetic
2025-12-17 17:45:00,65.26597568745176,synthetic
2025-12-17 17:50:00,462.373053138146,synthetic
2025-12-17 17:55:00,99.15067579487771,synthetic
2025-12-17 18:00:00,445.67182152831543,synthetic
2025-12-17 18:05:00,320.0881550278671,synthetic
2025-12-17 18:10:00,69.15256476343174,synthetic
2025-12-17 18:15:00,101.08980819052485,synthetic
2025-12-17 18:20:00,75.44918869936757,synthetic
2025-12-17 18:25:00,506.4092859284918,synthetic
2025-12-17 18:30:00,133.3497386994226,synthetic
2025-12-17 18:35:00,175.0693808103234,synthetic
2025-12-17 18:40:00,238.08849650413634,synthetic
2025-12-17 18:45:00,77.06735109450509,synthetic
2025-12-17 18:50:00,61.54088243639868,synthetic
2025-12-17 18:55:00,248.77440790686353,synthetic
2025-12-17 19:00:00,72.25035357631118,synthetic
2025-12-17 19:05:00,74.67144479653709,synthetic
2025-12-17 19:10:00,70.52575218776107,synthetic
2025-12-17 19:15:00,42.82123148792732,synthetic
2025-12-17 19:20:00,545.2902921326615,synthetic
2025-12-17 19:25:00,49.99309268777018,synthetic
2025-12-17 19:30:00,444.51148438626524,synthetic
2025-12-17 19:35:00,129.1089428125573,synthetic
2025-12-17 19:40:00,86.12625299866743,synthetic
2025-12-17 19:45:00,166.6004102725284,synthetic
2025-12-17 19:50:00,144.7615730499157,synthetic
2025-12-17 19:55:00,222.59532639943356,synthetic
2025-12-17 20:00:00,70.47620847106515,synthetic
2025-12-17 20:05:00,77.77805954810894,synthetic
2025-12-17 20:10:00,438.81185831987347,synthetic
2025-12-17 20:15:00,197.23829056550397,synthetic
2025-12-17 20:20:00,91.4356745195467,synthetic
2025-12-17 20:25:00,47.83620653175413,synthetic
2025-12-17 20:30:00,79.93285529701674,synthetic
2025-12-17 20:35:00,54.71766240643061,synthetic
2025-12-17 20:40:00,37.611364674890446,synthetic
2025-12-17 20:45:00,48.73779181684115,synthetic
2025-12-17 20:50:00,122.73977797104388,synthetic
2025-12-17 20:55:00,53.29170042320473,synthetic
2025-12-17 21:00:00,70.1530535625833,synthetic
2025-12-17 21:05:00,327.229990179423,synthetic
2025-12-17 21:10:00,98.88196822597777,synthetic
2025-12-17 21:15:00,452.5901760561557,synthetic
2025-12-17 21:20:00,103.09368390788636,synthetic
2025-12-17 21:25:00,64.8610793029749,synthetic
2025-12-17 21:30:00,125.30898667924636,synthetic
2025-12-17 21:35:00,48.94286208728395,synthetic
2025-12-17 21:40:00,337.9923773062755,synthetic
2025-12-17 21:45:00,119.78289450448854,synthetic
2025-12-17 21:50:00,40.87080732723854,synthetic
2025-12-17 21:55:00,445.18645070093106,synthetic
2025-12-17 22:00:00,36.11171754460494,synthetic
2025-12-17 22:05:00,57.372570014185854,synthetic
2025-12-17 22:10:00,200.48699111713276,synthetic
2025-12-17 22:15:00,142.97142036863357,synthetic
2025-12-17 22:20:00,85.20291982046587,synthetic
2025-12-17 22:25:00,78.52872563886234,synthetic
2025-12-17 22:30:00,70.30938174379985,synthetic
2025-12-17 22:35:00,234.05821085064906,synthetic
2025-12-17 22:40:00,52.3069082354026,synthetic
2025-12-17 22:45:00,86.93894237242213,synthetic
2025-12-17 22:50:00,185.36130121753695,synthetic
2025-12-17 22:55:00,70.64592638783618,synthetic
2025-12-17 23:00:00,47.87702446511393,synthetic
2025-12-17 23:05:00,73.9186487627676,synthetic
2025-12-17 23:10:00,320.84393072518077,synthetic
2025-12-17 23:15:00,61.036406164030204,synthetic
2025-12-17 23:20:00,104.11468691076615,synthetic
2025-12-17 23:25:00,203.3193585561041,synthetic
2025-12-17 23:30:00,130.9902242890164,synthetic
2025-12-17 23:35:00,66.42748735412476,synthetic
2025-12-17 23:40:00,101.72935585477606,synthetic
2025-12-17 23:45:00,93.57406143628205,synthetic
2025-12-17 23:50:00,85.10798213236995,synthetic
2025-12-17 23:55:00,103.07924607815238,synthetic
2025-12-18 00:00:00,36.50009581116192,synthetic
2025-12-18 00:05:00,99.06187779463276,synthetic
2025-12-18 00:10:00,86.81221151277468,synthetic
2025-12-18 00:15:00,124.17497187690391,synthetic
2025-12-18 00:20:00,56.463225616946765,synthetic
2025-12-18 00:25:00,178.94554341872964,synthetic
2025-12-18 00:30:00,47.60923680848753,synthetic
2025-12-18 00:35:00,101.21179319792739,synthetic
2025-12-18 00:40:00,65.67116368517644,synthetic
2025-12-18 00:45:00,42.46642606179806,synthetic
2025-12-18 00:50:00,61.17299133543278,synthetic
2025-12-18 00:55:00,131.76159512152424,synthetic
2025-12-18 01:00:00,62.012803801852414,synthetic
2025-12-18 01:05:00,65.44552729821002,synthetic
2025-12-18 01:10:00,234.8426481168448,synthetic
2025-12-18 01:15:00,74.91641214693475,synthetic
2025-12-18 01:20:00,476.41041020425655,synthetic
2025-12-18 01:25:00,177.76785594928384,synthetic
2025-12-18 01:30:00,56.994931595652154,synthetic
2025-12-18 01:35:00,109.20566072340117,synthetic
2025-12-18 01:40:00,61.02221214062439,synthetic
2025-12-18 01:45:00,60.018560670045915,synthetic
2025-12-18 01:50:00,89.07769849761961,synthetic
2025-12-18 01:55:00,269.884530217405,synthetic
2025-12-18 02:00:00,92.54852610378049,synthetic
2025-12-18 02:05:00,61.29360817261243,synthetic
2025-12-18 02:10:00,85.3864183288007,synthetic
2025-12-18 02:15:00,45.54808417693458,synthetic
2025-12-18 02:20:00,64.33265490622213,synthetic
2025-12-18 02:25:00,59.41955709506584,synthetic
2025-12-18 02:30:00,67.63384690908975,synthetic
2025-12-18 02:35:00,194.7548903938116,synthetic
2025-12-18 02:40:00,55.34331871219179,synthetic
2025-12-18 02:45:00,398.6722359007244,synthetic
2025-12-18 02:50:00,324.1425097938652,synthetic
2025-12-18 02:55:00,34.15394299236137,synthetic
2025-12-18 03:00:00,55.089759825587535,synthetic
2025-12-18 03:05:00,427.18882604514926,synthetic
2025-12-18 03:10:00,69.87737085243386,synthetic
2025-12-18 03:15:00,74.62259479237797,synthetic
2025-12-18 03:20:00,66.1906441619133,synthetic
2025-12-18 03:25:00,144.03625165117182,synthetic
2025-12-18 03:30:00,56.46361880233912,synthetic
2025-12-18 03:35:00,82.58362357109912,synthetic
2025-12-18 03:40:00,108.34207167442962,synthetic
2025-12-18 03:45:00,152.8446152434788,synthetic
2025-12-18 03:50:00,94.33196082217016,synthetic
2025-12-18 03:55:00,72.35703806159557,synthetic
2025-12-18 04:00:00,115.45219365612424,synthetic
2025-12-18 04:05:00,59.84658522385391,synthetic
2025-12-18 04:10:00,66.38413955943848,synthetic
2025-12-18 04:15:00,70.95628432903362,synthetic
2025-12-18 04:20:00,103.36243194981317,synthetic
2025-12-18 04:25:00,76.57734898865634,synthetic
2025-12-18 04:30:00,118.31122044204726,synthetic
2025-12-18 04:35:00,74.65306930566959,synthetic
2025-12-18 04:40:00,47.68849754152214,synthetic
2025-12-18 04:45:00,314.28301816370845,synthetic
2025-12-18 04:50:00,497.4020076986294,synthetic
2025-12-18 04:55:00,119.04299844949365,synthetic
2025-12-18 05:00:00,66.40977120571033,synthetic
2025-12-18 05:05:00,254.2317098118818,synthetic
2025-12-18 05:10:00,233.33216947195655,synthetic
2025-12-18 05:15:00,35.275076993722685,synthetic
2025-12-18 05:20:00,509.17488460721944,synthetic
2025-12-18 05:25:00,54.26786061959208,synthetic
2025-12-18 05:30:00,33.88408217612292,synthetic
2025-12-18 05:35:00,63.10335956203938,synthetic
2025-12-18 05:40:00,129.9993714162104,synthetic
2025-12-18 05:45:00,378.11009345863755,synthetic
2025-12-18 05:50:00,189.05343754776322,synthetic
2025-12-18 05:55:00,60.624224348652426,synthetic
2025-12-18 06:00:00,433.50939771337045,synthetic
2025-12-18 06:05:00,57.00871357661004,synthetic
2025-12-18 06:10:00,235.25901506653906,synthetic
2025-12-18 06:15:00,102.69244138721564,synthetic
2025-12-18 06:20:00,482.46629241878594,synthetic
2025-12-18 06:25:00,94.82908351689245,synthetic
2025-12-18 06:30:00,384.61994420759925,synthetic
2025-12-18 06:35:00,115.96796539846461,synthetic
2025-12-18 06:40:00,462.9639572467846,synthetic
2025-12-18 06:45:00,67.13829319196849,synthetic
2025-12-18 06:50:00,449.06940505481595,synthetic
2025-12-18 06:55:00,51.85220095322737,synthetic
2025-12-18 07:00:00,49.452490623111494,synthetic
2025-12-18 07:05:00,76.10090197794702,synthetic
2025-12-18 07:10:00,80.11521732487049,synthetic
2025-12-18 07:15:00,67.9454014943521,synthetic
2025-12-18 07:20:00,43.32104434087013,synthetic
2025-12-18 07:25:00,54.46533949923688,synthetic
2025-12-18 07:30:00,232.25451016405322,synthetic
2025-12-18 07:35:00,60.641915328019806,synthetic
2025-12-18 07:40:00,73.94477204812698,synthetic
2025-12-18 07:45:00,110.66301015955995,synthetic
2025-12-18 07:50:00,74.79215738139949,synthetic
2025-12-18 07:55:00,65.47589601629265,synthetic
2025-12-18 08:00:00,64.23231269277127,synthetic
2025-12-18 08:05:00,83.23519816740593,synthetic
2025-12-18 08:10:00,440.23099584953565,synthetic
2025-12-18 08:15:00,79.9900454188877,synthetic
2025-12-18 08:20:00,182.08702377286826,synthetic
2025-12-18 08:25:00,64.08742004340913,synthetic
2025-12-18 08:30:00,101.10946383612475,synthetic
2025-12-18 08:35:00,91.95626014050197,synthetic
2025-12-18 08:40:00,121.70401965129481,synthetic
2025-12-18 08:45:00,128.28524704290334,synthetic
2025-12-18 08:50:00,110.10155613187673,synthetic
2025-12-18 08:55:00,54.877473628952536,synthetic
2025-12-18 09:00:00,40.68493980234629,synthetic
2025-12-18 09:05:00,187.74050987751303,synthetic
2025-12-18 09:10:00,241.27755034971312,synthetic
2025-12-18 09:15:00,123.05640882956621,synthetic
2025-12-18 09:20:00,340.8391791720977,synthetic
2025-12-18 09:25:00,43.616262816149785,synthetic
2025-12-18 09:30:00,87.26782415189967,synthetic
2025-12-18 09:35:00,65.07323043208413,synthetic
2025-12-18 09:40:00,138.3344774150727,synthetic
2025-12-18 09:45:00,103.91402291689721,synthetic
2025-12-18 09:50:00,68.53684259410474,synthetic
2025-12-18 09:55:00,136.52383935829403,synthetic
2025-12-18 10:00:00,457.26953233018475,synthetic
2025-12-18 10:05:00,30.33494210307928,synthetic
2025-12-18 10:10:00,49.13332365264445,synthetic
2025-12-18 10:15:00,81.94092299326458,synthetic
2025-12-18 10:20:00,93.92389021410688,synthetic
2025-12-18 10:25:00,69.10377310460849,synthetic
2025-12-18 10:30:00,59.97493645714067,synthetic
2025-12-18 10:35:00,70.17009808353461,synthetic
2025-12-18 10:40:00,64.01139483539336,synthetic
2025-12-18 10:45:00,102.16250097166086,synthetic
2025-12-18 10:50:00,72.94692463653736,synthetic
2025-12-18 10:55:00,256.09739378917607,synthetic
2025-12-18 11:00:00,53.990542569827916,synthetic
2025-12-18 11:05:00,30.96460451233009,synthetic
2025-12-18 11:10:00,65.94326839048034,synthetic
2025-12-18 11:15:00,105.31664141037085,synthetic
2025-12-18 11:20:00,132.768669453154,synthetic
2025-12-18 11:25:00,95.86362693619434,synthetic
2025-12-18 11:30:00,67.74028054981937,synthetic
2025-12-18 11:35:00,101.602914915719,synthetic
2025-12-18 11:40:00,130.54087644718422,synthetic
2025-12-18 11:45:00,62.58610396972983,synthetic
2025-12-18 11:50:00,101.6180277918907,synthetic
2025-12-18 11:55:00,224.91486713392874,synthetic
2025-12-18 12:00:00,94.99160303230627,synthetic
2025-12-18 12:05:00,77.83505583518314,synthetic
2025-12-18 12:10:00,76.56982432054312,synthetic
2025-12-18 12:15:00,73.69536223462293,synthetic
2025-12-18 12:20:00,71.52325159037945,synthetic
2025-12-18 12:25:00,80.82416626616555,synthetic
2025-12-18 12:30:00,365.71511948087783,synthetic
2025-12-18 12:35:00,100.61412780364691,synthetic
2025-12-18 12:40:00,138.40809858862707,synthetic
2025-12-18 12:45:00,145.29876610557693,synthetic
2025-12-18 12:50:00,149.53990266099788,synthetic
2025-12-18 12:55:00,120.3017174162916,synthetic
2025-12-18 13:00:00,110.86527751299145,synthetic
2025-12-18 13:05:00,49.56910777522265,synthetic
2025-12-18 13:10:00,73.26807291781161,synthetic
2025-12-18 13:15:00,110.29416486631715,synthetic
2025-12-18 13:20:00,46.77778903607454,synthetic
2025-12-18 13:25:00,81.41697316602307,synthetic
2025-12-18 13:30:00,95.6932533042834,synthetic
2025-12-18 13:35:00,279.6670890565554,synthetic
2025-12-18 13:40:00,364.78297843949605,synthetic
2025-12-18 13:45:00,82.46681054388498,synthetic
2025-12-18 13:50:00,352.73960897654104,synthetic
2025-12-18 13:55:00,99.47480928879413,synthetic
2025-12-18 14:00:00,241.6027333176119,synthetic
2025-12-18 14:05:00,60.24167307116014,synthetic
2025-12-18 14:10:00,347.6814225443226,synthetic
2025-12-18 14:15:00,431.6543094480082,synthetic
2025-12-18 14:20:00,86.4591678794507,synthetic
2025-12-18 14:25:00,110.28791904801977,synthetic
2025-12-18 14:30:00,221.33898738571838,synthetic
2025-12-18 14:35:00,72.05043062035331,synthetic
2025-12-18 14:40:00,45.35765581136685,synthetic
2025-12-18 14:45:00,81.36232012358929,synthetic
2025-12-18 14:50:00,40.79872702893262,synthetic
2025-12-18 14:55:00,70.24394669240624,synthetic
2025-12-18 15:00:00,78.31823520411946,synthetic
2025-12-18 15:05:00,64.71453110252823,synthetic
2025-12-18 15:10:00,252.44578010058092,synthetic
2025-12-18 15:15:00,52.23688222771614,synthetic
2025-12-18 15:20:00,101.9063158225261,synthetic
2025-12-18 15:25:00,81.66985159623106,synthetic
2025-12-18 15:30:00,63.067443286766455,synthetic
2025-12-18 15:35:00,86.52764939760864,synthetic
2025-12-18 15:40:00,81.63880268351235,synthetic
2025-12-18 15:45:00,104.0344704219617,synthetic
2025-12-18 15:50:00,63.24408974766438,synthetic
2025-12-18 15:55:00,99.00325853067869,synthetic
2025-12-18 16:00:00,99.20666797762415,synthetic
2025-12-18 16:05:00,46.119168290272036,synthetic
2025-12-18 16:10:00,115.07906565237711,synthetic
2025-12-18 16:15:00,88.88667864220746,synthetic
2025-12-18 16:20:00,182.35817024206875,synthetic
2025-12-18 16:25:00,441.89681468968166,synthetic
2025-12-18 16:30:00,96.45438863639066,synthetic
2025-12-18 16:35:00,157.3522923929953,synthetic
2025-12-18 16:40:00,100.64141997453132,synthetic
2025-12-18 16:45:00,62.8204337157482,synthetic
2025-12-18 16:50:00,86.94282790133794,synthetic
2025-12-18 16:55:00,72.1833633189874,synthetic
2025-12-18 17:00:00,65.38272393311048,synthetic
2025-12-18 17:05:00,35.392109304896934,synthetic
2025-12-18 17:10:00,149.38969163533076,synthetic
2025-12-18 17:15:00,49.61392327201077,synthetic
2025-12-18 17:20:00,82.53643618961789,synthetic
2025-12-18 17:25:00,111.01242306818659,synthetic
2025-12-18 17:30:00,118.52851362137848,synthetic
2025-12-18 17:35:00,103.817713025999,synthetic
2025-12-18 17:40:00,100.1419636387348,synthetic
2025-12-18 17:45:00,44.00308414260684,synthetic
2025-12-18 17:50:00,458.17332020965057,synthetic
2025-12-18 17:55:00,70.08258938433217,synthetic
2025-12-18 18:00:00,60.56466525940497,synthetic
2025-12-18 18:05:00,100.63229768739248,synthetic
2025-12-18 18:10:00,158.2098284607031,synthetic
2025-12-18 18:15:00,66.82426243164817,synthetic
2025-12-18 18:20:00,73.56315227481322,synthetic
2025-12-18 18:25:00,106.91628443714775,synthetic
2025-12-18 18:30:00,63.22972142713818,synthetic
2025-12-18 18:35:00,32.193396698656244,synthetic
2025-12-18 18:40:00,62.57900811573258,synthetic
2025-12-18 18:45:00,55.25036082169304,synthetic
2025-12-18 18:50:00,62.39699524835991,synthetic
2025-12-18 18:55:00,77.04133097441897,synthetic
2025-12-18 19:00:00,76.11760093266437,synthetic
2025-12-18 19:05:00,51.43786058542683,synthetic
2025-12-18 19:10:00,48.308245813618484,synthetic
2025-12-18 19:15:00,354.54828309043955,synthetic
2025-12-18 19:20:00,123.8241318749459,synthetic
2025-12-18 19:25:00,107.39771098372371,synthetic
2025-12-18 19:30:00,46.61763494732109,synthetic
2025-12-18 19:35:00,164.9786034476298,synthetic
2025-12-18 19:40:00,116.82159671297639,synthetic
2025-12-18 19:45:00,80.54761838718329,synthetic
2025-12-18 19:50:00,89.23161891006588,synthetic
2025-12-18 19:55:00,127.89282156716622,synthetic
2025-12-18 20:00:00,95.03863952092874,synthetic
2025-12-18 20:05:00,112.49587682853188,synthetic
2025-12-18 20:10:00,107.90619380524177,synthetic
2025-12-18 20:15:00,109.48989374060278,synthetic
2025-12-18 20:20:00,117.11450139686426,synthetic
2025-12-18 20:25:00,74.07308547709106,synthetic
2025-12-18 20:30:00,57.095721821179744,synthetic
2025-12-18 20:35:00,77.16456907583131,synthetic
2025-12-18 20:40:00,86.62862475440367,synthetic
2025-12-18 20:45:00,116.96431017178396,synthetic
2025-12-18 20:50:00,63.343750870746646,synthetic
2025-12-18 20:55:00,33.75829711155582,synthetic
2025-12-18 21:00:00,63.7371819585021,synthetic
2025-12-18 21:05:00,100.07114979950713,synthetic
2025-12-18 21:10:00,64.642819304703,synthetic
2025-12-18 21:15:00,109.1753266030667,synthetic
2025-12-18 21:20:00,74.21732105394989,synthetic
2025-12-18 21:25:00,159.494547910767,synthetic
2025-12-18 21:30:00,62.138474386272186,synthetic
2025-12-18 21:35:00,74.45592896419308,synthetic
2025-12-18 21:40:00,437.3318020114984,synthetic
2025-12-18 21:45:00,73.95646114939306,synthetic
2025-12-18 21:50:00,384.8709758717603,synthetic
2025-12-18 21:55:00,101.27213693814704,synthetic
2025-12-18 22:00:00,471.3239524651789,synthetic
2025-12-18 22:05:00,66.36015755183175,synthetic
2025-12-18 22:10:00,84.32359960347065,synthetic
2025-12-18 22:15:00,106.65582396510132,synthetic
2025-12-18 22:20:00,47.31371931845182,synthetic
2025-12-18 22:25:00,36.39420811326545,synthetic
2025-12-18 22:30:00,58.63213549344651,synthetic
2025-12-18 22:35:00,436.86781624258253,synthetic
2025-12-18 22:40:00,76.39556201098111,synthetic
2025-12-18 22:45:00,108.81719325762074,synthetic
2025-12-18 22:50:00,272.7055628914446,synthetic
2025-12-18 22:55:00,118.53786543722204,synthetic
2025-12-18 23:00:00,77.30532765547532,synthetic
2025-12-18 23:05:00,65.55136754407161,synthetic
2025-12-18 23:10:00,54.94698737650511,synthetic
2025-12-18 23:15:00,123.8963565689111,synthetic
2025-12-18 23:20:00,148.98958352972986,synthetic
2025-12-18 23:25:00,59.96656571756211,synthetic
2025-12-18 23:30:00,320.2789193842628,synthetic
2025-12-18 23:35:00,80.12023384149477,synthetic
2025-12-18 23:40:00,253.360893282716,synthetic
2025-12-18 23:45:00,241.88864919619266,synthetic
2025-12-18 23:50:00,418.11816831677856,synthetic
2025-12-18 23:55:00,81.06857566786276,synthetic
2025-12-19 00:00:00,223.47838559788988,synthetic
2025-12-19 00:05:00,356.54570809106275,synthetic
2025-12-19 00:10:00,66.5975233420786,synthetic
2025-12-19 00:15:00,109.22605554217871,synthetic
2025-12-19 00:20:00,49.06405499405883,synthetic
2025-12-19 00:25:00,103.83413881064557,synthetic
2025-12-19 00:30:00,369.0554413226056,synthetic
2025-12-19 00:35:00,122.93913123768213,synthetic
2025-12-19 00:40:00,106.82732857100926,synthetic
2025-12-19 00:45:00,514.8631681637796,synthetic
2025-12-19 00:50:00,103.93756943949744,synthetic
2025-12-19 00:55:00,54.574662524538795,synthetic
2025-12-19 01:00:00,57.330871896859705,synthetic
2025-12-19 01:05:00,334.5149414091307,synthetic
2025-12-19 01:10:00,58.21927788502336,synthetic
2025-12-19 01:15:00,85.33260618716648,synthetic
2025-12-19 01:20:00,62.74891269671987,synthetic
2025-12-19 01:25:00,124.86184943063665,synthetic
2025-12-19 01:30:00,351.5392016181081,synthetic
2025-12-19 01:35:00,71.68555694782889,synthetic
2025-12-19 01:40:00,59.602319557769476,synthetic
2025-12-19 01:45:00,85.25545117818875,synthetic
2025-12-19 01:50:00,84.32424368938085,synthetic
2025-12-19 01:55:00,68.45259643971485,synthetic
2025-12-19 02:00:00,45.76132651778425,synthetic
2025-12-19 02:05:00,40.451429310465265,synthetic
2025-12-19 02:10:00,416.18452342535727,synthetic
2025-12-19 02:15:00,163.33446349857388,synthetic
2025-12-19 02:20:00,66.5680407546113,synthetic
2025-12-19 02:25:00,68.53732844694652,synthetic
2025-12-19 02:30:00,130.72290023523132,synthetic
2025-12-19 02:35:00,343.1654037176599,synthetic
2025-12-19 02:40:00,443.28648793252466,synthetic
2025-12-19 02:45:00,62.63801361167606,synthetic
2025-12-19 02:50:00,50.5436962929747,synthetic
2025-12-19 02:55:00,153.89966504520467,synthetic
2025-12-19 03:00:00,84.91378905542804,synthetic
2025-12-19 03:05:00,96.2357480891918,synthetic
2025-12-19 03:10:00,452.9765932095046,synthetic
2025-12-19 03:15:00,117.3218733465197,synthetic
2025-12-19 03:20:00,60.78781504309416,synthetic
2025-12-19 03:25:00,99.14524682448824,synthetic
2025-12-19 03:30:00,74.17276382476945,synthetic
2025-12-19 03:35:00,38.25043334865158,synthetic
2025-12-19 03:40:00,197.84332371589886,synthetic
2025-12-19 03:45:00,81.7236265496687,synthetic
2025-12-19 03:50:00,52.51194679687985,synthetic
2025-12-19 03:55:00,230.87964929523596,synthetic
2025-12-19 04:00:00,48.33537469970659,synthetic
2025-12-19 04:05:00,392.0988875420932,synthetic
2025-12-19 04:10:00,211.53363302282395,synthetic
2025-12-19 04:15:00,83.34559176660392,synthetic
2025-12-19 04:20:00,32.35451180772556,synthetic
2025-12-19 04:25:00,113.97604162456172,synthetic
2025-12-19 04:30:00,60.230523693344246,synthetic
2025-12-19 04:35:00,103.98986149524475,synthetic
2025-12-19 04:40:00,438.48983205384377,synthetic
2025-12-19 04:45:00,393.20722423638114,synthetic
2025-12-19 04:50:00,68.91785372858085,synthetic
2025-12-19 04:55:00,435.3052649340165,synthetic
2025-12-19 05:00:00,65.56010052758253,synthetic
2025-12-19 05:05:00,84.92517629111973,synthetic
2025-12-19 05:10:00,161.44889110725842,synthetic
2025-12-19 05:15:00,52.4212368854274,synthetic
2025-12-19 05:20:00,66.74339669704145,synthetic
2025-12-19 05:25:00,226.23293167290478,synthetic
2025-12-19 05:30:00,118.84568541749059,synthetic
2025-12-19 05:35:00,70.66641449760318,synthetic
2025-12-19 05:40:00,66.02460559728931,synthetic
2025-12-19 05:45:00,445.492167613546,synthetic
2025-12-19 05:50:00,73.8360898237297,synthetic
2025-12-19 05:55:00,84.6457037484937,synthetic
2025-12-19 06:00:00,67.5003309800892,synthetic
2025-12-19 06:05:00,106.78387285790778,synthetic
2025-12-19 06:10:00,345.05680334075817,synthetic
2025-12-19 06:15:00,83.1584122855945,synthetic
2025-12-19 06:20:00,75.94021760169478,synthetic
2025-12-19 06:25:00,63.41134806084729,synthetic
2025-12-19 06:30:00,137.42137797704828,synthetic
2025-12-19 06:35:00,112.29803821511754,synthetic
2025-12-19 06:40:00,99.156824122617,synthetic
2025-12-19 06:45:00,61.65635602895717,synthetic
2025-12-19 06:50:00,429.9674845435388,synthetic
2025-12-19 06:55:00,65.65800611633026,synthetic
2025-12-19 07:00:00,56.03424503097882,synthetic
2025-12-19 07:05:00,54.90669806195129,synthetic
2025-12-19 07:10:00,141.37438523266744,synthetic
2025-12-19 07:15:00,443.61403217275966,synthetic
2025-12-19 07:20:00,70.49532685016273,synthetic
2025-12-19 07:25:00,190.65474547389857,synthetic
2025-12-19 07:30:00,80.77906807688983,synthetic
2025-12-19 07:35:00,70.07085069270322,synthetic
2025-12-19 07:40:00,105.52059004524628,synthetic
2025-12-19 07:45:00,102.62852654454484,synthetic
2025-12-19 07:50:00,120.4199541818471,synthetic
2025-12-19 07:55:00,341.61971628757,synthetic
2025-12-19 08:00:00,463.94719071743896,synthetic
2025-12-19 08:05:00,67.85216670673805,synthetic
2025-12-19 08:10:00,67.42417603994706,synthetic
2025-12-19 08:15:00,72.06684955077391,synthetic
2025-12-19 08:20:00,54.878338603116966,synthetic
2025-12-19 08:25:00,87.87507655973221,synthetic
2025-12-19 08:30:00,111.37668488152272,synthetic
2025-12-19 08:35:00,191.93463609883062,synthetic
2025-12-19 08:40:00,66.04351195456061,synthetic
2025-12-19 08:45:00,131.3277073505296,synthetic
2025-12-19 08:50:00,329.71332715586016,synthetic
2025-12-19 08:55:00,77.19410171963376,synthetic
2025-12-19 09:00:00,61.09950974695732,synthetic
2025-12-19 09:05:00,92.50796406971594,synthetic
2025-12-19 09:10:00,46.93084114576287,synthetic
2025-12-19 09:15:00,386.7653866097849,synthetic
2025-12-19 09:20:00,61.78068686055369,synthetic
2025-12-19 09:25:00,65.27936866393807,synthetic
2025-12-19 09:30:00,92.67434001393973,synthetic
2025-12-19 09:35:00,70.52866773475903,synthetic
2025-12-19 09:40:00,67.43555517795139,synthetic
2025-12-19 09:45:00,52.47200470263649,synthetic
2025-12-19 09:50:00,119.05493851893326,synthetic
2025-12-19 09:55:00,53.44080814694186,synthetic
2025-12-19 10:00:00,127.89461104756201,synthetic
2025-12-19 10:05:00,427.2842883789169,synthetic
2025-12-19 10:10:00,349.5141121620254,synthetic
2025-12-19 10:15:00,87.85580720760508,synthetic
2025-12-19 10:20:00,79.16029639045566,synthetic
2025-12-19 10:25:00,88.86496386959105,synthetic
2025-12-19 10:30:00,121.02990120813553,synthetic
2025-12-19 10:35:00,99.46162658261555,synthetic
2025-12-19 10:40:00,121.07849327467535,synthetic
2025-12-19 10:45:00,371.9618698460637,synthetic
2025-12-19 10:50:00,73.40971937014493,synthetic
2025-12-19 10:55:00,64.36040532747145,synthetic
2025-12-19 11:00:00,365.2053813424182,synthetic
2025-12-19 11:05:00,73.06942009009583,synthetic
2025-12-19 11:10:00,105.57142924158322,synthetic
2025-12-19 11:15:00,455.96441786963106,synthetic
2025-12-19 11:20:00,149.6217857612737,synthetic
2025-12-19 11:25:00,335.93810085112744,synthetic
2025-12-19 11:30:00,170.9821361048094,synthetic
2025-12-19 11:35:00,127.72814957345315,synthetic
2025-12-19 11:40:00,89.73830919293475,synthetic
2025-12-19 11:45:00,89.86966293254338,synthetic
2025-12-19 11:50:00,74.76159408732363,synthetic
2025-12-19 11:55:00,129.84193191369,synthetic
2025-12-19 12:00:00,86.18584153469126,synthetic
2025-12-19 12:05:00,92.90255533566312,synthetic
2025-12-19 12:10:00,414.3713225100136,synthetic
2025-12-19 12:15:00,92.31193197717347,synthetic
2025-12-19 12:20:00,98.92950793530677,synthetic
2025-12-19 12:25:00,132.7849401501626,synthetic
2025-12-19 12:30:00,129.03375182657564,synthetic
2025-12-19 12:35:00,432.4684192987323,synthetic
2025-12-19 12:40:00,72.78066355217797,synthetic
2025-12-19 12:45:00,59.069644697002474,synthetic
2025-12-19 12:50:00,90.51641194508716,synthetic
2025-12-19 12:55:00,27.740770541790095,synthetic
2025-12-19 13:00:00,116.77924967975498,synthetic
2025-12-19 13:05:00,345.4015723903432,synthetic
2025-12-19 13:10:00,382.31009821025543,synthetic
2025-12-19 13:15:00,66.98408384464324,synthetic
2025-12-19 13:20:00,454.23466195733425,synthetic
2025-12-19 13:25:00,343.7494101132682,synthetic
2025-12-19 13:30:00,65.59197379209847,synthetic
2025-12-19 13:35:00,58.72552765795805,synthetic
2025-12-19 13:40:00,57.01693883073339,synthetic
2025-12-19 13:45:00,96.46800140325192,synthetic
2025-12-19 13:50:00,60.69561115610024,synthetic
2025-12-19 13:55:00,133.81305898833585,synthetic
2025-12-19 14:00:00,124.22982513772124,synthetic
2025-12-19 14:05:00,67.69190827579432,synthetic
2025-12-19 14:10:00,118.33581654448703,synthetic
2025-12-19 14:15:00,55.83534905778916,synthetic
2025-12-19 14:20:00,485.18685078715106,synthetic
2025-12-19 14:25:00,131.83267931476877,synthetic
2025-12-19 14:30:00,34.017456193900784,synthetic
2025-12-19 14:35:00,115.49510636460684,synthetic
2025-12-19 14:40:00,216.90081178702505,synthetic
2025-12-19 14:45:00,48.632017322788336,synthetic
2025-12-19 14:50:00,38.95469063454713,synthetic
2025-12-19 14:55:00,90.99925557065302,synthetic
2025-12-19 15:00:00,100.97832001667163,synthetic
2025-12-19 15:05:00,132.29474923727645,synthetic
2025-12-19 15:10:00,66.20869003323426,synthetic
2025-12-19 15:15:00,63.08641038720771,synthetic
2025-12-19 15:20:00,39.37448487669292,synthetic
2025-12-19 15:25:00,384.41416904595474,synthetic
2025-12-19 15:30:00,213.0514301183351,synthetic
2025-12-19 15:35:00,64.38785099892036,synthetic
2025-12-19 15:40:00,90.30940191217483,synthetic
2025-12-19 15:45:00,85.01691341054782,synthetic
2025-12-19 15:50:00,39.247424276732744,synthetic
2025-12-19 15:55:00,58.42708130942867,synthetic
2025-12-19 16:00:00,69.58029020980173,synthetic
2025-12-19 16:05:00,115.48558307577719,synthetic
2025-12-19 16:10:00,391.0627276171627,synthetic
2025-12-19 16:15:00,62.63192101778014,synthetic
2025-12-19 16:20:00,140.09071288252994,synthetic
2025-12-19 16:25:00,54.32542673731706,synthetic
2025-12-19 16:30:00,174.05450022161173,synthetic
2025-12-19 16:35:00,108.60410153794169,synthetic
2025-12-19 16:40:00,223.05375552286554,synthetic
2025-12-19 16:45:00,94.12009341193219,synthetic
2025-12-19 16:50:00,48.552548035437205,synthetic
2025-12-19 16:55:00,60.21998883854863,synthetic
2025-12-19 17:00:00,81.98058878363732,synthetic
2025-12-19 17:05:00,35.76289228835214,synthetic
2025-12-19 17:10:00,118.41115650433281,synthetic
2025-12-19 17:15:00,79.35879496379737,synthetic
2025-12-19 17:20:00,48.14819906462956,synthetic
2025-12-19 17:25:00,428.7126423640096,synthetic
2025-12-19 17:30:00,36.877649194898076,synthetic
2025-12-19 17:35:00,75.61170295333451,synthetic
2025-12-19 17:40:00,426.7170309493274,synthetic
2025-12-19 17:45:00,58.137874070001246,synthetic
2025-12-19 17:50:00,61.587357947771615,synthetic
2025-12-19 17:55:00,63.1845766685126,synthetic
2025-12-19 18:00:00,262.73673110654437,synthetic
2025-12-19 18:05:00,34.76082597051486,synthetic
2025-12-19 18:10:00,115.31799679601868,synthetic
2025-12-19 18:15:00,199.22267706998258,synthetic
2025-12-19 18:20:00,37.856985138258544,synthetic
2025-12-19 18:25:00,74.49860354858997,synthetic
2025-12-19 18:30:00,78.64003220855886,synthetic
2025-12-19 18:35:00,183.4448910972425,synthetic
2025-12-19 18:40:00,133.3186165387731,synthetic
2025-12-19 18:45:00,123.48064914621172,synthetic
2025-12-19 18:50:00,118.78867603614732,synthetic
2025-12-19 18:55:00,277.1097423069154,synthetic
2025-12-19 19:00:00,118.42293176419437,synthetic
2025-12-19 19:05:00,48.351449613293575,synthetic
2025-12-19 19:10:00,96.28949760004019,synthetic
2025-12-19 19:15:00,89.97503435077834,synthetic
2025-12-19 19:20:00,69.95617572737069,synthetic
2025-12-19 19:25:00,49.7694530370271,synthetic
2025-12-19 19:30:00,75.94709419610889,synthetic
2025-12-19 19:35:00,98.7364982771936,synthetic
2025-12-19 19:40:00,233.31878614829986,synthetic
2025-12-19 19:45:00,123.55846786980354,synthetic
2025-12-19 19:50:00,60.07360073491859,synthetic
2025-12-19 19:55:00,288.825136414042,synthetic
2025-12-19 20:00:00,102.08464512461703,synthetic
2025-12-19 20:05:00,136.05072925637623,synthetic
2025-12-19 20:10:00,60.06029278019133,synthetic
2025-12-19 20:15:00,85.38935684914333,synthetic
2025-12-19 20:20:00,108.4199090573479,synthetic
2025-12-19 20:25:00,84.7327968005984,synthetic
2025-12-19 20:30:00,305.5264828176733,synthetic
2025-12-19 20:35:00,70.19941450036957,synthetic
2025-12-19 20:40:00,91.7766652948452,synthetic
2025-12-19 20:45:00,65.86503656661345,synthetic
2025-12-19 20:50:00,111.84632221074108,synthetic
2025-12-19 20:55:00,118.02898036868675,synthetic
2025-12-19 21:00:00,71.66639685176129,synthetic
2025-12-19 21:05:00,99.20813164745365,synthetic
2025-12-19 21:10:00,44.054441220313784,synthetic
2025-12-19 21:15:00,65.62934930118588,synthetic
2025-12-19 21:20:00,69.76854081247748,synthetic
2025-12-19 21:25:00,113.186837281705,synthetic
2025-12-19 21:30:00,85.5323922184693,synthetic
2025-12-19 21:35:00,153.5429086066627,synthetic
2025-12-19 21:40:00,66.48114619619315,synthetic
2025-12-19 21:45:00,114.76072830127629,synthetic
2025-12-19 21:50:00,257.61795253584984,synthetic
2025-12-19 21:55:00,90.34047512335816,synthetic
2025-12-19 22:00:00,70.40605128531566,synthetic
2025-12-19 22:05:00,376.19214190410804,synthetic
2025-12-19 22:10:00,82.57111258113964,synthetic
2025-12-19 22:15:00,95.84139206513518,synthetic
2025-12-19 22:20:00,198.07035481012971,synthetic
2025-12-19 22:25:00,400.25856817557604,synthetic
2025-12-19 22:30:00,95.62768646944579,synthetic
2025-12-19 22:35:00,61.763333763048635,synthetic
2025-12-19 22:40:00,60.948719502234155,synthetic
2025-12-19 22:45:00,76.96910385947042,synthetic
2025-12-19 22:50:00,423.97997162281854,synthetic
2025-12-19 22:55:00,485.1562786286111,synthetic
2025-12-19 23:00:00,174.34691603775408,synthetic
2025-12-19 23:05:00,99.2694857286831,synthetic
2025-12-19 23:10:00,280.2274016227382,synthetic
2025-12-19 23:15:00,76.33268713627568,synthetic
2025-12-19 23:20:00,128.05294168578536,synthetic
2025-12-19 23:25:00,104.27353783740472,synthetic
2025-12-19 23:30:00,245.4722241882605,synthetic
2025-12-19 23:35:00,128.14127449155828,synthetic
2025-12-19 23:40:00,103.40984985089844,synthetic
2025-12-19 23:45:00,65.74066289686294,synthetic
2025-12-19 23:50:00,489.3939545664207,synthetic
2025-12-19 23:55:00,58.32020428367416,synthetic
2025-12-20 00:00:00,80.50491967276304,synthetic
2025-12-20 00:05:00,92.7667917906266,synthetic
2025-12-20 00:10:00,72.68744850871593,synthetic
2025-12-20 00:15:00,41.01214509934598,synthetic
2025-12-20 00:20:00,341.3078527285538,synthetic
2025-12-20 00:25:00,88.84237245577026,synthetic
2025-12-20 00:30:00,431.4344391784911,synthetic
2025-12-20 00:35:00,107.71124862513618,synthetic
2025-12-20 00:40:00,60.87243165492811,synthetic
2025-12-20 00:45:00,70.01453761504318,synthetic
2025-12-20 00:50:00,470.9993408929247,synthetic
2025-12-20 00:55:00,81.28007173177765,synthetic
2025-12-20 01:00:00,314.599239462588,synthetic
2025-12-20 01:05:00,70.93160330486376,synthetic
2025-12-20 01:10:00,60.433060156614886,synthetic
2025-12-20 01:15:00,483.8250734971352,synthetic
2025-12-20 01:20:00,68.37047357833015,synthetic
2025-12-20 01:25:00,47.19184936941997,synthetic
2025-12-20 01:30:00,60.14954462510749,synthetic
2025-12-20 01:35:00,44.292004281291156,synthetic
2025-12-20 01:40:00,214.7199104963456,synthetic
2025-12-20 01:45:00,62.56064091376425,synthetic
2025-12-20 01:50:00,73.53331485326291,synthetic
2025-12-20 01:55:00,432.1028587144845,synthetic
2025-12-20 02:00:00,79.79945186698033,synthetic
2025-12-20 02:05:00,55.79311868191806,synthetic
2025-12-20 02:10:00,358.08989625633615,synthetic
2025-12-20 02:15:00,44.591282646329944,synthetic
2025-12-20 02:20:00,135.08692178810452,synthetic
2025-12-20 02:25:00,261.45256704534825,synthetic
2025-12-20 02:30:00,495.23053057032047,synthetic
2025-12-20 02:35:00,85.84532107481769,synthetic
2025-12-20 02:40:00,491.8262848114407,synthetic
2025-12-20 02:45:00,60.98517439552908,synthetic
2025-12-20 02:50:00,85.79273687564452,synthetic
2025-12-20 02:55:00,64.56469753024273,synthetic
2025-12-20 03:00:00,99.62362374660337,synthetic
2025-12-20 03:05:00,92.98391500593736,synthetic
2025-12-20 03:10:00,142.2823055812753,synthetic
2025-12-20 03:15:00,49.61690984611509,synthetic
2025-12-20 03:20:00,61.204595544836515,synthetic
2025-12-20 03:25:00,23.671064280429455,synthetic
2025-12-20 03:30:00,62.40593950880861,synthetic
2025-12-20 03:35:00,64.30758521360875,synthetic
2025-12-20 03:40:00,92.69263704497398,synthetic
2025-12-20 03:45:00,111.82507092244916,synthetic
2025-12-20 03:50:00,67.13725224377328,synthetic
2025-12-20 03:55:00,67.44466004076116,synthetic
2025-12-20 04:00:00,74.81183829253253,synthetic
2025-12-20 04:05:00,62.96911913312961,synthetic
2025-12-20 04:10:00,229.05705880814648,synthetic
2025-12-20 04:15:00,82.27862039619801,synthetic
2025-12-20 04:20:00,55.45453663589282,synthetic
2025-12-20 04:25:00,61.13527546705053,synthetic
2025-12-20 04:30:00,391.52580927787005,synthetic
2025-12-20 04:35:00,245.0664073711336,synthetic
2025-12-20 04:40:00,475.8765005973096,synthetic
2025-12-20 04:45:00,65.57659579867521,synthetic
2025-12-20 04:50:00,62.586293433609185,synthetic
2025-12-20 04:55:00,88.39408701334695,synthetic
2025-12-20 05:00:00,44.029477913800484,synthetic
2025-12-20 05:05:00,75.02614025439993,synthetic
2025-12-20 05:10:00,58.375926887723345,synthetic
2025-12-20 05:15:00,30.371958316605156,synthetic
2025-12-20 05:20:00,458.51501483266105,synthetic
2025-12-20 05:25:00,219.26566567286474,synthetic
2025-12-20 05:30:00,218.03119923672125,synthetic
2025-12-20 05:35:00,107.85369625343401,synthetic
2025-12-20 05:40:00,70.1364349913589,synthetic
2025-12-20 05:45:00,32.10029494250655,synthetic
2025-12-20 05:50:00,455.07099290207105,synthetic
2025-12-20 05:55:00,121.70484975251804,synthetic
2025-12-20 06:00:00,92.74595647530417,synthetic
2025-12-20 06:05:00,116.27885626708957,synthetic
2025-12-20 06:10:00,190.1611708068956,synthetic
2025-12-20 06:15:00,127.73120933089812,synthetic
2025-12-20 06:20:00,75.69187791300307,synthetic
2025-12-20 06:25:00,74.15298386598471,synthetic
2025-12-20 06:30:00,44.84744508700384,synthetic
2025-12-20 06:35:00,103.32916943559593,synthetic
2025-12-20 06:40:00,88.05852048761272,synthetic
2025-12-20 06:45:00,503.4206482145907,synthetic
2025-12-20 06:50:00,209.10045326358372,synthetic
2025-12-20 06:55:00,154.04874422762367,synthetic
2025-12-20 07:00:00,105.49348434607518,synthetic
2025-12-20 07:05:00,65.55753160394046,synthetic
2025-12-20 07:10:00,68.86645712763651,synthetic
2025-12-20 07:15:00,72.28987764240631,synthetic
2025-12-20 07:20:00,129.43005149966135,synthetic
2025-12-20 07:25:00,101.12876190213183,synthetic
2025-12-20 07:30:00,67.02824203955848,synthetic
2025-12-20 07:35:00,42.25259979634155,synthetic
2025-12-20 07:40:00,79.57616746431371,synthetic
2025-12-20 07:45:00,60.98382866242043,synthetic
2025-12-20 07:50:00,57.8494747941016,synthetic
2025-12-20 07:55:00,83.05560794643307,synthetic
2025-12-20 08:00:00,268.72202868822814,synthetic
2025-12-20 08:05:00,100.79745594782187,synthetic
2025-12-20 08:10:00,318.65771910873275,synthetic
2025-12-20 08:15:00,101.67224945190227,synthetic
2025-12-20 08:20:00,107.29723573598199,synthetic
2025-12-20 08:25:00,71.18742876126446,synthetic
2025-12-20 08:30:00,282.159575542283,synthetic
2025-12-20 08:35:00,53.86229617353558,synthetic
2025-12-20 08:40:00,62.85242825311888,synthetic
2025-12-20 08:45:00,278.57373612560195,synthetic
2025-12-20 08:50:00,66.60850095864214,synthetic
2025-12-20 08:55:00,76.44451077854677,synthetic
2025-12-20 09:00:00,54.890963173897276,synthetic
2025-12-20 09:05:00,87.89672044792059,synthetic
2025-12-20 09:10:00,56.970730554631174,synthetic
2025-12-20 09:15:00,338.0501149908922,synthetic
2025-12-20 09:20:00,75.04700997965814,synthetic
2025-12-20 09:25:00,48.62760562045898,synthetic
2025-12-20 09:30:00,74.84451523528502,synthetic
2025-12-20 09:35:00,200.17659615392535,synthetic
2025-12-20 09:40:00,45.566221653959786,synthetic
2025-12-20 09:45:00,403.01598645170566,synthetic
2025-12-20 09:50:00,64.40738264597434,synthetic
2025-12-20 09:55:00,363.93051481498566,synthetic
2025-12-20 10:00:00,307.99141349979413,synthetic
2025-12-20 10:05:00,38.51398329201049,synthetic
2025-12-20 10:10:00,81.67645080852932,synthetic
2025-12-20 10:15:00,61.51910288589892,synthetic
2025-12-20 10:20:00,86.96524982537346,synthetic
2025-12-20 10:25:00,75.44309409700628,synthetic
2025-12-20 10:30:00,151.35117018580883,synthetic
2025-12-20 10:35:00,479.9277994353831,synthetic
2025-12-20 10:40:00,31.81720678790967,synthetic
2025-12-20 10:45:00,69.70052677823467,synthetic
2025-12-20 10:50:00,44.671886720390894,synthetic
2025-12-20 10:55:00,113.48476364491022,synthetic
2025-12-20 11:00:00,114.33128154201103,synthetic
2025-12-20 11:05:00,391.83024987628255,synthetic
2025-12-20 11:10:00,423.01555584639345,synthetic
2025-12-20 11:15:00,119.74446453391829,synthetic
2025-12-20 11:20:00,267.64513196016753,synthetic
2025-12-20 11:25:00,243.96328098549384,synthetic
2025-12-20 11:30:00,111.35226258852867,synthetic
2025-12-20 11:35:00,147.62516330256327,synthetic
2025-12-20 11:40:00,311.6921032144616,synthetic
2025-12-20 11:45:00,86.13049880699933,synthetic
2025-12-20 11:50:00,49.463915113900164,synthetic
2025-12-20 11:55:00,98.33605360591497,synthetic
2025-12-20 12:00:00,58.513860357426445,synthetic
2025-12-20 12:05:00,52.69071578941854,synthetic
2025-12-20 12:10:00,218.8226689473663,synthetic
2025-12-20 12:15:00,420.76045277130953,synthetic
2025-12-20 12:20:00,70.261504988136,synthetic
2025-12-20 12:25:00,132.29087587146694,synthetic
2025-12-20 12:30:00,112.95026603218648,synthetic
2025-12-20 12:35:00,47.220611269666136,synthetic
2025-12-20 12:40:00,172.3294454253179,synthetic
2025-12-20 12:45:00,136.7815964633376,synthetic
2025-12-20 12:50:00,90.88212081809684,synthetic
2025-12-20 12:55:00,102.77089398166842,synthetic
2025-12-20 13:00:00,133.17742605255842,synthetic
2025-12-20 13:05:00,95.21562054746227,synthetic
2025-12-20 13:10:00,64.00927114479774,synthetic
2025-12-20 13:15:00,68.50068284665895,synthetic
2025-12-20 13:20:00,88.25042664952761,synthetic
2025-12-20 13:25:00,65.73742525909907,synthetic
2025-12-20 13:30:00,85.33941758461839,synthetic
2025-12-20 13:35:00,63.91678979147067,synthetic
2025-12-20 13:40:00,61.42890514333757,synthetic
2025-12-20 13:45:00,71.74073685548736,synthetic
2025-12-20 13:50:00,81.76094431780236,synthetic
2025-12-20 13:55:00,82.8061621747109,synthetic
2025-12-20 14:00:00,105.94651012573304,synthetic
2025-12-20 14:05:00,183.0015397921642,synthetic
2025-12-20 14:10:00,85.70912325900814,synthetic
2025-12-20 14:15:00,118.47429757123288,synthetic
2025-12-20 14:20:00,71.94702044694309,synthetic
2025-12-20 14:25:00,65.06970797362222,synthetic
2025-12-20 14:30:00,66.34090402902854,synthetic
2025-12-20 14:35:00,133.95451682157247,synthetic
2025-12-20 14:40:00,388.44663284520044,synthetic
2025-12-20 14:45:00,86.89573081670312,synthetic
2025-12-20 14:50:00,112.940665507296,synthetic
2025-12-20 14:55:00,67.84627080894681,synthetic
2025-12-20 15:00:00,63.048200136858455,synthetic
2025-12-20 15:05:00,64.21427663764258,synthetic
2025-12-20 15:10:00,112.0712654917044,synthetic
2025-12-20 15:15:00,78.41995124373554,synthetic
2025-12-20 15:20:00,67.39040891648348,synthetic
2025-12-20 15:25:00,32.41518555728336,synthetic
2025-12-20 15:30:00,96.74476253005555,synthetic
2025-12-20 15:35:00,143.90186590585557,synthetic
2025-12-20 15:40:00,69.31772688586469,synthetic
2025-12-20 15:45:00,418.3127581426587,synthetic
2025-12-20 15:50:00,187.50016197588965,synthetic
2025-12-20 15:55:00,52.56735249293049,synthetic
2025-12-20 16:00:00,115.75967953848335,synthetic
2025-12-20 16:05:00,55.019178062699794,synthetic
2025-12-20 16:10:00,119.80370230872448,synthetic
2025-12-20 16:15:00,130.67376631995998,synthetic
2025-12-20 16:20:00,300.5443945121648,synthetic
2025-12-20 16:25:00,91.97073467261035,synthetic
2025-12-20 16:30:00,364.5008455134396,synthetic
2025-12-20 16:35:00,204.19526738941653,synthetic
2025-12-20 16:40:00,121.57642899365982,synthetic
2025-12-20 16:45:00,83.08409250009507,synthetic
2025-12-20 16:50:00,60.05212941676519,synthetic
2025-12-20 16:55:00,78.4454754874879,synthetic
2025-12-20 17:00:00,74.77376025352531,synthetic
2025-12-20 17:05:00,66.13111482825414,synthetic
2025-12-20 17:10:00,61.8454194112111,synthetic
2025-12-20 17:15:00,66.29560043311078,synthetic
2025-12-20 17:20:00,67.0537984457349,synthetic
2025-12-20 17:25:00,259.3078061154828,synthetic
2025-12-20 17:30:00,65.21332784501449,synthetic
2025-12-20 17:35:00,113.80135279471781,synthetic
2025-12-20 17:40:00,50.47427236653197,synthetic
2025-12-20 17:45:00,126.79330872190847,synthetic
2025-12-20 17:50:00,68.45149194600538,synthetic
2025-12-20 17:55:00,73.75455098444846,synthetic
2025-12-20 18:00:00,449.9677257232145,synthetic
2025-12-20 18:05:00,338.0827897828776,synthetic
2025-12-20 18:10:00,106.82865918508294,synthetic
2025-12-20 18:15:00,92.29379513517686,synthetic
2025-12-20 18:20:00,74.51065644142389,synthetic
2025-12-20 18:25:00,153.68501821605278,synthetic
2025-12-20 18:30:00,50.78104431160834,synthetic
2025-12-20 18:35:00,54.68742360731364,synthetic
2025-12-20 18:40:00,62.50497535765807,synthetic
2025-12-20 18:45:00,117.99572950487817,synthetic
2025-12-20 18:50:00,124.74126393431686,synthetic
2025-12-20 18:55:00,435.8804934329892,synthetic
2025-12-20 19:00:00,314.43421651380993,synthetic
2025-12-20 19:05:00,67.64893093178094,synthetic
2025-12-20 19:10:00,337.0835139184609,synthetic
2025-12-20 19:15:00,344.05702803205537,synthetic
2025-12-20 19:20:00,456.5565327801444,synthetic
2025-12-20 19:25:00,62.431228514263225,synthetic
2025-12-20 19:30:00,83.35376046548768,synthetic
2025-12-20 19:35:00,54.78903187402623,synthetic
2025-12-20 19:40:00,89.20009647730154,synthetic
2025-12-20 19:45:00,81.38545191321835,synthetic
2025-12-20 19:50:00,58.674721670580354,synthetic
2025-12-20 19:55:00,134.436410805636,synthetic
2025-12-20 20:00:00,64.96797531501355,synthetic
2025-12-20 20:05:00,114.54772084849513,synthetic
2025-12-20 20:10:00,122.08381999249312,synthetic
2025-12-20 20:15:00,31.42330580730576,synthetic
2025-12-20 20:20:00,69.93055976669922,synthetic
2025-12-20 20:25:00,355.9946808405762,synthetic
2025-12-20 20:30:00,184.4224917091065,synthetic
2025-12-20 20:35:00,69.46446386812698,synthetic
2025-12-20 20:40:00,101.79730284561163,synthetic
2025-12-20 20:45:00,103.72946714042952,synthetic
2025-12-20 20:50:00,113.31636251535458,synthetic
2025-12-20 20:55:00,91.92610322093348,synthetic
2025-12-20 21:00:00,66.96554891860106,synthetic
2025-12-20 21:05:00,57.34986685083627,synthetic
2025-12-20 21:10:00,128.77190917723593,synthetic
2025-12-20 21:15:00,60.0995175437356,synthetic
2025-12-20 21:20:00,94.0981759996536,synthetic
2025-12-20 21:25:00,149.40692483525348,synthetic
2025-12-20 21:30:00,91.08677364709871,synthetic
2025-12-20 21:35:00,95.26852316543672,synthetic
2025-12-20 21:40:00,116.86649817966367,synthetic
2025-12-20 21:45:00,62.89421328861375,synthetic
2025-12-20 21:50:00,30.47990703920628,synthetic
2025-12-20 21:55:00,82.06184926466875,synthetic
2025-12-20 22:00:00,77.54315231956748,synthetic
2025-12-20 22:05:00,91.91110198002039,synthetic
2025-12-20 22:10:00,66.91351378203717,synthetic
2025-12-20 22:15:00,139.75689659462597,synthetic
2025-12-20 22:20:00,102.15826086259023,synthetic
2025-12-20 22:25:00,41.71204748787986,synthetic
2025-12-20 22:30:00,70.02616143241733,synthetic
2025-12-20 22:35:00,78.5080641678367,synthetic
2025-12-20 22:40:00,282.02800858715904,synthetic
2025-12-20 22:45:00,70.76743044463066,synthetic
2025-12-20 22:50:00,80.33489757787821,synthetic
2025-12-20 22:55:00,66.64046180110154,synthetic
2025-12-20 23:00:00,217.51320463879875,synthetic
2025-12-20 23:05:00,86.2212956690984,synthetic
2025-12-20 23:10:00,49.145940595125154,synthetic
2025-12-20 23:15:00,49.14610971874534,synthetic
2025-12-20 23:20:00,25.581956257467002,synthetic
2025-12-20 23:25:00,223.3008769237993,synthetic
2025-12-20 23:30:00,165.44524735628931,synthetic
2025-12-20 23:35:00,99.99813376718161,synthetic
2025-12-20 23:40:00,68.95682962478662,synthetic
2025-12-20 23:45:00,68.20663776268745,synthetic
2025-12-20 23:50:00,384.97030342006303,synthetic
2025-12-20 23:55:00,76.57080552085573,synthetic
2025-12-21 00:00:00,471.6525287894759,synthetic
2025-12-21 00:05:00,80.17602474465127,synthetic
2025-12-21 00:10:00,300.6847134958014,synthetic
2025-12-21 00:15:00,58.64712321513675,synthetic
2025-12-21 00:20:00,104.3217589844162,synthetic
2025-12-21 00:25:00,46.54161296652843,synthetic
2025-12-21 00:30:00,59.51979828749225,synthetic
2025-12-21 00:35:00,104.3466166147467,synthetic
2025-12-21 00:40:00,65.03741782936035,synthetic
2025-12-21 00:45:00,120.29133440278844,synthetic
2025-12-21 00:50:00,204.37160945709982,synthetic
2025-12-21 00:55:00,51.12237330445614,synthetic
2025-12-21 01:00:00,29.491461526459783,synthetic
2025-12-21 01:05:00,104.86560253735209,synthetic
2025-12-21 01:10:00,101.84890213393427,synthetic
2025-12-21 01:15:00,451.3717902527792,synthetic
2025-12-21 01:20:00,89.01267998166634,synthetic
2025-12-21 01:25:00,411.8326411532959,synthetic
2025-12-21 01:30:00,71.29575236422933,synthetic
2025-12-21 01:35:00,62.98368454138059,synthetic
2025-12-21 01:40:00,84.64096778785448,synthetic
2025-12-21 01:45:00,94.23401958361605,synthetic
2025-12-21 01:50:00,63.68498684062466,synthetic
2025-12-21 01:55:00,111.17801223252528,synthetic
2025-12-21 02:00:00,394.05576917888794,synthetic
2025-12-21 02:05:00,80.77365430556843,synthetic
2025-12-21 02:10:00,50.6896379158689,synthetic
2025-12-21 02:15:00,399.72289196962134,synthetic
2025-12-21 02:20:00,82.3534134929151,synthetic
2025-12-21 02:25:00,272.98166481033684,synthetic
2025-12-21 02:30:00,144.02797494904792,synthetic
2025-12-21 02:35:00,92.27100063653961,synthetic
2025-12-21 02:40:00,304.02323285744285,synthetic
2025-12-21 02:45:00,290.694490187569,synthetic
2025-12-21 02:50:00,95.91496223492311,synthetic
2025-12-21 02:55:00,322.39901809588844,synthetic
2025-12-21 03:00:00,111.31418238399449,synthetic
2025-12-21 03:05:00,108.40523917853027,synthetic
2025-12-21 03:10:00,228.2464346182429,synthetic
2025-12-21 03:15:00,198.71107894347796,synthetic
2025-12-21 03:20:00,53.64592583665081,synthetic
2025-12-21 03:25:00,73.13465175105063,synthetic
2025-12-21 03:30:00,116.09595195205105,synthetic
2025-12-21 03:35:00,72.04701091010344,synthetic
2025-12-21 03:40:00,263.7988590790108,synthetic
2025-12-21 03:45:00,56.611114994733256,synthetic
2025-12-21 03:50:00,43.98866608332401,synthetic
2025-12-21 03:55:00,67.22728437179583,synthetic
2025-12-21 04:00:00,68.90979796669916,synthetic
2025-12-21 04:05:00,67.1817713934231,synthetic
2025-12-21 04:10:00,108.50174176282795,synthetic
2025-12-21 04:15:00,80.88686967083645,synthetic
2025-12-21 04:20:00,102.30085784612555,synthetic
2025-12-21 04:25:00,65.57362909490492,synthetic
2025-12-21 04:30:00,186.5835723006782,synthetic
2025-12-21 04:35:00,296.008292753605,synthetic
2025-12-21 04:40:00,62.73009301696294,synthetic
2025-12-21 04:45:00,373.0432451263217,synthetic
2025-12-21 04:50:00,95.46378272837028,synthetic
2025-12-21 04:55:00,106.83045352161146,synthetic
2025-12-21 05:00:00,251.99952783714872,synthetic
2025-12-21 05:05:00,64.54004374168345,synthetic
2025-12-21 05:10:00,74.13980845779005,synthetic
2025-12-21 05:15:00,230.8534467147738,synthetic
2025-12-21 05:20:00,77.75598149968025,synthetic
2025-12-21 05:25:00,85.30254601572305,synthetic
2025-12-21 05:30:00,108.77195298026187,synthetic
2025-12-21 05:35:00,403.91235209737,synthetic
2025-12-21 05:40:00,51.30377689340732,synthetic
2025-12-21 05:45:00,82.83914439571278,synthetic
2025-12-21 05:50:00,66.89286321384382,synthetic
2025-12-21 05:55:00,327.49349514987114,synthetic
2025-12-21 06:00:00,204.33576772544262,synthetic
2025-12-21 06:05:00,71.01667511597367,synthetic
2025-12-21 06:10:00,103.47572469848318,synthetic
2025-12-21 06:15:00,222.54452738929524,synthetic
2025-12-21 06:20:00,254.76152067789292,synthetic
2025-12-21 06:25:00,440.34376410200775,synthetic
2025-12-21 06:30:00,328.389040818982,synthetic
2025-12-21 06:35:00,282.281888803573,synthetic
2025-12-21 06:40:00,66.34050914264604,synthetic
2025-12-21 06:45:00,111.12079926085178,synthetic
2025-12-21 06:50:00,190.20135937300319,synthetic
2025-12-21 06:55:00,90.32224387681947,synthetic
2025-12-21 07:00:00,100.25832273493815,synthetic
2025-12-21 07:05:00,116.53806479795728,synthetic
2025-12-21 07:10:00,53.33001841153114,synthetic
2025-12-21 07:15:00,32.78359597918375,synthetic
2025-12-21 07:20:00,56.99514746473124,synthetic
2025-12-21 07:25:00,107.66864563627543,synthetic
2025-12-21 07:30:00,60.49690000542583,synthetic
2025-12-21 07:35:00,70.60848032217405,synthetic
2025-12-21 07:40:00,66.55587881589159,synthetic
2025-12-21 07:45:00,46.67314572833413,synthetic
2025-12-21 07:50:00,78.6343436141517,synthetic
2025-12-21 07:55:00,43.269465322643185,synthetic
2025-12-21 08:00:00,76.45245224369265,synthetic
2025-12-21 08:05:00,144.06421547703593,synthetic
2025-12-21 08:10:00,51.61316891855955,synthetic
2025-12-21 08:15:00,76.5088181583469,synthetic
2025-12-21 08:20:00,66.4160285323355,synthetic
2025-12-21 08:25:00,157.80642144810656,synthetic
2025-12-21 08:30:00,57.45643931286829,synthetic
2025-12-21 08:35:00,70.085858030676,synthetic
2025-12-21 08:40:00,451.92726290824436,synthetic
2025-12-21 08:45:00,73.9910468078098,synthetic
2025-12-21 08:50:00,98.10954438985766,synthetic
2025-12-21 08:55:00,254.46606880525172,synthetic
2025-12-21 09:00:00,124.46185220590434,synthetic
2025-12-21 09:05:00,51.26564603888211,synthetic
2025-12-21 09:10:00,73.2349582052599,synthetic
2025-12-21 09:15:00,255.32296023232115,synthetic
2025-12-21 09:20:00,57.96990825271357,synthetic
2025-12-21 09:25:00,68.180865826557,synthetic
2025-12-21 09:30:00,89.50528110800366,synthetic
2025-12-21 09:35:00,46.46308107000985,synthetic
2025-12-21 09:40:00,48.88588904328009,synthetic
2025-12-21 09:45:00,139.3811249573087,synthetic
2025-12-21 09:50:00,106.25898081359593,synthetic
2025-12-21 09:55:00,49.67920285911144,synthetic
2025-12-21 10:00:00,73.64042545451387,synthetic
2025-12-21 10:05:00,111.91211341669808,synthetic
2025-12-21 10:10:00,112.64785211298246,synthetic
2025-12-21 10:15:00,197.16166720444465,synthetic
2025-12-21 10:20:00,99.41728981522022,synthetic
2025-12-21 10:25:00,180.00223375268422,synthetic
2025-12-21 10:30:00,104.32938038586447,synthetic
2025-12-21 10:35:00,113.83399527775889,synthetic
2025-12-21 10:40:00,134.9477875714252,synthetic
2025-12-21 10:45:00,72.46050642434135,synthetic
2025-12-21 10:50:00,61.03101745643529,synthetic
2025-12-21 10:55:00,155.16370823255383,synthetic
2025-12-21 11:00:00,84.6658853865088,synthetic
2025-12-21 11:05:00,53.598112068142804,synthetic
2025-12-21 11:10:00,221.42736413857187,synthetic
2025-12-21 11:15:00,574.4874923238264,synthetic
2025-12-21 11:20:00,198.4388823240825,synthetic
2025-12-21 11:25:00,62.83517806419541,synthetic
2025-12-21 11:30:00,473.99762103122254,synthetic
2025-12-21 11:35:00,126.82224172049267,synthetic
2025-12-21 11:40:00,352.36310322796226,synthetic
2025-12-21 11:45:00,55.82594095550685,synthetic
2025-12-21 11:50:00,72.40393463119527,synthetic
2025-12-21 11:55:00,90.19503378017262,synthetic
2025-12-21 12:00:00,89.45263300488953,synthetic
2025-12-21 12:05:00,59.01812347104964,synthetic
2025-12-21 12:10:00,127.15745635790535,synthetic
2025-12-21 12:15:00,76.43283767818802,synthetic
2025-12-21 12:20:00,231.13627681939877,synthetic
2025-12-21 12:25:00,84.00106781220268,synthetic
2025-12-21 12:30:00,42.525664468533805,synthetic
2025-12-21 12:35:00,94.421040593269,synthetic
2025-12-21 12:40:00,46.20999122179188,synthetic
2025-12-21 12:45:00,428.38206934220005,synthetic
2025-12-21 12:50:00,101.70298372743704,synthetic
2025-12-21 12:55:00,197.74764811450726,synthetic
2025-12-21 13:00:00,424.0496954484152,synthetic
2025-12-21 13:05:00,41.424976724673996,synthetic
2025-12-21 13:10:00,71.20266896836134,synthetic
2025-12-21 13:15:00,136.60076894618834,synthetic
2025-12-21 13:20:00,99.68797441981437,synthetic
2025-12-21 13:25:00,494.10932021745435,synthetic
2025-12-21 13:30:00,82.87662924120795,synthetic
2025-12-21 13:35:00,154.2381828169871,synthetic
2025-12-21 13:40:00,74.39407915284113,synthetic
2025-12-21 13:45:00,129.91327081372455,synthetic
2025-12-21 13:50:00,281.93857722861867,synthetic
2025-12-21 13:55:00,41.25646420898636,synthetic
2025-12-21 14:00:00,48.651507111888925,synthetic
2025-12-21 14:05:00,108.78794115711615,synthetic
2025-12-21 14:10:00,68.41838180924415,synthetic
2025-12-21 14:15:00,67.71600345342755,synthetic
2025-12-21 14:20:00,74.03026059295438,synthetic
2025-12-21 14:25:00,90.84536441516546,synthetic
2025-12-21 14:30:00,140.81305761957574,synthetic
2025-12-21 14:35:00,96.95907994114874,synthetic
2025-12-21 14:40:00,239.31491347906353,synthetic
2025-12-21 14:45:00,64.38486275912399,synthetic
2025-12-21 14:50:00,113.71950433178768,synthetic
2025-12-21 14:55:00,45.45855040834008,synthetic
2025-12-21 15:00:00,68.2399344781616,synthetic
2025-12-21 15:05:00,71.12351467553304,synthetic
2025-12-21 15:10:00,90.51745950153447,synthetic
2025-12-21 15:15:00,282.01605575979625,synthetic
2025-12-21 15:20:00,86.49735406250797,synthetic
2025-12-21 15:25:00,98.83717115810819,synthetic
2025-12-21 15:30:00,296.72403283160844,synthetic
2025-12-21 15:35:00,116.13653135902082,synthetic
2025-12-21 15:40:00,45.28372099877252,synthetic
2025-12-21 15:45:00,63.2130256571376,synthetic
2025-12-21 15:50:00,428.876435493409,synthetic
2025-12-21 15:55:00,75.86862280161688,synthetic
2025-12-21 16:00:00,59.578119483253936,synthetic
2025-12-21 16:05:00,76.74595557788214,synthetic
2025-12-21 16:10:00,90.53847685706023,synthetic
2025-12-21 16:15:00,123.67111094017345,synthetic
2025-12-21 16:20:00,405.5086539708754,synthetic
2025-12-21 16:25:00,73.77408960290387,synthetic
2025-12-21 16:30:00,499.01441269727326,synthetic
2025-12-21 16:35:00,252.415770446864,synthetic
2025-12-21 16:40:00,104.56273861125536,synthetic
2025-12-21 16:45:00,394.1436581626923,synthetic
2025-12-21 16:50:00,35.73056191621127,synthetic
2025-12-21 16:55:00,389.703033804754,synthetic
2025-12-21 17:00:00,121.00238598666039,synthetic
2025-12-21 17:05:00,50.97133186672059,synthetic
2025-12-21 17:10:00,313.8768845255936,synthetic
2025-12-21 17:15:00,60.702858042475846,synthetic
2025-12-21 17:20:00,91.41871353387629,synthetic
2025-12-21 17:25:00,470.18076832784385,synthetic
2025-12-21 17:30:00,451.728784610343,synthetic
2025-12-21 17:35:00,95.36279037284778,synthetic
2025-12-21 17:40:00,119.38609758565389,synthetic
2025-12-21 17:45:00,70.09939495821925,synthetic
2025-12-21 17:50:00,99.01616765345159,synthetic
2025-12-21 17:55:00,430.47709274619507,synthetic
2025-12-21 18:00:00,98.32454052373195,synthetic
2025-12-21 18:05:00,98.44479731207257,synthetic
2025-12-21 18:10:00,47.05646771062235,synthetic
2025-12-21 18:15:00,84.37046137724863,synthetic
2025-12-21 18:20:00,78.043101817313,synthetic
2025-12-21 18:25:00,75.21948611144813,synthetic
2025-12-21 18:30:00,92.05760958616675,synthetic
2025-12-21 18:35:00,169.27526482479067,synthetic
2025-12-21 18:40:00,67.15182640681124,synthetic
2025-12-21 18:45:00,88.41058595313095,synthetic
2025-12-21 18:50:00,105.87383480564986,synthetic
2025-12-21 18:55:00,64.87232500442154,synthetic
2025-12-21 19:00:00,118.46964071204007,synthetic
2025-12-21 19:05:00,71.71889592428634,synthetic
2025-12-21 19:10:00,57.687410459910964,synthetic
2025-12-21 19:15:00,70.06504430975107,synthetic
2025-12-21 19:20:00,65.83955863973476,synthetic
2025-12-21 19:25:00,209.72245741852126,synthetic
2025-12-21 19:30:00,136.11817460721264,synthetic
2025-12-21 19:35:00,116.39151866114435,synthetic
2025-12-21 19:40:00,48.555676902002126,synthetic
2025-12-21 19:45:00,112.19155028803533,synthetic
2025-12-21 19:50:00,58.3905703143085,synthetic
2025-12-21 19:55:00,83.09613387768299,synthetic
2025-12-21 20:00:00,60.20781559585856,synthetic
2025-12-21 20:05:00,73.28100683927768,synthetic
2025-12-21 20:10:00,61.03128720235396,synthetic
2025-12-21 20:15:00,494.95120750323827,synthetic
2025-12-21 20:20:00,321.70668716647856,synthetic
2025-12-21 20:25:00,118.89284361193461,synthetic
2025-12-21 20:30:00,59.350459648892055,synthetic
2025-12-21 20:35:00,208.63242528018336,synthetic
2025-12-21 20:40:00,240.6642989343237,synthetic
2025-12-21 20:45:00,114.6258705239314,synthetic
2025-12-21 20:50:00,71.89133055804834,synthetic
2025-12-21 20:55:00,488.3489524262844,synthetic
2025-12-21 21:00:00,83.87507321579548,synthetic
2025-12-21 21:05:00,195.35562145482135,synthetic
2025-12-21 21:10:00,449.3468183184723,synthetic
2025-12-21 21:15:00,96.43597995624262,synthetic
2025-12-21 21:20:00,51.009821861445914,synthetic
2025-12-21 21:25:00,125.7551155744478,synthetic
2025-12-21 21:30:00,265.5563527994017,synthetic
2025-12-21 21:35:00,71.6040122222639,synthetic
2025-12-21 21:40:00,459.1061987570062,synthetic
2025-12-21 21:45:00,75.32631925340361,synthetic
2025-12-21 21:50:00,111.3986647694465,synthetic
2025-12-21 21:55:00,108.08182501588733,synthetic
2025-12-21 22:00:00,299.7816593431653,synthetic
2025-12-21 22:05:00,355.58547482629007,synthetic
2025-12-21 22:10:00,439.8047022646461,synthetic
2025-12-21 22:15:00,95.34684011751928,synthetic
2025-12-21 22:20:00,105.62238024770295,synthetic
2025-12-21 22:25:00,73.38127549497962,synthetic
2025-12-21 22:30:00,113.99540349226754,synthetic
2025-12-21 22:35:00,60.80521007822404,synthetic
2025-12-21 22:40:00,97.38653952142339,synthetic
2025-12-21 22:45:00,214.64677707423442,synthetic
2025-12-21 22:50:00,106.20580003287692,synthetic
2025-12-21 22:55:00,74.12750288155753,synthetic
2025-12-21 23:00:00,232.45996941217314,synthetic
2025-12-21 23:05:00,372.58656368589294,synthetic
2025-12-21 23:10:00,81.99882273454745,synthetic
2025-12-21 23:15:00,190.71116588824657,synthetic
2025-12-21 23:20:00,53.627478642246174,synthetic
2025-12-21 23:25:00,98.78516659892253,synthetic
2025-12-21 23:30:00,163.37777259863145,synthetic
2025-12-21 23:35:00,53.544401746013136,synthetic
2025-12-21 23:40:00,471.3317857886963,synthetic
2025-12-21 23:45:00,69.51386837394871,synthetic
2025-12-21 23:50:00,82.00987851307971,synthetic
2025-12-21 23:55:00,116.10222060566261,synthetic
2025-12-22 00:00:00,139.96215892326478,synthetic
2025-12-22 00:05:00,62.4028137443986,synthetic
2025-12-22 00:10:00,84.29384645002337,synthetic
2025-12-22 00:15:00,417.10805790030656,synthetic
2025-12-22 00:20:00,69.78643028450686,synthetic
2025-12-22 00:25:00,143.1578253595972,synthetic
2025-12-22 00:30:00,118.78783268326382,synthetic
2025-12-22 00:35:00,48.729864898874844,synthetic
2025-12-22 00:40:00,199.44240245641615,synthetic
2025-12-22 00:45:00,99.54617297137128,synthetic
2025-12-22 00:50:00,66.96718968067394,synthetic
2025-12-22 00:55:00,37.64593088149689,synthetic
2025-12-22 01:00:00,36.69312939805711,synthetic
2025-12-22 01:05:00,371.1978678600961,synthetic
2025-12-22 01:10:00,136.33661702828178,synthetic
2025-12-22 01:15:00,104.85660209844147,synthetic
2025-12-22 01:20:00,69.15399972609417,synthetic
2025-12-22 01:25:00,347.9284867854041,synthetic
2025-12-22 01:30:00,64.05360670174333,synthetic
2025-12-22 01:35:00,35.90187701032719,synthetic
2025-12-22 01:40:00,100.48899675774616,synthetic
2025-12-22 01:45:00,108.67326483008559,synthetic
2025-12-22 01:50:00,98.181781819235,synthetic
2025-12-22 01:55:00,137.51461196589355,synthetic
2025-12-22 02:00:00,168.23711725864652,synthetic
2025-12-22 02:05:00,95.04079782771244,synthetic
2025-12-22 02:10:00,200.02871833536247,synthetic
2025-12-22 02:15:00,43.182517693600886,synthetic
2025-12-22 02:20:00,60.31772401279124,synthetic
2025-12-22 02:25:00,128.93003771515242,synthetic
2025-12-22 02:30:00,184.94159754516258,synthetic
2025-12-22 02:35:00,293.18681133444613,synthetic
2025-12-22 02:40:00,70.09618154966442,synthetic
2025-12-22 02:45:00,78.15718457705472,synthetic
2025-12-22 02:50:00,65.75909742363937,synthetic
2025-12-22 02:55:00,313.20645860134016,synthetic
2025-12-22 03:00:00,245.05693024802017,synthetic
2025-12-22 03:05:00,442.19327321303086,synthetic
2025-12-22 03:10:00,60.268761785733176,synthetic
2025-12-22 03:15:00,319.35468327342824,synthetic
2025-12-22 03:20:00,101.48971620286943,synthetic
2025-12-22 03:25:00,50.36389226365387,synthetic
2025-12-22 03:30:00,66.85221149176257,synthetic
2025-12-22 03:35:00,61.45786382016431,synthetic
2025-12-22 03:40:00,132.66846598751812,synthetic
2025-12-22 03:45:00,97.11646517182872,synthetic
2025-12-22 03:50:00,79.11585346890998,synthetic
2025-12-22 03:55:00,407.06927684859465,synthetic
2025-12-22 04:00:00,110.70509800470238,synthetic
2025-12-22 04:05:00,90.36917276134116,synthetic
2025-12-22 04:10:00,26.271742009494055,synthetic
2025-12-22 04:15:00,116.05117370180636,synthetic
2025-12-22 04:20:00,74.58297141943014,synthetic
2025-12-22 04:25:00,85.4010108356664,synthetic
2025-12-22 04:30:00,95.49252692927577,synthetic
2025-12-22 04:35:00,64.51810744583094,synthetic
2025-12-22 04:40:00,111.94862077358187,synthetic
2025-12-22 04:45:00,154.70539982191966,synthetic
2025-12-22 04:50:00,50.105712166983636,synthetic
2025-12-22 04:55:00,99.3531564915858,synthetic
2025-12-22 05:00:00,63.38290882279635,synthetic
2025-12-22 05:05:00,272.12087675210677,synthetic
2025-12-22 05:10:00,43.66361355237503,synthetic
2025-12-22 05:15:00,47.0160711446022,synthetic
2025-12-22 05:20:00,83.44062356500399,synthetic
2025-12-22 05:25:00,31.736702076786667,synthetic
2025-12-22 05:30:00,475.5260609986966,synthetic
2025-12-22 05:35:00,136.5094068210994,synthetic
2025-12-22 05:40:00,53.65649579749909,synthetic
2025-12-22 05:45:00,311.2678601641825,synthetic
2025-12-22 05:50:00,94.21653504528359,synthetic
2025-12-22 05:55:00,50.93368636027442,synthetic
2025-12-22 06:00:00,40.699972072514335,synthetic
2025-12-22 06:05:00,26.77595286992275,synthetic
2025-12-22 06:10:00,103.14071292698095,synthetic
2025-12-22 06:15:00,54.392265269086906,synthetic
2025-12-22 06:20:00,66.762881484655,synthetic
2025-12-22 06:25:00,75.85489185495801,synthetic
2025-12-22 06:30:00,31.355420343413638,synthetic
2025-12-22 06:35:00,124.44204257533727,synthetic
2025-12-22 06:40:00,85.74378995145781,synthetic
2025-12-22 06:45:00,76.67264425940813,synthetic
2025-12-22 06:50:00,172.12258473276827,synthetic
2025-12-22 06:55:00,323.50069450902515,synthetic
2025-12-22 07:00:00,73.5882231730559,synthetic
2025-12-22 07:05:00,148.72307304694579,synthetic
2025-12-22 07:10:00,419.4242885108832,synthetic
2025-12-22 07:15:00,89.71054535459439,synthetic
2025-12-22 07:20:00,153.40986997472896,synthetic
2025-12-22 07:25:00,32.207791685456414,synthetic
2025-12-22 07:30:00,71.5619238737292,synthetic
2025-12-22 07:35:00,70.59505179817091,synthetic
2025-12-22 07:40:00,58.36086380815441,synthetic
2025-12-22 07:45:00,115.35296992756565,synthetic
2025-12-22 07:50:00,509.90587844755873,synthetic
2025-12-22 07:55:00,289.7224608012212,synthetic
2025-12-22 08:00:00,67.12858540367634,synthetic
2025-12-22 08:05:00,66.5227049384058,synthetic
2025-12-22 08:10:00,113.11479389927119,synthetic
2025-12-22 08:15:00,59.54927016065531,synthetic
2025-12-22 08:20:00,66.56892642175853,synthetic
2025-12-22 08:25:00,58.430240034053746,synthetic
2025-12-22 08:30:00,344.2430337379509,synthetic
2025-12-22 08:35:00,36.32124148534538,synthetic
2025-12-22 08:40:00,88.21539551164007,synthetic
2025-12-22 08:45:00,410.40502185035297,synthetic
2025-12-22 08:50:00,123.20224713320549,synthetic
2025-12-22 08:55:00,62.394928997097615,synthetic
2025-12-22 09:00:00,108.58432670180756,synthetic
2025-12-22 09:05:00,98.37373452146909,synthetic
2025-12-22 09:10:00,57.835607591365665,synthetic
2025-12-22 09:15:00,58.07341251246799,synthetic
2025-12-22 09:20:00,108.1318491863032,synthetic
2025-12-22 09:25:00,43.7844261439907,synthetic
2025-12-22 09:30:00,95.17815074967375,synthetic
2025-12-22 09:35:00,64.29661502211727,synthetic
2025-12-22 09:40:00,84.61538670435195,synthetic
2025-12-22 09:45:00,90.54895383199239,synthetic
2025-12-22 09:50:00,80.30224331834893,synthetic
2025-12-22 09:55:00,76.22462763299279,synthetic
2025-12-22 10:00:00,55.33843658193264,synthetic
2025-12-22 10:05:00,80.2212264297718,synthetic
2025-12-22 10:10:00,98.51703932144838,synthetic
2025-12-22 10:15:00,118.41756543852988,synthetic
2025-12-22 10:20:00,131.1019769621788,synthetic
2025-12-22 10:25:00,45.90624018374361,synthetic
2025-12-22 10:30:00,100.66404003756323,synthetic
2025-12-22 10:35:00,67.81198851618115,synthetic
2025-12-22 10:40:00,457.571190563059,synthetic
2025-12-22 10:45:00,459.5035757301931,synthetic
2025-12-22 10:50:00,76.42156558460258,synthetic
2025-12-22 10:55:00,80.08274235731226,synthetic
2025-12-22 11:00:00,363.5435220709749,synthetic
2025-12-22 11:05:00,59.356357336247235,synthetic
2025-12-22 11:10:00,99.10742312392895,synthetic
2025-12-22 11:15:00,52.30483672641743,synthetic
2025-12-22 11:20:00,64.43261815175316,synthetic
2025-12-22 11:25:00,118.5046684314704,synthetic
2025-12-22 11:30:00,36.66181923638481,synthetic
2025-12-22 11:35:00,121.63639457881239,synthetic
2025-12-22 11:40:00,259.89734462282513,synthetic
2025-12-22 11:45:00,289.7549273662337,synthetic
2025-12-22 11:50:00,68.55855696418001,synthetic
2025-12-22 11:55:00,114.24567352467591,synthetic
2025-12-22 12:00:00,44.34001554770336,synthetic
2025-12-22 12:05:00,366.27563174909307,synthetic
2025-12-22 12:10:00,47.62393564431969,synthetic
2025-12-22 12:15:00,134.15907000031083,synthetic
2025-12-22 12:20:00,75.82409454065467,synthetic
2025-12-22 12:25:00,62.863964249226896,synthetic
2025-12-22 12:30:00,62.701566848222456,synthetic
2025-12-22 12:35:00,89.29033159212602,synthetic
2025-12-22 12:40:00,74.11170648037556,synthetic
2025-12-22 12:45:00,152.01547861788285,synthetic
2025-12-22 12:50:00,135.41901862965318,synthetic
2025-12-22 12:55:00,282.56274724066066,synthetic
2025-12-22 13:00:00,336.0183831391349,synthetic
2025-12-22 13:05:00,316.36438428244645,synthetic
2025-12-22 13:10:00,31.78862363514505,synthetic
2025-12-22 13:15:00,70.39001805723733,synthetic
2025-12-22 13:20:00,121.11186989212545,synthetic
2025-12-22 13:25:00,248.69521197387007,synthetic
2025-12-22 13:30:00,155.69260611921624,synthetic
2025-12-22 13:35:00,220.15758537107016,synthetic
2025-12-22 13:40:00,85.71838226316527,synthetic
2025-12-22 13:45:00,492.19092547975345,synthetic
2025-12-22 13:50:00,279.21384441953336,synthetic
2025-12-22 13:55:00,386.4361905166678,synthetic
2025-12-22 14:00:00,51.6341303787331,synthetic
2025-12-22 14:05:00,93.71295622403892,synthetic
2025-12-22 14:10:00,109.3551502406816,synthetic
2025-12-22 14:15:00,111.11431927605705,synthetic
2025-12-22 14:20:00,100.49993312459104,synthetic
2025-12-22 14:25:00,69.61078453223543,synthetic
2025-12-22 14:30:00,58.59815527821622,synthetic
2025-12-22 14:35:00,44.86818428226706,synthetic
2025-12-22 14:40:00,67.7031696881259,synthetic
2025-12-22 14:45:00,289.0919786905438,synthetic
2025-12-22 14:50:00,166.87105598239535,synthetic
2025-12-22 14:55:00,77.6770531176558,synthetic
2025-12-22 15:00:00,112.6404568701113,synthetic
2025-12-22 15:05:00,66.91769403831861,synthetic
2025-12-22 15:10:00,390.6961223548477,synthetic
2025-12-22 15:15:00,61.8755375716648,synthetic
2025-12-22 15:20:00,89.78866465451158,synthetic
2025-12-22 15:25:00,362.0075245867056,synthetic
2025-12-22 15:30:00,75.36063693733942,synthetic
2025-12-22 15:35:00,69.97000984417247,synthetic
2025-12-22 15:40:00,122.09177559471334,synthetic
2025-12-22 15:45:00,123.738627209071,synthetic
2025-12-22 15:50:00,452.3388623078693,synthetic
2025-12-22 15:55:00,136.23775422315225,synthetic
2025-12-22 16:00:00,71.26509709971863,synthetic
2025-12-22 16:05:00,394.3070187266316,synthetic
2025-12-22 16:10:00,66.0108829446787,synthetic
2025-12-22 16:15:00,106.49478942800143,synthetic
2025-12-22 16:20:00,61.290516580681654,synthetic
2025-12-22 16:25:00,69.6524125858959,synthetic
2025-12-22 16:30:00,76.26571567892366,synthetic
2025-12-22 16:35:00,72.40560915417647,synthetic
2025-12-22 16:40:00,464.90960711000474,synthetic
2025-12-22 16:45:00,98.78743856491221,synthetic
2025-12-22 16:50:00,131.68853730932423,synthetic
2025-12-22 16:55:00,117.99140902574955,synthetic
2025-12-22 17:00:00,184.68664075878738,synthetic
2025-12-22 17:05:00,242.1511763171353,synthetic
2025-12-22 17:10:00,62.78506913383831,synthetic
2025-12-22 17:15:00,205.47525661260218,synthetic
2025-12-22 17:20:00,74.12446063055395,synthetic
2025-12-22 17:25:00,59.310867782723506,synthetic
2025-12-22 17:30:00,67.64815906580986,synthetic
2025-12-22 17:35:00,111.57099272186397,synthetic
2025-12-22 17:40:00,67.60590775412817,synthetic
2025-12-22 17:45:00,80.88071997057295,synthetic
2025-12-22 17:50:00,63.66279222191286,synthetic
2025-12-22 17:55:00,310.39693195882614,synthetic
2025-12-22 18:00:00,62.22207942819175,synthetic
2025-12-22 18:05:00,45.42266152671749,synthetic
2025-12-22 18:10:00,117.44686998631455,synthetic
2025-12-22 18:15:00,42.13689111750295,synthetic
2025-12-22 18:20:00,116.61828225198687,synthetic
2025-12-22 18:25:00,34.308186760701936,synthetic
2025-12-22 18:30:00,232.2379686472912,synthetic
2025-12-22 18:35:00,353.5144782359713,synthetic
2025-12-22 18:40:00,101.71976569792253,synthetic
2025-12-22 18:45:00,46.26733897550313,synthetic
2025-12-22 18:50:00,133.80275418060646,synthetic
2025-12-22 18:55:00,55.81500343977048,synthetic
2025-12-22 19:00:00,61.107016134620025,synthetic
2025-12-22 19:05:00,115.87398722443699,synthetic
2025-12-22 19:10:00,94.60028272936637,synthetic
2025-12-22 19:15:00,34.557720208648696,synthetic
2025-12-22 19:20:00,99.36757434905803,synthetic
2025-12-22 19:25:00,87.10172547060591,synthetic
2025-12-22 19:30:00,126.97686091122156,synthetic
2025-12-22 19:35:00,272.94344577370174,synthetic
2025-12-22 19:40:00,127.26932435564929,synthetic
2025-12-22 19:45:00,62.57718463576322,synthetic
2025-12-22 19:50:00,122.64369571680845,synthetic
2025-12-22 19:55:00,108.84043883517889,synthetic
2025-12-22 20:00:00,72.34352405531502,synthetic
2025-12-22 20:05:00,336.3323577630038,synthetic
2025-12-22 20:10:00,37.45968615899096,synthetic
2025-12-22 20:15:00,90.25517563077676,synthetic
2025-12-22 20:20:00,112.44332960016075,synthetic
2025-12-22 20:25:00,113.82890433083413,synthetic
2025-12-22 20:30:00,182.88546894346038,synthetic
2025-12-22 20:35:00,68.16031669647019,synthetic
2025-12-22 20:40:00,316.1328721953447,synthetic
2025-12-22 20:45:00,53.693654762222366,synthetic
2025-12-22 20:50:00,41.04912619084272,synthetic
2025-12-22 20:55:00,489.7932175710386,synthetic
2025-12-22 21:00:00,64.54319449944983,synthetic
2025-12-22 21:05:00,124.6288724926167,synthetic
2025-12-22 21:10:00,65.32005670705196,synthetic
2025-12-22 21:15:00,221.1125217956061,synthetic
2025-12-22 21:20:00,121.5501336149409,synthetic
2025-12-22 21:25:00,71.04823872605618,synthetic
2025-12-22 21:30:00,37.91165060026522,synthetic
2025-12-22 21:35:00,39.797111887983235,synthetic
2025-12-22 21:40:00,363.4562014949702,synthetic
2025-12-22 21:45:00,90.42717208007686,synthetic
2025-12-22 21:50:00,76.21607407578601,synthetic
2025-12-22 21:55:00,97.52851051365418,synthetic
2025-12-22 22:00:00,157.01267183280495,synthetic
2025-12-22 22:05:00,372.7241252340474,synthetic
2025-12-22 22:10:00,146.02554228893894,synthetic
2025-12-22 22:15:00,504.13892517795483,synthetic
2025-12-22 22:20:00,53.8763514488116,synthetic
2025-12-22 22:25:00,81.67481229760304,synthetic
2025-12-22 22:30:00,410.7908169101006,synthetic
2025-12-22 22:35:00,54.682133154445275,synthetic
2025-12-22 22:40:00,35.517309420694794,synthetic
2025-12-22 22:45:00,123.30842988877592,synthetic
2025-12-22 22:50:00,51.08867164866057,synthetic
2025-12-22 22:55:00,429.9246299508194,synthetic
2025-12-22 23:00:00,127.27799814067826,synthetic
2025-12-22 23:05:00,68.99149620367767,synthetic
2025-12-22 23:10:00,94.51011894984407,synthetic
2025-12-22 23:15:00,148.89899108519913,synthetic
2025-12-22 23:20:00,55.012196672386374,synthetic
2025-12-22 23:25:00,110.86564718343024,synthetic
2025-12-22 23:30:00,65.81759175893737,synthetic
2025-12-22 23:35:00,101.6128579953145,synthetic
2025-12-22 23:40:00,290.00325596410255,synthetic
2025-12-22 23:45:00,89.56218762647066,synthetic
2025-12-22 23:50:00,82.71804881361513,synthetic
2025-12-22 23:55:00,104.07672142413885,synthetic
2025-12-23 00:00:00,114.63176636064806,synthetic
2025-12-23 00:05:00,255.51002630816222,synthetic
2025-12-23 00:10:00,102.82266790332145,synthetic
2025-12-23 00:15:00,207.01387487601042,synthetic
2025-12-23 00:20:00,138.92615608399865,synthetic
2025-12-23 00:25:00,113.70272616219945,synthetic
2025-12-23 00:30:00,30.12399340444119,synthetic
2025-12-23 00:35:00,128.042778943268,synthetic
2025-12-23 00:40:00,66.94331018896423,synthetic
2025-12-23 00:45:00,115.04912656291802,synthetic
2025-12-23 00:50:00,64.14219748007137,synthetic
2025-12-23 00:55:00,240.0960362741521,synthetic
2025-12-23 01:00:00,76.59301348755237,synthetic
2025-12-23 01:05:00,181.5322425760775,synthetic
2025-12-23 01:10:00,79.95483311976666,synthetic
2025-12-23 01:15:00,48.37872484690403,synthetic
2025-12-23 01:20:00,88.7732555987015,synthetic
2025-12-23 01:25:00,407.0836236128917,synthetic
2025-12-23 01:30:00,102.41733194903738,synthetic
2025-12-23 01:35:00,56.71252448409001,synthetic
2025-12-23 01:40:00,46.50727826688619,synthetic
2025-12-23 01:45:00,326.087766272609,synthetic
2025-12-23 01:50:00,133.5506557646058,synthetic
2025-12-23 01:55:00,294.8526293174783,synthetic
2025-12-23 02:00:00,117.97328827641283,synthetic
2025-12-23 02:05:00,145.37789198288323,synthetic
2025-12-23 02:10:00,58.50915563590589,synthetic
2025-12-23 02:15:00,407.5936217330934,synthetic
2025-12-23 02:20:00,78.99815541874088,synthetic
2025-12-23 02:25:00,70.16926276788708,synthetic
2025-12-23 02:30:00,62.866385895363486,synthetic
2025-12-23 02:35:00,504.66965102326714,synthetic
2025-12-23 02:40:00,106.97381798880865,synthetic
2025-12-23 02:45:00,339.15167848733984,synthetic
2025-12-23 02:50:00,95.23138958969054,synthetic
2025-12-23 02:55:00,63.95246084933924,synthetic
2025-12-23 03:00:00,457.40245784558397,synthetic
2025-12-23 03:05:00,91.73872815290257,synthetic
2025-12-23 03:10:00,144.7919926965138,synthetic
2025-12-23 03:15:00,70.66239956558067,synthetic
2025-12-23 03:20:00,130.19788148779733,synthetic
2025-12-23 03:25:00,347.24746028908976,synthetic
2025-12-23 03:30:00,412.0941910679108,synthetic
2025-12-23 03:35:00,364.27921009900587,synthetic
2025-12-23 03:40:00,31.187732087093252,synthetic
2025-12-23 03:45:00,96.72965784152922,synthetic
2025-12-23 03:50:00,253.023143186891,synthetic
2025-12-23 03:55:00,43.70988751207873,synthetic
2025-12-23 04:00:00,79.19419103250813,synthetic
2025-12-23 04:05:00,109.38619622733934,synthetic
2025-12-23 04:10:00,64.14888758774715,synthetic
2025-12-23 04:15:00,64.59081218577958,synthetic
2025-12-23 04:20:00,19.32103356798889,synthetic
2025-12-23 04:25:00,87.84770825811464,synthetic
2025-12-23 04:30:00,97.40538002153804,synthetic
2025-12-23 04:35:00,68.60719195690261,synthetic
2025-12-23 04:40:00,414.986812093994,synthetic
2025-12-23 04:45:00,72.27795764374386,synthetic
2025-12-23 04:50:00,69.96049094753438,synthetic
2025-12-23 04:55:00,421.00762736529725,synthetic
2025-12-23 05:00:00,64.10568050532268,synthetic
2025-12-23 05:05:00,60.17769824405559,synthetic
2025-12-23 05:10:00,106.48186989421895,synthetic
2025-12-23 05:15:00,336.4341790264219,synthetic
2025-12-23 05:20:00,68.40188347095882,synthetic
2025-12-23 05:25:00,60.549658851054375,synthetic
2025-12-23 05:30:00,361.1705095634462,synthetic
2025-12-23 05:35:00,65.44180248170882,synthetic
2025-12-23 05:40:00,23.660468369513467,synthetic
2025-12-23 05:45:00,80.95133792980165,synthetic
2025-12-23 05:50:00,293.6212389366258,synthetic
2025-12-23 05:55:00,91.7234072502859,synthetic
2025-12-23 06:00:00,194.4253167109137,synthetic
2025-12-23 06:05:00,46.5439290942127,synthetic
2025-12-23 06:10:00,270.25193362259427,synthetic
2025-12-23 06:15:00,318.02197904332365,synthetic
2025-12-23 06:20:00,66.74332209696092,synthetic
2025-12-23 06:25:00,64.96028748220955,synthetic
2025-12-23 06:30:00,88.31242508098438,synthetic
2025-12-23 06:35:00,464.92437346128213,synthetic
2025-12-23 06:40:00,108.13724911214261,synthetic
2025-12-23 06:45:00,137.04714741361065,synthetic
2025-12-23 06:50:00,62.355371692596066,synthetic
2025-12-23 06:55:00,59.22964665419603,synthetic
2025-12-23 07:00:00,432.1069446219548,synthetic
2025-12-23 07:05:00,491.19240682231117,synthetic
2025-12-23 07:10:00,34.06579786125321,synthetic
2025-12-23 07:15:00,75.00834921336973,synthetic
2025-12-23 07:20:00,61.25710209184568,synthetic
2025-12-23 07:25:00,183.66248323446786,synthetic
2025-12-23 07:30:00,137.09307213822424,synthetic
2025-12-23 07:35:00,59.77838128626266,synthetic
2025-12-23 07:40:00,105.64026046366435,synthetic
2025-12-23 07:45:00,100.9879676003297,synthetic
2025-12-23 07:50:00,67.95389888569859,synthetic
2025-12-23 07:55:00,170.4974028212761,synthetic
2025-12-23 08:00:00,175.54303749271875,synthetic
2025-12-23 08:05:00,68.74819434655996,synthetic
2025-12-23 08:10:00,111.17708453964954,synthetic
2025-12-23 08:15:00,38.50183912555498,synthetic
2025-12-23 08:20:00,66.55759709772276,synthetic
2025-12-23 08:25:00,67.42420756667069,synthetic
2025-12-23 08:30:00,103.62932734098769,synthetic
2025-12-23 08:35:00,51.72275817194827,synthetic
2025-12-23 08:40:00,456.6381925375191,synthetic
2025-12-23 08:45:00,55.85238702617586,synthetic
2025-12-23 08:50:00,116.3666265103006,synthetic
2025-12-23 08:55:00,79.20249073229402,synthetic
2025-12-23 09:00:00,369.4832885726238,synthetic
2025-12-23 09:05:00,412.99103221826897,synthetic
2025-12-23 09:10:00,48.69843437625016,synthetic
2025-12-23 09:15:00,67.06155288827856,synthetic
2025-12-23 09:20:00,251.48389077507468,synthetic
2025-12-23 09:25:00,42.648769410590454,synthetic
2025-12-23 09:30:00,112.81651494499046,synthetic
2025-12-23 09:35:00,92.30289278373,synthetic
2025-12-23 09:40:00,74.09257394300776,synthetic
2025-12-23 09:45:00,217.5228315220603,synthetic
2025-12-23 09:50:00,72.23312664875041,synthetic
2025-12-23 09:55:00,70.42264755660604,synthetic
2025-12-23 10:00:00,71.26291352803368,synthetic
2025-12-23 10:05:00,116.24613743789187,synthetic
2025-12-23 10:10:00,76.83376277903415,synthetic
2025-12-23 10:15:00,97.02655218314322,synthetic
2025-12-23 10:20:00,49.71789070177491,synthetic
2025-12-23 10:25:00,95.36057868116676,synthetic
2025-12-23 10:30:00,277.2155704306131,synthetic
2025-12-23 10:35:00,101.87322956276594,synthetic
2025-12-23 10:40:00,486.8315725296332,synthetic
2025-12-23 10:45:00,348.84914034016697,synthetic
2025-12-23 10:50:00,80.02352382981506,synthetic
2025-12-23 10:55:00,70.29223311567092,synthetic
2025-12-23 11:00:00,59.67925398499857,synthetic
2025-12-23 11:05:00,42.610009944181805,synthetic
2025-12-23 11:10:00,108.84133068083065,synthetic
2025-12-23 11:15:00,72.46543680422917,synthetic
2025-12-23 11:20:00,41.827759783440406,synthetic
2025-12-23 11:25:00,187.52792226109227,synthetic
2025-12-23 11:30:00,78.53241040363511,synthetic
2025-12-23 11:35:00,110.22579630153392,synthetic
2025-12-23 11:40:00,116.38477272547347,synthetic
2025-12-23 11:45:00,173.8282095841351,synthetic
2025-12-23 11:50:00,80.14404908385842,synthetic
2025-12-23 11:55:00,53.73930163776666,synthetic
2025-12-23 12:00:00,94.5720989729032,synthetic
2025-12-23 12:05:00,104.9406135377003,synthetic
2025-12-23 12:10:00,75.11524037123559,synthetic
2025-12-23 12:15:00,127.7285729410691,synthetic
2025-12-23 12:20:00,200.72124057612734,synthetic
2025-12-23 12:25:00,332.5193859465515,synthetic
2025-12-23 12:30:00,65.03214347071186,synthetic
2025-12-23 12:35:00,100.91424316054581,synthetic
2025-12-23 12:40:00,356.12894285233733,synthetic
2025-12-23 12:45:00,120.41758366491096,synthetic
2025-12-23 12:50:00,113.1004404411867,synthetic
2025-12-23 12:55:00,29.94994104000482,synthetic
2025-12-23 13:00:00,37.278098386278884,synthetic
2025-12-23 13:05:00,86.08300412965113,synthetic
2025-12-23 13:10:00,110.96577714053365,synthetic
2025-12-23 13:15:00,160.65781910566812,synthetic
2025-12-23 13:20:00,96.66408388895987,synthetic
2025-12-23 13:25:00,56.30014002032464,synthetic
2025-12-23 13:30:00,91.95655595888095,synthetic
2025-12-23 13:35:00,109.6584467031602,synthetic
2025-12-23 13:40:00,77.44411218999171,synthetic
2025-12-23 13:45:00,268.5796983304627,synthetic
2025-12-23 13:50:00,40.874177051019124,synthetic
2025-12-23 13:55:00,324.34182856543174,synthetic
2025-12-23 14:00:00,63.296485897352085,synthetic
2025-12-23 14:05:00,32.4023756139017,synthetic
2025-12-23 14:10:00,286.52858483981623,synthetic
2025-12-23 14:15:00,94.72526048239278,synthetic
2025-12-23 14:20:00,40.8569429769803,synthetic
2025-12-23 14:25:00,59.139544827860576,synthetic
2025-12-23 14:30:00,62.92542510118105,synthetic
2025-12-23 14:35:00,148.5592477406706,synthetic
2025-12-23 14:40:00,121.68010659132955,synthetic
2025-12-23 14:45:00,71.83991654863112,synthetic
2025-12-23 14:50:00,369.82885840529366,synthetic
2025-12-23 14:55:00,260.0633808806923,synthetic
2025-12-23 15:00:00,79.33976086484385,synthetic
2025-12-23 15:05:00,122.28597296021418,synthetic
2025-12-23 15:10:00,82.00349823907065,synthetic
2025-12-23 15:15:00,103.43368789629135,synthetic
2025-12-23 15:20:00,75.106451336071,synthetic
2025-12-23 15:25:00,225.38578861985593,synthetic
2025-12-23 15:30:00,416.43187314110725,synthetic
2025-12-23 15:35:00,80.78991158749189,synthetic
2025-12-23 15:40:00,294.0782462537159,synthetic
2025-12-23 15:45:00,69.34294305764021,synthetic
2025-12-23 15:50:00,139.28918222575467,synthetic
2025-12-23 15:55:00,152.63059070248357,synthetic
2025-12-23 16:00:00,68.95310920823734,synthetic
2025-12-23 16:05:00,25.452531064962603,synthetic
2025-12-23 16:10:00,56.81890270840312,synthetic
2025-12-23 16:15:00,117.63615883188595,synthetic
2025-12-23 16:20:00,123.41457741868582,synthetic
2025-12-23 16:25:00,58.00027142488737,synthetic
2025-12-23 16:30:00,70.67987756752152,synthetic
2025-12-23 16:35:00,102.65958755801641,synthetic
2025-12-23 16:40:00,118.83786191610511,synthetic
2025-12-23 16:45:00,73.21901628744514,synthetic
2025-12-23 16:50:00,165.855009874357,synthetic
2025-12-23 16:55:00,49.01143677458888,synthetic
2025-12-23 17:00:00,101.56666659519237,synthetic
2025-12-23 17:05:00,176.59664230511032,synthetic
2025-12-23 17:10:00,176.90361148177337,synthetic
2025-12-23 17:15:00,184.9159457097205,synthetic
2025-12-23 17:20:00,78.60801252146932,synthetic
2025-12-23 17:25:00,50.59010686414853,synthetic
2025-12-23 17:30:00,81.37659713504503,synthetic
2025-12-23 17:35:00,107.19227637447995,synthetic
2025-12-23 17:40:00,131.0778001231349,synthetic
2025-12-23 17:45:00,76.40644290358944,synthetic
2025-12-23 17:50:00,99.59445527703888,synthetic
2025-12-23 17:55:00,98.25196390253855,synthetic
2025-12-23 18:00:00,91.63821872362955,synthetic
2025-12-23 18:05:00,69.8357170106295,synthetic
2025-12-23 18:10:00,66.79354051352894,synthetic
2025-12-23 18:15:00,41.256801359635304,synthetic
2025-12-23 18:20:00,84.79307765377932,synthetic
2025-12-23 18:25:00,109.64170076147221,synthetic
2025-12-23 18:30:00,131.72213695969268,synthetic
2025-12-23 18:35:00,238.78490456932542,synthetic
2025-12-23 18:40:00,107.42819178849987,synthetic
2025-12-23 18:45:00,161.92047112837477,synthetic
2025-12-23 18:50:00,234.2448578545355,synthetic
2025-12-23 18:55:00,96.24147204466365,synthetic
2025-12-23 19:00:00,83.3000518430596,synthetic
2025-12-23 19:05:00,85.99118614659147,synthetic
2025-12-23 19:10:00,39.780119431852206,synthetic
2025-12-23 19:15:00,56.87520745132118,synthetic
2025-12-23 19:20:00,98.84939751598455,synthetic
2025-12-23 19:25:00,97.113639625795,synthetic
2025-12-23 19:30:00,454.8154315001193,synthetic
2025-12-23 19:35:00,104.27880091044695,synthetic
2025-12-23 19:40:00,38.045875175440614,synthetic
2025-12-23 19:45:00,82.24507925519445,synthetic
2025-12-23 19:50:00,64.68983951143777,synthetic
2025-12-23 19:55:00,85.0912397370941,synthetic
2025-12-23 20:00:00,83.78027084033242,synthetic
2025-12-23 20:05:00,336.55551751833065,synthetic
2025-12-23 20:10:00,51.427744849367734,synthetic
2025-12-23 20:15:00,403.25891345013525,synthetic
2025-12-23 20:20:00,58.849502693681536,synthetic
2025-12-23 20:25:00,67.23995069788745,synthetic
2025-12-23 20:30:00,70.92119362391793,synthetic
2025-12-23 20:35:00,258.6271039186755,synthetic
2025-12-23 20:40:00,254.43261308640928,synthetic
2025-12-23 20:45:00,80.27371632242954,synthetic
2025-12-23 20:50:00,113.33106087876041,synthetic
2025-12-23 20:55:00,97.4293150352288,synthetic
2025-12-23 21:00:00,73.84066587058884,synthetic
2025-12-23 21:05:00,60.71695855494321,synthetic
2025-12-23 21:10:00,118.37615614493593,synthetic
2025-12-23 21:15:00,75.13978213861968,synthetic
2025-12-23 21:20:00,264.12243865217266,synthetic
2025-12-23 21:25:00,72.37663248863441,synthetic
2025-12-23 21:30:00,116.03256238932144,synthetic
2025-12-23 21:35:00,36.531893424193086,synthetic
2025-12-23 21:40:00,65.9254654725388,synthetic
2025-12-23 21:45:00,50.76009716110761,synthetic
2025-12-23 21:50:00,38.889254751391405,synthetic
2025-12-23 21:55:00,250.98295825870758,synthetic
2025-12-23 22:00:00,71.50185714310294,synthetic
2025-12-23 22:05:00,66.4274092868271,synthetic
2025-12-23 22:10:00,71.63349724267869,synthetic
2025-12-23 22:15:00,437.3135555378384,synthetic
2025-12-23 22:20:00,111.58902342345078,synthetic
2025-12-23 22:25:00,67.48673746778104,synthetic
2025-12-23 22:30:00,62.38889638157764,synthetic
2025-12-23 22:35:00,93.22913510189628,synthetic
2025-12-23 22:40:00,64.87594719387633,synthetic
2025-12-23 22:45:00,94.45578225806165,synthetic
2025-12-23 22:50:00,77.97394708188557,synthetic
2025-12-23 22:55:00,110.88219958530996,synthetic
2025-12-23 23:00:00,56.72930161268789,synthetic
2025-12-23 23:05:00,90.82494948237897,synthetic
2025-12-23 23:10:00,98.93366128688858,synthetic
2025-12-23 23:15:00,80.54489018175337,synthetic
2025-12-23 23:20:00,71.89829750605148,synthetic
2025-12-23 23:25:00,116.97022301461614,synthetic
2025-12-23 23:30:00,191.73734093546875,synthetic
2025-12-23 23:35:00,209.2102412252799,synthetic
2025-12-23 23:40:00,136.3299808567396,synthetic
2025-12-23 23:45:00,60.636192411277705,synthetic
2025-12-23 23:50:00,32.79131042162367,synthetic
2025-12-23 23:55:00,334.00021111211936,synthetic
2025-12-24 00:00:00,32.843020899200845,synthetic
2025-12-24 00:05:00,195.78279349584867,synthetic
2025-12-24 00:10:00,408.01108831754544,synthetic
2025-12-24 00:15:00,68.98793118195924,synthetic
2025-12-24 00:20:00,102.13833333333332,real
2025-12-24 00:25:00,99.74888888888887,real
2025-12-24 00:30:00,97.35944444444443,real
2025-12-24 00:35:00,94.96999999999998,real
2025-12-24 00:40:00,106.54055555555554,real
2025-12-24 00:45:00,118.11111111111111,real
2025-12-24 00:50:00,129.68166666666667,real
2025-12-24 00:55:00,117.22333333333334,real
2025-12-24 01:00:00,104.765,real
2025-12-24 01:05:00,92.30666666666667,real
2025-12-24 01:10:00,105.53444444444445,real
2025-12-24 01:15:00,118.76222222222223,real
2025-12-24 01:20:00,131.99,real
2025-12-24 01:25:00,121.82666666666667,real
2025-12-24 01:30:00,111.66333333333334,real
2025-12-24 01:35:00,101.5,real
2025-12-24 01:40:00,123.01055555555556,real
2025-12-24 01:45:00,144.5211111111111,real
2025-12-24 01:50:00,166.03166666666667,real
2025-12-24 01:55:00,143.1172222222222,real
2025-12-24 02:00:00,120.20277777777778,real
2025-12-24 02:05:00,97.28833333333334,real
2025-12-24 02:10:00,111.48444444444445,real
2025-12-24 02:15:00,125.68055555555556,real
2025-12-24 02:20:00,139.87666666666667,real
2025-12-24 02:25:00,132.99833333333333,real
2025-12-24 02:30:00,126.12,real
2025-12-24 02:35:00,119.24166666666667,real
2025-12-24 02:40:00,117.22333333333334,real
2025-12-24 02:45:00,115.205,real
2025-12-24 02:50:00,113.18666666666667,real
2025-12-24 02:55:00,129.82944444444445,real
2025-12-24 03:00:00,146.47222222222223,real
2025-12-24 03:05:00,163.11499999999998,real
2025-12-24 03:10:00,149.375,real
2025-12-24 03:15:00,135.635,real
2025-12-24 03:20:00,121.895,real
2025-12-24 03:25:00,125.45166666666667,real
2025-12-24 03:30:00,129.00833333333335,real
2025-12-24 03:35:00,132.56500000000003,real
2025-12-24 03:40:00,115.30611111111114,real
2025-12-24 03:45:00,98.04722222222225,real
2025-12-24 03:50:00,80.78833333333334,real
2025-12-24 03:55:00,98.69444444444444,real
2025-12-24 04:00:00,116.60055555555556,real
2025-12-24 04:05:00,134.50666666666666,real
2025-12-24 04:10:00,130.15277777777777,real
2025-12-24 04:15:00,125.7988888888889,real
2025-12-24 04:20:00,121.44500000000001,real
2025-12-24 04:25:00,142.25611111111112,real
2025-12-24 04:30:00,163.06722222222223,real
2025-12-24 04:35:00,183.87833333333333,real
2025-12-24 04:40:00,148.45555555555555,real
2025-12-24 04:45:00,113.03277777777778,real
2025-12-24 04:50:00,77.61,real
2025-12-24 04:55:00,84.50944444444444,real
2025-12-24 05:00:00,91.4088888888889,real
2025-12-24 05:05:00,98.30833333333334,real
2025-12-24 05:10:00,114.02,real
2025-12-24 05:15:00,129.73166666666665,real
2025-12-24 05:20:00,145.44333333333333,real
2025-12-24 05:25:00,133.08555555555554,real
2025-12-24 05:30:00,120.72777777777779,real
2025-12-24 05:35:00,108.37,real
2025-12-24 05:40:00,114.76277777777779,real
2025-12-24 05:45:00,121.15555555555555,real
2025-12-24 05:50:00,127.54833333333333,real
2025-12-24 05:55:00,128.59666666666666,real
2025-12-24 06:00:00,129.64499999999998,real
2025-12-24 06:05:00,130.69333333333333,real
2025-12-24 06:10:00,142.00666666666666,real
2025-12-24 06:15:00,153.32000000000002,real
2025-12-24 06:20:00,164.63333333333335,real
2025-12-24 06:25:00,158.85777777777778,real
2025-12-24 06:30:00,153.08222222222224,real
2025-12-24 06:35:00,147.30666666666667,real
2025-12-24 06:40:00,146.9961111111111,real
2025-12-24 06:45:00,146.68555555555557,real
2025-12-24 06:50:00,146.375,real
2025-12-24 06:55:00,140.91444444444446,real
2025-12-24 07:00:00,135.45388888888888,real
2025-12-24 07:05:00,129.99333333333334,real
2025-12-24 07:10:00,132.53555555555556,real
2025-12-24 07:15:00,135.07777777777778,real
2025-12-24 07:20:00,137.62,real
2025-12-24 07:25:00,123.405,real
2025-12-24 07:30:00,109.19,real
2025-12-24 07:35:00,94.97500000000001,real
2025-12-24 07:40:00,122.56611111111111,real
2025-12-24 07:45:00,150.15722222222223,real
2025-12-24 07:50:00,177.74833333333333,real
2025-12-24 07:55:00,361.6644444444444,real
2025-12-24 08:00:00,545.5805555555555,real
2025-12-24 08:05:00,729.4966666666666,real
2025-12-24 08:10:00,713.3516666666666,real
2025-12-24 08:15:00,697.2066666666666,real
2025-12-24 08:20:00,681.0616666666666,real
2025-12-24 08:25:00,687.9572222222222,real
2025-12-24 08:30:00,694.8527777777778,real
2025-12-24 08:35:00,701.7483333333333,real
2025-12-24 08:40:00,684.285,real
2025-12-24 08:45:00,666.8216666666667,real
2025-12-24 08:50:00,649.3583333333333,real
2025-12-24 08:55:00,609.7066666666667,real
2025-12-24 09:00:00,570.055,real
2025-12-24 09:05:00,530.4033333333333,real
2025-12-24 09:10:00,579.3238888888889,real
2025-12-24 09:15:00,628.2444444444444,real
2025-12-24 09:20:00,677.165,real
2025-12-24 09:25:00,670.9077777777777,real
2025-12-24 09:30:00,664.6505555555556,real
2025-12-24 09:35:00,658.3933333333333,real
2025-12-24 09:40:00,648.39,real
2025-12-24 09:45:00,638.3866666666667,real
2025-12-24 09:50:00,628.3833333333333,real
2025-12-24 09:55:00,608.86,real
2025-12-24 10:00:00,589.3366666666667,real
2025-12-24 10:05:00,569.8133333333334,real
2025-12-24 10:10:00,576.593888888889,real
2025-12-24 10:15:00,583.3744444444444,real
2025-12-24 10:20:00,590.155,real
2025-12-24 10:25:00,611.1366666666667,real
2025-12-24 10:30:00,632.1183333333333,real
2025-12-24 10:35:00,653.1,real
2025-12-24 10:40:00,635.1605555555556,real
2025-12-24 10:45:00,617.2211111111111,real
2025-12-24 10:50:00,599.2816666666666,real
2025-12-24 10:55:00,644.0794444444444,real
2025-12-24 11:00:00,688.8772222222223,real
2025-12-24 11:05:00,733.6750000000001,real
2025-12-24 11:10:00,710.4683333333334,real
2025-12-24 11:15:00,687.2616666666667,real
2025-12-24 11:20:00,664.055,real
2025-12-24 11:25:00,677.6899999999999,real
2025-12-24 11:30:00,691.325,real
2025-12-24 11:35:00,704.96,real
2025-12-24 11:40:00,625.6494444444445,real
2025-12-24 11:45:00,546.338888888889,real
2025-12-24 11:50:00,467.02833333333336,real
2025-12-24 11:55:00,383.72777777777776,real
2025-12-24 12:00:00,300.4272222222222,real
2025-12-24 12:05:00,217.12666666666667,real
2025-12-24 12:10:00,244.59833333333333,real
2025-12-24 12:15:00,272.07,real
2025-12-24 12:20:00,299.5416666666667,real
2025-12-24 12:25:00,276.6988888888889,real
2025-12-24 12:30:00,253.85611111111112,real
2025-12-24 12:35:00,231.01333333333332,real
2025-12-24 12:40:00,231.63555555555556,real
2025-12-24 12:45:00,232.25777777777776,real
2025-12-24 12:50:00,232.88,real
2025-12-24 12:55:00,265.6333333333333,real
2025-12-24 13:00:00,298.38666666666666,real
2025-12-24 13:05:00,331.14,real
2025-12-24 13:10:00,324.705,real
2025-12-24 13:15:00,318.27,real
2025-12-24 13:20:00,311.835,real
2025-12-24 13:25:00,312.5572222222222,real
2025-12-24 13:30:00,313.27944444444444,real
2025-12-24 13:35:00,314.00166666666667,real
2025-12-24 13:40:00,304.9144444444444,real
2025-12-24 13:45:00,295.82722222222225,real
2025-12-24 13:50:00,286.74,real
2025-12-24 13:55:00,391.12944444444446,real
2025-12-24 14:00:00,495.5188888888889,real
2025-12-24 14:05:00,599.9083333333333,real
2025-12-24 14:10:00,608.0516666666666,real
2025-12-24 14:15:00,616.1949999999999,real
2025-12-24 14:20:00,624.3383333333333,real
2025-12-24 14:25:00,639.6644444444444,real
2025-12-24 14:30:00,654.9905555555556,real
2025-12-24 14:35:00,670.3166666666667,real
2025-12-24 14:40:00,621.7650000000001,real
2025-12-24 14:45:00,573.2133333333334,real
2025-12-24 14:50:00,524.6616666666667,real
2025-12-24 14:55:00,576.0066666666667,real
2025-12-24 15:00:00,627.3516666666667,real
2025-12-24 15:05:00,678.6966666666666,real
2025-12-24 15:10:00,645.5711111111111,real
2025-12-24 15:15:00,612.4455555555555,real
2025-12-24 15:20:00,579.32,real
2025-12-24 15:25:00,589.8061111111111,real
2025-12-24 15:30:00,600.2922222222222,real
2025-12-24 15:35:00,610.7783333333333,real
2025-12-24 15:40:00,616.4544444444444,real
2025-12-24 15:45:00,622.1305555555555,real
2025-12-24 15:50:00,627.8066666666666,real
2025-12-24 15:55:00,624.6094444444444,real
2025-12-24 16:00:00,621.4122222222222,real
2025-12-24 16:05:00,618.215,real
2025-12-24 16:10:00,648.3572222222223,real
2025-12-24 16:15:00,678.4994444444445,real
2025-12-24 16:20:00,708.6416666666668,real
2025-12-24 16:25:00,680.7750000000001,real
2025-12-24 16:30:00,652.9083333333333,real
2025-12-24 16:35:00,625.0416666666666,real
2025-12-24 16:40:00,604.7338888888888,real
2025-12-24 16:45:00,584.4261111111111,real
2025-12-24 16:50:00,564.1183333333333,real
2025-12-24 16:55:00,598.2683333333333,real
2025-12-24 17:00:00,632.4183333333333,real
2025-12-24 17:05:00,666.5683333333333,real
2025-12-24 17:10:00,648.895,real
2025-12-24 17:15:00,631.2216666666666,real
2025-12-24 17:20:00,613.5483333333333,real
2025-12-24 17:25:00,581.4461111111111,real
2025-12-24 17:30:00,549.3438888888888,real
2025-12-24 17:35:00,517.2416666666667,real
2025-12-24 17:40:00,552.2611111111112,real
2025-12-24 17:45:00,587.2805555555556,real
2025-12-24 17:50:00,622.3000000000001,real
2025-12-24 17:55:00,597.0672222222223,real
2025-12-24 18:00:00,571.8344444444444,real
2025-12-24 18:05:00,546.6016666666667,real
2025-12-24 18:10:00,489.0705555555556,real
2025-12-24 18:15:00,431.5394444444445,real
2025-12-24 18:20:00,374.0083333333334,real
2025-12-24 18:25:00,408.0688888888889,real
2025-12-24 18:30:00,442.12944444444446,real
2025-12-24 18:35:00,476.19,real
2025-12-24 18:40:00,485.65944444444443,real
2025-12-24 18:45:00,495.1288888888889,real
2025-12-24 18:50:00,504.59833333333336,real
2025-12-24 18:55:00,497.8544444444444,real
2025-12-24 19:00:00,491.11055555555555,real
2025-12-24 19:05:00,484.3666666666666,real
2025-12-24 19:10:00,496.9644444444444,real
2025-12-24 19:15:00,509.5622222222222,real
2025-12-24 19:20:00,522.16,real
2025-12-24 19:25:00,524.905,real
2025-12-24 19:30:00,527.65,real
2025-12-24 19:35:00,530.395,real
2025-12-24 19:40:00,507.8877777777778,real
2025-12-24 19:45:00,485.3805555555556,real
2025-12-24 19:50:00,462.8733333333334,real
2025-12-24 19:55:00,351.9705555555556,real
2025-12-24 20:00:00,241.06777777777782,real
2025-12-24 20:05:00,130.165,real
2025-12-24 20:10:00,125.61388888888888,real
2025-12-24 20:15:00,121.06277777777778,real
2025-12-24 20:20:00,116.51166666666667,real
2025-12-24 20:25:00,101.7488888888889,real
2025-12-24 20:30:00,86.98611111111111,real
2025-12-24 20:35:00,72.22333333333334,real
2025-12-24 20:40:00,92.01055555555557,real
2025-12-24 20:45:00,111.79777777777778,real
2025-12-24 20:50:00,131.585,real
2025-12-24 20:55:00,123.66111111111111,real
2025-12-24 21:00:00,115.73722222222223,real
2025-12-24 21:05:00,107.81333333333333,real
2025-12-24 21:10:00,125.66388888888889,real
2025-12-24 21:15:00,143.51444444444445,real
2025-12-24 21:20:00,161.365,real
2025-12-24 21:25:00,163.92222222222222,real
2025-12-24 21:30:00,166.47944444444445,real
2025-12-24 21:35:00,169.03666666666666,real
2025-12-24 21:40:00,153.435,real
2025-12-24 21:45:00,137.83333333333334,real
2025-12-24 21:50:00,122.23166666666667,real
2025-12-24 21:55:00,123.39277777777778,real
2025-12-24 22:00:00,124.55388888888888,real
2025-12-24 22:05:00,125.71499999999999,real
2025-12-24 22:10:00,131.00722222222223,real
2025-12-24 22:15:00,136.29944444444445,real
2025-12-24 22:20:00,141.59166666666667,real
2025-12-24 22:25:00,151.36277777777778,real
2025-12-24 22:30:00,161.1338888888889,real
2025-12-24 22:35:00,170.905,real
2025-12-24 22:40:00,161.85722222222222,real
2025-12-24 22:45:00,152.80944444444447,real
2025-12-24 22:50:00,143.76166666666668,real
2025-12-24 22:55:00,123.99555555555557,real
2025-12-24 23:00:00,104.22944444444444,real
2025-12-24 23:05:00,84.46333333333332,real
2025-12-24 23:10:00,97.42333333333333,real
2025-12-24 23:15:00,110.38333333333334,real
2025-12-24 23:20:00,123.34333333333335,real
2025-12-24 23:25:00,128.07833333333335,real
2025-12-24 23:30:00,132.81333333333333,real
2025-12-24 23:35:00,137.54833333333332,real
2025-12-24 23:40:00,146.9033333333333,real
2025-12-24 23:45:00,156.25833333333333,real
2025-12-24 23:50:00,165.61333333333332,real
2025-12-24 23:55:00,173.48499999999999,real
2025-12-25 00:00:00,181.35666666666668,real
2025-12-25 00:05:00,189.22833333333335,real
2025-12-25 00:10:00,176.48611111111111,real
2025-12-25 00:15:00,163.7438888888889,real
2025-12-25 00:20:00,151.00166666666667,real
2025-12-25 00:25:00,154.64444444444445,real
2025-12-25 00:30:00,158.28722222222223,real
2025-12-25 00:35:00,161.93,real
2025-12-25 00:40:00,130.69555555555556,real
2025-12-25 00:45:00,99.46111111111112,real
2025-12-25 00:50:00,68.22666666666667,real
2025-12-25 00:55:00,100.68333333333334,real
2025-12-25 01:00:00,133.14,real
2025-12-25 01:05:00,165.59666666666666,real
2025-12-25 01:10:00,154.9922222222222,real
2025-12-25 01:15:00,144.38777777777779,real
2025-12-25 01:20:00,133.78333333333333,real
2025-12-25 01:25:00,138.875,real
2025-12-25 01:30:00,143.96666666666667,real
2025-12-25 01:35:00,149.05833333333334,real
2025-12-25 01:40:00,166.69222222222223,real
2025-12-25 01:45:00,184.32611111111112,real
2025-12-25 01:50:00,201.96,real
2025-12-25 01:55:00,189.59611111111113,real
2025-12-25 02:00:00,177.23222222222222,real
2025-12-25 02:05:00,164.86833333333334,real
2025-12-25 02:10:00,150.7811111111111,real
2025-12-25 02:15:00,136.6938888888889,real
2025-12-25 02:20:00,122.60666666666667,real
2025-12-25 02:25:00,118.69611111111111,real
2025-12-25 02:30:00,114.78555555555556,real
2025-12-25 02:35:00,110.875,real
2025-12-25 02:40:00,108.23444444444445,real
2025-12-25 02:45:00,105.59388888888888,real
2025-12-25 02:50:00,102.95333333333333,real
2025-12-25 02:55:00,122.98055555555555,real
2025-12-25 03:00:00,143.0077777777778,real
2025-12-25 03:05:00,163.035,real
2025-12-25 03:10:00,155.13777777777779,real
2025-12-25 03:15:00,147.24055555555555,real
2025-12-25 03:20:00,139.34333333333333,real
2025-12-25 03:25:00,130.32,real
2025-12-25 03:30:00,121.29666666666667,real
2025-12-25 03:35:00,112.27333333333333,real
2025-12-25 03:40:00,108.20888888888888,real
2025-12-25 03:45:00,104.14444444444445,real
2025-12-25 03:50:00,100.08,real
2025-12-25 03:55:00,116.71277777777779,real
2025-12-25 04:00:00,133.34555555555556,real
2025-12-25 04:05:00,149.97833333333335,real
2025-12-25 04:10:00,141.32000000000002,real
2025-12-25 04:15:00,132.66166666666666,real
2025-12-25 04:20:00,124.00333333333333,real
2025-12-25 04:25:00,146.59166666666667,real
2025-12-25 04:30:00,169.17999999999998,real
2025-12-25 04:35:00,191.76833333333332,real
2025-12-25 04:40:00,167.79999999999998,real
2025-12-25 04:45:00,143.83166666666665,real
2025-12-25 04:50:00,119.86333333333333,real
2025-12-25 04:55:00,120.045,real
2025-12-25 05:00:00,120.22666666666667,real
2025-12-25 05:05:00,120.40833333333335,real
2025-12-25 05:10:00,132.43555555555557,real
2025-12-25 05:15:00,144.46277777777777,real
2025-12-25 05:20:00,156.49,real
2025-12-25 05:25:00,144.22944444444445,real
2025-12-25 05:30:00,131.9688888888889,real
2025-12-25 05:35:00,119.70833333333333,real
2025-12-25 05:40:00,117.34944444444444,real
2025-12-25 05:45:00,114.99055555555555,real
2025-12-25 05:50:00,112.63166666666666,real
2025-12-25 05:55:00,135.06166666666667,real
2025-12-25 06:00:00,157.49166666666665,real
2025-12-25 06:05:00,179.92166666666665,real
2025-12-25 06:10:00,157.97222222222223,real
2025-12-25 06:15:00,136.02277777777778,real
2025-12-25 06:20:00,114.07333333333334,real
2025-12-25 06:25:00,102.77166666666668,real
2025-12-25 06:30:00,91.47,real
2025-12-25 06:35:00,80.16833333333334,real
2025-12-25 06:40:00,86.55,real
2025-12-25 06:45:00,92.93166666666667,real
2025-12-25 06:50:00,99.31333333333333,real
2025-12-25 06:55:00,93.50722222222223,real
2025-12-25 07:00:00,87.7011111111111,real
2025-12-25 07:05:00,81.895,real
2025-12-25 07:10:00,114.21777777777777,real
2025-12-25 07:15:00,146.54055555555556,real
2025-12-25 07:20:00,178.86333333333334,real
2025-12-25 07:25:00,142.7511111111111,real
2025-12-25 07:30:00,106.63888888888887,real
2025-12-25 07:35:00,70.52666666666666,real
2025-12-25 07:40:00,84.04888888888888,real
2025-12-25 07:45:00,97.5711111111111,real
2025-12-25 07:50:00,111.09333333333332,real
2025-12-25 07:55:00,283.8588888888889,real
2025-12-25 08:00:00,456.6244444444444,real
2025-12-25 08:05:00,629.39,real
2025-12-25 08:10:00,625.1861111111111,real
2025-12-25 08:15:00,620.9822222222222,real
2025-12-25 08:20:00,616.7783333333333,real
2025-12-25 08:25:00,634.9705555555555,real
2025-12-25 08:30:00,653.1627777777778,real
2025-12-25 08:35:00,671.355,real
2025-12-25 08:40:00,617.3733333333333,real
2025-12-25 08:45:00,563.3916666666667,real
2025-12-25 08:50:00,509.41,real
2025-12-25 08:55:00,585.8972222222222,real
2025-12-25 09:00:00,662.3844444444445,real
2025-12-25 09:05:00,738.8716666666668,real
2025-12-25 09:10:00,705.4727777777779,real
2025-12-25 09:15:00,672.073888888889,real
2025-12-25 09:20:00,638.6750000000001,real
2025-12-25 09:25:00,664.0311111111112,real
2025-12-25 09:30:00,689.3872222222222,real
2025-12-25 09:35:00,714.7433333333333,real
2025-12-25 09:40:00,664.0744444444445,real
2025-12-25 09:45:00,613.4055555555556,real
2025-12-25 09:50:00,562.7366666666667,real
2025-12-25 09:55:00,598.7477777777777,real
2025-12-25 10:00:00,634.7588888888889,real
2025-12-25 10:05:00,670.77,real
2025-12-25 10:10:00,657.2072222222222,real
2025-12-25 10:15:00,643.6444444444444,real
2025-12-25 10:20:00,630.0816666666666,real
2025-12-25 10:25:00,638.1627777777777,real
2025-12-25 10:30:00,646.2438888888888,real
2025-12-25 10:35:00,654.3249999999999,real
2025-12-25 10:40:00,650.9272222222222,real
2025-12-25 10:45:00,647.5294444444444,real
2025-12-25 10:50:00,644.1316666666667,real
2025-12-25 10:55:00,691.8888888888889,real
2025-12-25 11:00:00,739.646111111111,real
2025-12-25 11:05:00,787.4033333333333,real
2025-12-25 11:10:00,748.8211111111111,real
2025-12-25 11:15:00,710.2388888888888,real
2025-12-25 11:20:00,671.6566666666666,real
2025-12-25 11:25:00,676.3855555555556,real
2025-12-25 11:30:00,681.1144444444444,real
2025-12-25 11:35:00,685.8433333333334,real
2025-12-25 11:40:00,655.0444444444445,real
2025-12-25 11:45:00,624.2455555555555,real
2025-12-25 11:50:00,593.4466666666666,real
2025-12-25 11:55:00,475.83944444444444,real
2025-12-25 12:00:00,358.2322222222222,real
2025-12-25 12:05:00,240.625,real
2025-12-25 12:10:00,264.3305555555556,real
2025-12-25 12:15:00,288.0361111111111,real
2025-12-25 12:20:00,311.7416666666667,real
2025-12-25 12:25:00,297.87611111111113,real
2025-12-25 12:30:00,284.0105555555555,real
2025-12-25 12:35:00,270.145,real
2025-12-25 12:40:00,244.36166666666665,real
2025-12-25 12:45:00,218.57833333333332,real
2025-12-25 12:50:00,192.795,real
2025-12-25 12:55:00,212.06777777777776,real
2025-12-25 13:00:00,231.34055555555554,real
2025-12-25 13:05:00,250.61333333333332,real
2025-12-25 13:10:00,259.2966666666667,real
2025-12-25 13:15:00,267.98,real
2025-12-25 13:20:00,276.66333333333336,real
2025-12-25 13:25:00,269.995,real
2025-12-25 13:30:00,263.32666666666665,real
2025-12-25 13:35:00,256.6583333333333,real
2025-12-25 13:40:00,251.31166666666664,real
2025-12-25 13:45:00,245.965,real
2025-12-25 13:50:00,240.61833333333334,real
2025-12-25 13:55:00,373.5238888888889,real
2025-12-25 14:00:00,506.42944444444447,real
2025-12-25 14:05:00,639.335,real
2025-12-25 14:10:00,638.1861111111111,real
2025-12-25 14:15:00,637.0372222222222,real
2025-12-25 14:20:00,635.8883333333333,real
2025-12-25 14:25:00,647.1994444444445,real
2025-12-25 14:30:00,658.5105555555556,real
2025-12-25 14:35:00,669.8216666666667,real
2025-12-25 14:40:00,663.6711111111111,real
2025-12-25 14:45:00,657.5205555555556,real
2025-12-25 14:50:00,651.37,real
2025-12-25 14:55:00,645.7638888888889,real
2025-12-25 15:00:00,640.1577777777777,real
2025-12-25 15:05:00,634.5516666666666,real
2025-12-25 15:10:00,638.3094444444445,real
2025-12-25 15:15:00,642.0672222222222,real
2025-12-25 15:20:00,645.825,real
2025-12-25 15:25:00,628.6822222222222,real
2025-12-25 15:30:00,611.5394444444445,real
2025-12-25 15:35:00,594.3966666666666,real
2025-12-25 15:40:00,629.1422222222222,real
2025-12-25 15:45:00,663.8877777777777,real
2025-12-25 15:50:00,698.6333333333333,real
2025-12-25 15:55:00,646.2038888888889,real
2025-12-25 16:00:00,593.7744444444445,real
2025-12-25 16:05:00,541.345,real
2025-12-25 16:10:00,587.2061111111111,real
2025-12-25 16:15:00,633.0672222222223,real
2025-12-25 16:20:00,678.9283333333334,real
2025-12-25 16:25:00,655.7750000000001,real
2025-12-25 16:30:00,632.6216666666667,real
2025-12-25 16:35:00,609.4683333333334,real
2025-12-25 16:40:00,596.8505555555556,real
2025-12-25 16:45:00,584.2327777777778,real
2025-12-25 16:50:00,571.615,real
2025-12-25 16:55:00,583.2527777777777,real
2025-12-25 17:00:00,594.8905555555556,real
2025-12-25 17:05:00,606.5283333333333,real
2025-12-25 17:10:00,582.046111111111,real
2025-12-25 17:15:00,557.5638888888889,real
2025-12-25 17:20:00,533.0816666666666,real
2025-12-25 17:25:00,540.1233333333332,real
2025-12-25 17:30:00,547.165,real
2025-12-25 17:35:00,554.2066666666666,real
2025-12-25 17:40:00,534.5844444444444,real
2025-12-25 17:45:00,514.9622222222222,real
2025-12-25 17:50:00,495.34,real
2025-12-25 17:55:00,479.33,real
2025-12-25 18:00:00,463.31999999999994,real
2025-12-25 18:05:00,447.30999999999995,real
2025-12-25 18:10:00,450.34944444444443,real
2025-12-25 18:15:00,453.38888888888886,real
2025-12-25 18:20:00,456.42833333333334,real
2025-12-25 18:25:00,458.3933333333333,real
2025-12-25 18:30:00,460.35833333333335,real
2025-12-25 18:35:00,462.3233333333333,real
2025-12-25 18:40:00,429.81166666666667,real
2025-12-25 18:45:00,397.3,real
2025-12-25 18:50:00,364.78833333333336,real
2025-12-25 18:55:00,404.45722222222224,real
2025-12-25 19:00:00,444.12611111111113,real
2025-12-25 19:05:00,483.795,real
2025-12-25 19:10:00,494.38222222222225,real
2025-12-25 19:15:00,504.9694444444445,real
2025-12-25 19:20:00,515.5566666666667,real
2025-12-25 19:25:00,517.973888888889,real
2025-12-25 19:30:00,520.3911111111111,real
2025-12-25 19:35:00,522.8083333333333,real
2025-12-25 19:40:00,479.3972222222222,real
2025-12-25 19:45:00,435.9861111111111,real
2025-12-25 19:50:00,392.575,real
2025-12-25 19:55:00,292.86833333333334,real
2025-12-25 20:00:00,193.16166666666663,real
2025-12-25 20:05:00,93.455,real
2025-12-25 20:10:00,113.28444444444445,real
2025-12-25 20:15:00,133.11388888888888,real
2025-12-25 20:20:00,152.94333333333333,real
2025-12-25 20:25:00,118.6288888888889,real
2025-12-25 20:30:00,84.31444444444445,real
2025-12-25 20:35:00,50.0,real
2025-12-25 20:40:00,82.41388888888889,real
2025-12-25 20:45:00,114.82777777777778,real
2025-12-25 20:50:00,147.24166666666667,real
2025-12-25 20:55:00,142.80333333333334,real
2025-12-25 21:00:00,138.36499999999998,real
2025-12-25 21:05:00,133.92666666666665,real
2025-12-25 21:10:00,133.16944444444442,real
2025-12-25 21:15:00,132.41222222222223,real
2025-12-25 21:20:00,131.655,real
2025-12-25 21:25:00,124.68388888888889,real
2025-12-25 21:30:00,117.71277777777777,real
2025-12-25 21:35:00,110.74166666666666,real
2025-12-25 21:40:00,121.6661111111111,real
2025-12-25 21:45:00,132.59055555555557,real
2025-12-25 21:50:00,143.51500000000001,real
2025-12-25 21:55:00,144.8127777777778,real
2025-12-25 22:00:00,146.11055555555555,real
2025-12-25 22:05:00,147.40833333333333,real
2025-12-25 22:10:00,126.25611111111111,real
2025-12-25 22:15:00,105.10388888888889,real
2025-12-25 22:20:00,83.95166666666667,real
2025-12-25 22:25:00,88.65833333333333,real
2025-12-25 22:30:00,93.365,real
2025-12-25 22:35:00,98.07166666666666,real
2025-12-25 22:40:00,99.0911111111111,real
2025-12-25 22:45:00,100.11055555555555,real
2025-12-25 22:50:00,101.13,real
2025-12-25 22:55:00,124.87055555555555,real
2025-12-25 23:00:00,148.61111111111111,real
2025-12-25 23:05:00,172.3516666666667,real
2025-12-25 23:10:00,180.52055555555557,real
2025-12-25 23:15:00,188.68944444444443,real
2025-12-25 23:20:00,196.85833333333332,real
2025-12-25 23:25:00,164.63722222222222,real
2025-12-25 23:30:00,132.4161111111111,real
2025-12-25 23:35:00,100.19500000000001,real
2025-12-25 23:40:00,88.50444444444445,real
2025-12-25 23:45:00,76.8138888888889,real
2025-12-25 23:50:00,65.12333333333333,real
2025-12-25 23:55:00,81.15833333333333,real
2025-12-26 00:00:00,97.19333333333333,real
2025-12-26 00:05:00,113.22833333333334,real
2025-12-26 00:10:00,129.90722222222223,real
2025-12-26 00:15:00,146.5861111111111,real
2025-12-26 00:20:00,163.26500000000001,real
2025-12-26 00:25:00,169.54111111111112,real
2025-12-26 00:30:00,175.81722222222223,real
2025-12-26 00:35:00,182.09333333333333,real
2025-12-26 00:40:00,176.98944444444444,real
2025-12-26 00:45:00,171.88555555555556,real
2025-12-26 00:50:00,166.78166666666667,real
2025-12-26 00:55:00,161.82777777777778,real
2025-12-26 01:00:00,156.87388888888887,real
2025-12-26 01:05:00,151.92,real
2025-12-26 01:10:00,125.63499999999999,real
2025-12-26 01:15:00,99.35,real
2025-12-26 01:20:00,73.065,real
2025-12-26 01:25:00,111.28055555555557,real
2025-12-26 01:30:00,149.49611111111113,real
2025-12-26 01:35:00,187.71166666666667,real
2025-12-26 01:40:00,176.67333333333335,real
2025-12-26 01:45:00,165.635,real
2025-12-26 01:50:00,154.59666666666666,real
2025-12-26 01:55:00,151.925,real
2025-12-26 02:00:00,149.25333333333333,real
2025-12-26 02:05:00,146.58166666666668,real
2025-12-26 02:10:00,136.11666666666667,real
2025-12-26 02:15:00,125.65166666666667,real
2025-12-26 02:20:00,115.18666666666667,real
2025-12-26 02:25:00,129.60222222222222,real
2025-12-26 02:30:00,144.01777777777778,real
2025-12-26 02:35:00,158.43333333333334,real
2025-12-26 02:40:00,162.64777777777778,real
2025-12-26 02:45:00,166.86222222222224,real
2025-12-26 02:50:00,171.07666666666668,real
2025-12-26 02:55:00,177.40055555555557,real
2025-12-26 03:00:00,183.72444444444443,real
2025-12-26 03:05:00,190.04833333333332,real
2025-12-26 03:10:00,182.92666666666665,real
2025-12-26 03:15:00,175.80499999999998,real
2025-12-26 03:20:00,168.6833333333333,real
2025-12-26 03:25:00,144.18666666666664,real
2025-12-26 03:30:00,119.69,real
2025-12-26 03:35:00,95.19333333333333,real
2025-12-26 03:40:00,100.6361111111111,real
2025-12-26 03:45:00,106.07888888888888,real
2025-12-26 03:50:00,111.52166666666666,real
2025-12-26 03:55:00,119.67444444444443,real
2025-12-26 04:00:00,127.82722222222222,real
2025-12-26 04:05:00,135.98,real
2025-12-26 04:10:00,164.04166666666666,real
2025-12-26 04:15:00,192.10333333333332,real
2025-12-26 04:20:00,220.165,real
2025-12-26 04:25:00,181.20833333333331,real
2025-12-26 04:30:00,142.25166666666667,real
2025-12-26 04:35:00,103.295,real
2025-12-26 04:40:00,113.38333333333334,real
2025-12-26 04:45:00,123.47166666666666,real
2025-12-26 04:50:00,133.56,real
2025-12-26 04:55:00,113.71055555555556,real
2025-12-26 05:00:00,93.86111111111111,real
2025-12-26 05:05:00,74.01166666666667,real
2025-12-26 05:10:00,79.41222222222223,real
2025-12-26 05:15:00,84.81277777777777,real
2025-12-26 05:20:00,90.21333333333332,real
2025-12-26 05:25:00,103.0411111111111,real
2025-12-26 05:30:00,115.8688888888889,real
2025-12-26 05:35:00,128.6966666666667,real
2025-12-26 05:40:00,108.57222222222224,real
2025-12-26 05:45:00,88.44777777777779,real
2025-12-26 05:50:00,68.32333333333334,real
2025-12-26 05:55:00,105.50555555555556,real
2025-12-26 06:00:00,142.6877777777778,real
2025-12-26 06:05:00,179.87,real
2025-12-26 06:10:00,161.63500000000002,real
2025-12-26 06:15:00,143.4,real
2025-12-26 06:20:00,125.165,real
2025-12-26 06:25:00,137.81055555555557,real
2025-12-26 06:30:00,150.4561111111111,real
2025-12-26 06:35:00,163.10166666666666,real
2025-12-26 06:40:00,150.42833333333334,real
2025-12-26 06:45:00,137.755,real
2025-12-26 06:50:00,125.08166666666666,real
2025-12-26 06:55:00,124.14444444444445,real
2025-12-26 07:00:00,123.20722222222221,real
2025-12-26 07:05:00,122.27,real
2025-12-26 07:10:00,129.60833333333332,real
2025-12-26 07:15:00,136.94666666666666,real
2025-12-26 07:20:00,144.285,real
2025-12-26 07:25:00,136.07944444444445,real
2025-12-26 07:30:00,127.87388888888889,real
2025-12-26 07:35:00,119.66833333333334,real
2025-12-26 07:40:00,123.24111111111111,real
2025-12-26 07:45:00,126.81388888888888,real
2025-12-26 07:50:00,130.38666666666666,real
2025-12-26 07:55:00,325.2422222222222,real
2025-12-26 08:00:00,520.0977777777778,real
2025-12-26 08:05:00,714.9533333333334,real
2025-12-26 08:10:00,698.0177777777778,real
2025-12-26 08:15:00,681.0822222222222,real
2025-12-26 08:20:00,664.1466666666666,real
2025-12-26 08:25:00,652.3872222222222,real
2025-12-26 08:30:00,640.6277777777777,real
2025-12-26 08:35:00,628.8683333333333,real
2025-12-26 08:40:00,652.7577777777777,real
2025-12-26 08:45:00,676.6472222222221,real
2025-12-26 08:50:00,700.5366666666665,real
2025-12-26 08:55:00,701.7088888888887,real
2025-12-26 09:00:00,702.8811111111111,real
2025-12-26 09:05:00,704.0533333333333,real
2025-12-26 09:10:00,686.0827777777778,real
2025-12-26 09:15:00,668.1122222222222,real
2025-12-26 09:20:00,650.1416666666667,real
2025-12-26 09:25:00,651.6738888888889,real
2025-12-26 09:30:00,653.2061111111111,real
2025-12-26 09:35:00,654.7383333333333,real
2025-12-26 09:40:00,655.2383333333333,real
2025-12-26 09:45:00,655.7383333333333,real
2025-12-26 09:50:00,656.2383333333333,real
2025-12-26 09:55:00,645.5072222222223,real
2025-12-26 10:00:00,634.776111111111,real
2025-12-26 10:05:00,624.045,real
2025-12-26 10:10:00,627.6877777777778,real
2025-12-26 10:15:00,631.3305555555555,real
2025-12-26 10:20:00,634.9733333333334,real
2025-12-26 10:25:00,651.4077777777778,real
2025-12-26 10:30:00,667.8422222222222,real
2025-12-26 10:35:00,684.2766666666666,real
2025-12-26 10:40:00,684.75,real
2025-12-26 10:45:00,685.2233333333334,real
2025-12-26 10:50:00,685.6966666666667,real
2025-12-26 10:55:00,685.8266666666667,real
2025-12-26 11:00:00,685.9566666666667,real
2025-12-26 11:05:00,686.0866666666667,real
2025-12-26 11:10:00,675.7216666666667,real
2025-12-26 11:15:00,665.3566666666667,real
2025-12-26 11:20:00,654.9916666666667,real
2025-12-26 11:25:00,664.1883333333333,real
2025-12-26 11:30:00,673.385,real
2025-12-26 11:35:00,682.5816666666666,real
2025-12-26 11:40:00,671.9583333333333,real
2025-12-26 11:45:00,661.335,real
2025-12-26 11:50:00,650.7116666666667,real
2025-12-26 11:55:00,544.2577777777778,real
2025-12-26 12:00:00,437.8038888888889,real
2025-12-26 12:05:00,331.34999999999997,real
2025-12-26 12:10:00,335.33111111111106,real
2025-12-26 12:15:00,339.3122222222222,real
2025-12-26 12:20:00,343.2933333333333,real
2025-12-26 12:25:00,348.19888888888886,real
2025-12-26 12:30:00,353.1044444444444,real
2025-12-26 12:35:00,358.01,real
2025-12-26 12:40:00,337.3572222222222,real
2025-12-26 12:45:00,316.70444444444445,real
2025-12-26 12:50:00,296.0516666666667,real
2025-12-26 12:55:00,306.53166666666664,real
2025-12-26 13:00:00,317.01166666666666,real
2025-12-26 13:05:00,327.4916666666666,real
2025-12-26 13:10:00,315.8772222222222,real
2025-12-26 13:15:00,304.2627777777778,real
2025-12-26 13:20:00,292.64833333333337,real
2025-12-26 13:25:00,294.0316666666667,real
2025-12-26 13:30:00,295.415,real
2025-12-26 13:35:00,296.79833333333335,real
2025-12-26 13:40:00,285.76,real
2025-12-26 13:45:00,274.7216666666667,real
2025-12-26 13:50:00,263.68333333333334,real
2025-12-26 13:55:00,387.11,real
2025-12-26 14:00:00,510.53666666666663,real
2025-12-26 14:05:00,633.9633333333333,real
2025-12-26 14:10:00,642.426111111111,real
2025-12-26 14:15:00,650.8888888888888,real
2025-12-26 14:20:00,659.3516666666666,real
2025-12-26 14:25:00,638.135,real
2025-12-26 14:30:00,616.9183333333333,real
2025-12-26 14:35:00,595.7016666666667,real
2025-12-26 14:40:00,599.1438888888889,real
2025-12-26 14:45:00,602.5861111111111,real
2025-12-26 14:50:00,606.0283333333333,real
2025-12-26 14:55:00,580.3211111111111,real
2025-12-26 15:00:00,554.6138888888888,real
2025-12-26 15:05:00,528.9066666666666,real
2025-12-26 15:10:00,528.5611111111111,real
2025-12-26 15:15:00,528.2155555555555,real
2025-12-26 15:20:00,527.87,real
2025-12-26 15:25:00,539.1894444444445,real
2025-12-26 15:30:00,550.5088888888889,real
2025-12-26 15:35:00,561.8283333333334,real
2025-12-26 15:40:00,578.4216666666667,real
2025-12-26 15:45:00,595.015,real
2025-12-26 15:50:00,611.6083333333333,real
2025-12-26 15:55:00,630.2183333333334,real
2025-12-26 16:00:00,648.8283333333334,real
2025-12-26 16:05:00,667.4383333333334,real
2025-12-26 16:10:00,644.7444444444445,real
2025-12-26 16:15:00,622.0505555555555,real
2025-12-26 16:20:00,599.3566666666667,real
2025-12-26 16:25:00,620.8644444444444,real
2025-12-26 16:30:00,642.3722222222223,real
2025-12-26 16:35:00,663.88,real
2025-12-26 16:40:00,647.7538888888889,real
2025-12-26 16:45:00,631.6277777777777,real
2025-12-26 16:50:00,615.5016666666667,real
2025-12-26 16:55:00,603.0711111111111,real
2025-12-26 17:00:00,590.6405555555556,real
2025-12-26 17:05:00,578.21,real
2025-12-26 17:10:00,584.848888888889,real
2025-12-26 17:15:00,591.4877777777778,real
2025-12-26 17:20:00,598.1266666666667,real
2025-12-26 17:25:00,578.8766666666667,real
2025-12-26 17:30:00,559.6266666666667,real
2025-12-26 17:35:00,540.3766666666667,real
2025-12-26 17:40:00,584.2227777777778,real
2025-12-26 17:45:00,628.0688888888889,real
2025-12-26 17:50:00,671.915,real
2025-12-26 17:55:00,600.8333333333333,real
2025-12-26 18:00:00,529.7516666666667,real
2025-12-26 18:05:00,458.67,real
2025-12-26 18:10:00,471.80444444444447,real
2025-12-26 18:15:00,484.93888888888887,real
2025-12-26 18:20:00,498.0733333333333,real
2025-12-26 18:25:00,495.6738888888889,real
2025-12-26 18:30:00,493.27444444444444,real
2025-12-26 18:35:00,490.875,real
2025-12-26 18:40:00,467.535,real
2025-12-26 18:45:00,444.195,real
2025-12-26 18:50:00,420.855,real
2025-12-26 18:55:00,446.6716666666667,real
2025-12-26 19:00:00,472.48833333333334,real
2025-12-26 19:05:00,498.305,real
2025-12-26 19:10:00,517.6183333333333,real
2025-12-26 19:15:00,536.9316666666666,real
2025-12-26 19:20:00,556.245,real
2025-12-26 19:25:00,511.5488888888889,real
2025-12-26 19:30:00,466.8527777777778,real
2025-12-26 19:35:00,422.1566666666667,real
2025-12-26 19:40:00,429.4838888888889,real
2025-12-26 19:45:00,436.81111111111113,real
2025-12-26 19:50:00,444.1383333333333,real
2025-12-26 19:55:00,328.2961111111111,real
2025-12-26 20:00:00,212.45388888888888,real
2025-12-26 20:05:00,96.61166666666666,real
2025-12-26 20:10:00,125.12722222222222,real
2025-12-26 20:15:00,153.64277777777778,real
2025-12-26 20:20:00,182.15833333333333,real
2025-12-26 20:25:00,162.18555555555557,real
2025-12-26 20:30:00,142.21277777777777,real
2025-12-26 20:35:00,122.24000000000001,real
2025-12-26 20:40:00,123.81166666666667,real
2025-12-26 20:45:00,125.38333333333333,real
2025-12-26 20:50:00,126.95499999999998,real
2025-12-26 20:55:00,130.8022222222222,real
2025-12-26 21:00:00,134.64944444444444,real
2025-12-26 21:05:00,138.49666666666667,real
2025-12-26 21:10:00,126.69333333333333,real
2025-12-26 21:15:00,114.89,real
2025-12-26 21:20:00,103.08666666666666,real
2025-12-26 21:25:00,119.19833333333332,real
2025-12-26 21:30:00,135.31,real
2025-12-26 21:35:00,151.42166666666665,real
2025-12-26 21:40:00,147.29944444444442,real
2025-12-26 21:45:00,143.1772222222222,real
2025-12-26 21:50:00,139.05499999999998,real
2025-12-26 21:55:00,143.54888888888888,real
2025-12-26 22:00:00,148.04277777777776,real
2025-12-26 22:05:00,152.53666666666666,real
2025-12-26 22:10:00,144.8438888888889,real
2025-12-26 22:15:00,137.1511111111111,real
2025-12-26 22:20:00,129.45833333333334,real
2025-12-26 22:25:00,112.2788888888889,real
2025-12-26 22:30:00,95.09944444444446,real
2025-12-26 22:35:00,77.92,real
2025-12-26 22:40:00,116.67444444444443,real
2025-12-26 22:45:00,155.42888888888888,real
2025-12-26 22:50:00,194.1833333333333,real
2025-12-26 22:55:00,171.19444444444443,real
2025-12-26 23:00:00,148.20555555555555,real
2025-12-26 23:05:00,125.21666666666668,real
2025-12-26 23:10:00,135.63944444444445,real
2025-12-26 23:15:00,146.0622222222222,real
2025-12-26 23:20:00,156.48499999999999,real
2025-12-26 23:25:00,130.70277777777778,real
2025-12-26 23:30:00,104.92055555555555,real
2025-12-26 23:35:00,79.13833333333334,real
2025-12-26 23:40:00,90.22222222222221,real
2025-12-26 23:45:00,101.30611111111111,real
2025-12-26 23:50:00,112.38999999999999,real
2025-12-26 23:55:00,106.1261111111111,real
2025-12-27 00:00:00,99.86222222222223,real
2025-12-27 00:05:00,93.59833333333334,real
2025-12-27 00:10:00,100.80777777777779,real
2025-12-27 00:15:00,108.01722222222223,real
2025-12-27 00:20:00,115.22666666666667,real
2025-12-27 00:25:00,115.71222222222222,real
2025-12-27 00:30:00,116.19777777777779,real
2025-12-27 00:35:00,116.68333333333334,real
2025-12-27 00:40:00,110.63944444444445,real
2025-12-27 00:45:00,104.59555555555555,real
2025-12-27 00:50:00,98.55166666666666,real
2025-12-27 00:55:00,94.55944444444444,real
2025-12-27 01:00:00,90.56722222222223,real
2025-12-27 01:05:00,86.575,real
2025-12-27 01:10:00,92.36222222222223,real
2025-12-27 01:15:00,98.14944444444444,real
2025-12-27 01:20:00,103.93666666666667,real
2025-12-27 01:25:00,123.425,real
2025-12-27 01:30:00,142.91333333333333,real
2025-12-27 01:35:00,162.40166666666667,real
2025-12-27 01:40:00,170.20333333333332,real
2025-12-27 01:45:00,178.005,real
2025-12-27 01:50:00,185.80666666666664,real
2025-12-27 01:55:00,182.17666666666665,real
2025-12-27 02:00:00,178.54666666666665,real
2025-12-27 02:05:00,174.91666666666666,real
2025-12-27 02:10:00,168.32944444444445,real
2025-12-27 02:15:00,161.7422222222222,real
2025-12-27 02:20:00,155.155,real
2025-12-27 02:25:00,165.3972222222222,real
2025-12-27 02:30:00,175.63944444444445,real
2025-12-27 02:35:00,185.88166666666666,real
2025-12-27 02:40:00,166.615,real
2025-12-27 02:45:00,147.34833333333333,real
2025-12-27 02:50:00,128.08166666666668,real
2025-12-27 02:55:00,115.41333333333334,real
2025-12-27 03:00:00,102.745,real
2025-12-27 03:05:00,90.07666666666667,real
2025-12-27 03:10:00,114.19166666666666,real
2025-12-27 03:15:00,138.30666666666667,real
2025-12-27 03:20:00,162.42166666666665,real
2025-12-27 03:25:00,133.37888888888887,real
2025-12-27 03:30:00,104.33611111111111,real
2025-12-27 03:35:00,75.29333333333334,real
2025-12-27 03:40:00,106.89944444444444,real
2025-12-27 03:45:00,138.50555555555553,real
2025-12-27 03:50:00,170.11166666666665,real
2025-12-27 03:55:00,138.7838888888889,real
2025-12-27 04:00:00,107.45611111111111,real
2025-12-27 04:05:00,76.12833333333334,real
2025-12-27 04:10:00,100.1688888888889,real
2025-12-27 04:15:00,124.20944444444444,real
2025-12-27 04:20:00,148.25,real
2025-12-27 04:25:00,149.39222222222222,real
2025-12-27 04:30:00,150.53444444444446,real
2025-12-27 04:35:00,151.67666666666668,real
2025-12-27 04:40:00,132.07666666666668,real
2025-12-27 04:45:00,112.47666666666666,real
2025-12-27 04:50:00,92.87666666666667,real
2025-12-27 04:55:00,123.175,real
2025-12-27 05:00:00,153.47333333333333,real
2025-12-27 05:05:00,183.77166666666665,real
2025-12-27 05:10:00,156.68666666666667,real
2025-12-27 05:15:00,129.60166666666666,real
2025-12-27 05:20:00,102.51666666666667,real
2025-12-27 05:25:00,117.77055555555556,real
2025-12-27 05:30:00,133.02444444444444,real
2025-12-27 05:35:00,148.27833333333334,real
2025-12-27 05:40:00,130.9777777777778,real
2025-12-27 05:45:00,113.67722222222221,real
2025-12-27 05:50:00,96.37666666666667,real
2025-12-27 05:55:00,105.63166666666666,real
2025-12-27 06:00:00,114.88666666666667,real
2025-12-27 06:05:00,124.14166666666667,real
2025-12-27 06:10:00,129.0811111111111,real
2025-12-27 06:15:00,134.02055555555557,real
2025-12-27 06:20:00,138.96,real
2025-12-27 06:25:00,136.8238888888889,real
2025-12-27 06:30:00,134.68777777777777,real
2025-12-27 06:35:00,132.55166666666665,real
2025-12-27 06:40:00,149.51444444444442,real
2025-12-27 06:45:00,166.4772222222222,real
2025-12-27 06:50:00,183.43999999999997,real
2025-12-27 06:55:00,191.4783333333333,real
2025-12-27 07:00:00,199.51666666666665,real
2025-12-27 07:05:00,207.55499999999998,real
2025-12-27 07:10:00,187.86277777777775,real
2025-12-27 07:15:00,168.17055555555555,real
2025-12-27 07:20:00,148.47833333333332,real
2025-12-27 07:25:00,147.83555555555554,real
2025-12-27 07:30:00,147.1927777777778,real
2025-12-27 07:35:00,146.55,real
2025-12-27 07:40:00,150.23333333333335,real
2025-12-27 07:45:00,153.91666666666666,real
2025-12-27 07:50:00,157.6,real
2025-12-27 07:55:00,334.75777777777773,real
2025-12-27 08:00:00,511.91555555555556,real
2025-12-27 08:05:00,689.0733333333334,real
2025-12-27 08:10:00,690.7922222222222,real
2025-12-27 08:15:00,692.5111111111112,real
2025-12-27 08:20:00,694.23,real
2025-12-27 08:25:00,664.7083333333334,real
2025-12-27 08:30:00,635.1866666666666,real
2025-12-27 08:35:00,605.665,real
2025-12-27 08:40:00,648.3249999999999,real
2025-12-27 08:45:00,690.985,real
2025-12-27 08:50:00,733.645,real
2025-12-27 08:55:00,710.9244444444445,real
2025-12-27 09:00:00,688.2038888888889,real
2025-12-27 09:05:00,665.4833333333333,real
2025-12-27 09:10:00,668.8688888888889,real
2025-12-27 09:15:00,672.2544444444444,real
2025-12-27 09:20:00,675.64,real
2025-12-27 09:25:00,685.896111111111,real
2025-12-27 09:30:00,696.1522222222222,real
2025-12-27 09:35:00,706.4083333333333,real
2025-12-27 09:40:00,695.0072222222223,real
2025-12-27 09:45:00,683.6061111111111,real
2025-12-27 09:50:00,672.205,real
2025-12-27 09:55:00,668.5738888888889,real
2025-12-27 10:00:00,664.9427777777778,real
2025-12-27 10:05:00,661.3116666666666,real
2025-12-27 10:10:00,651.5699999999999,real
2025-12-27 10:15:00,641.8283333333334,real
2025-12-27 10:20:00,632.0866666666667,real
2025-12-27 10:25:00,626.9055555555556,real
2025-12-27 10:30:00,621.7244444444445,real
2025-12-27 10:35:00,616.5433333333334,real
2025-12-27 10:40:00,631.1455555555556,real
2025-12-27 10:45:00,645.7477777777779,real
2025-12-27 10:50:00,660.35,real
2025-12-27 10:55:00,657.3566666666667,real
2025-12-27 11:00:00,654.3633333333333,real
2025-12-27 11:05:00,651.37,real
2025-12-27 11:10:00,669.22,real
2025-12-27 11:15:00,687.0699999999999,real
2025-12-27 11:20:00,704.92,real
2025-12-27 11:25:00,659.3405555555555,real
2025-12-27 11:30:00,613.7611111111112,real
2025-12-27 11:35:00,568.1816666666667,real
2025-12-27 11:40:00,548.8305555555556,real
2025-12-27 11:45:00,529.4794444444444,real
2025-12-27 11:50:00,510.12833333333333,real
2025-12-27 11:55:00,441.77555555555557,real
2025-12-27 12:00:00,373.4227777777778,real
2025-12-27 12:05:00,305.07,real
2025-12-27 12:10:00,293.1772222222222,real
2025-12-27 12:15:00,281.28444444444443,real
2025-12-27 12:20:00,269.39166666666665,real
2025-12-27 12:25:00,259.17777777777775,real
2025-12-27 12:30:00,248.96388888888887,real
2025-12-27 12:35:00,238.75,real
2025-12-27 12:40:00,259.30055555555555,real
2025-12-27 12:45:00,279.85111111111115,real
2025-12-27 12:50:00,300.4016666666667,real
2025-12-27 12:55:00,283.16611111111115,real
2025-12-27 13:00:00,265.9305555555556,real
2025-12-27 13:05:00,248.69500000000002,real
2025-12-27 13:10:00,233.99833333333336,real
2025-12-27 13:15:00,219.30166666666668,real
2025-12-27 13:20:00,204.60500000000002,real
2025-12-27 13:25:00,223.54222222222225,real
2025-12-27 13:30:00,242.47944444444445,real
2025-12-27 13:35:00,261.4166666666667,real
2025-12-27 13:40:00,261.00166666666667,real
2025-12-27 13:45:00,260.5866666666667,real
2025-12-27 13:50:00,260.1716666666667,real
2025-12-27 13:55:00,393.7783333333333,real
2025-12-27 14:00:00,527.385,real
2025-12-27 14:05:00,660.9916666666667,real
2025-12-27 14:10:00,640.5644444444445,real
2025-12-27 14:15:00,620.1372222222222,real
2025-12-27 14:20:00,599.71,real
2025-12-27 14:25:00,582.8755555555556,real
2025-12-27 14:30:00,566.041111111111,real
2025-12-27 14:35:00,549.2066666666666,real
2025-12-27 14:40:00,600.6938888888889,real
2025-12-27 14:45:00,652.1811111111111,real
2025-12-27 14:50:00,703.6683333333334,real
2025-12-27 14:55:00,654.1544444444445,real
2025-12-27 15:00:00,604.6405555555556,real
2025-12-27 15:05:00,555.1266666666667,real
2025-12-27 15:10:00,560.8777777777777,real
2025-12-27 15:15:00,566.6288888888889,real
2025-12-27 15:20:00,572.38,real
2025-12-27 15:25:00,602.0161111111111,real
2025-12-27 15:30:00,631.6522222222222,real
2025-12-27 15:35:00,661.2883333333333,real
2025-12-27 15:40:00,660.8183333333333,real
2025-12-27 15:45:00,660.3483333333334,real
2025-12-27 15:50:00,659.8783333333333,real
2025-12-27 15:55:00,637.0016666666667,real
2025-12-27 16:00:00,614.125,real
2025-12-27 16:05:00,591.2483333333333,real
2025-12-27 16:10:00,574.6016666666667,real
2025-12-27 16:15:00,557.9549999999999,real
2025-12-27 16:20:00,541.3083333333333,real
2025-12-27 16:25:00,527.7405555555555,real
2025-12-27 16:30:00,514.1727777777778,real
2025-12-27 16:35:00,500.605,real
2025-12-27 16:40:00,533.0755555555555,real
2025-12-27 16:45:00,565.5461111111111,real
2025-12-27 16:50:00,598.0166666666667,real
2025-12-27 16:55:00,601.73,real
2025-12-27 17:00:00,605.4433333333333,real
2025-12-27 17:05:00,609.1566666666666,real
2025-12-27 17:10:00,616.2827777777777,real
2025-12-27 17:15:00,623.4088888888889,real
2025-12-27 17:20:00,630.535,real
2025-12-27 17:25:00,631.035,real
2025-12-27 17:30:00,631.535,real
2025-12-27 17:35:00,632.035,real
2025-12-27 17:40:00,626.8911111111111,real
2025-12-27 17:45:00,621.7472222222223,real
2025-12-27 17:50:00,616.6033333333334,real
2025-12-27 17:55:00,572.7216666666667,real
2025-12-27 18:00:00,528.84,real
2025-12-27 18:05:00,484.9583333333333,real
2025-12-27 18:10:00,475.37666666666667,real
2025-12-27 18:15:00,465.795,real
2025-12-27 18:20:00,456.21333333333337,real
2025-12-27 18:25:00,441.6788888888889,real
2025-12-27 18:30:00,427.14444444444445,real
2025-12-27 18:35:00,412.60999999999996,real
2025-12-27 18:40:00,436.1994444444444,real
2025-12-27 18:45:00,459.78888888888883,real
2025-12-27 18:50:00,483.3783333333333,real
2025-12-27 18:55:00,495.66999999999996,real
2025-12-27 19:00:00,507.96166666666664,real
2025-12-27 19:05:00,520.2533333333333,real
2025-12-27 19:10:00,527.08,real
2025-12-27 19:15:00,533.9066666666666,real
2025-12-27 19:20:00,540.7333333333333,real
2025-12-27 19:25:00,520.3733333333333,real
2025-12-27 19:30:00,500.0133333333334,real
2025-12-27 19:35:00,479.65333333333336,real
2025-12-27 19:40:00,495.4888888888889,real
2025-12-27 19:45:00,511.32444444444445,real
2025-12-27 19:50:00,527.16,real
2025-12-27 19:55:00,389.9622222222222,real
2025-12-27 20:00:00,252.76444444444445,real
2025-12-27 20:05:00,115.56666666666666,real
2025-12-27 20:10:00,123.72555555555554,real
2025-12-27 20:15:00,131.88444444444443,real
2025-12-27 20:20:00,140.04333333333332,real
2025-12-27 20:25:00,176.17944444444444,real
2025-12-27 20:30:00,212.31555555555556,real
2025-12-27 20:35:00,248.45166666666668,real
2025-12-27 20:40:00,206.55,real
2025-12-27 20:45:00,164.64833333333334,real
2025-12-27 20:50:00,122.74666666666667,real
2025-12-27 20:55:00,137.66611111111112,real
2025-12-27 21:00:00,152.58555555555554,real
2025-12-27 21:05:00,167.505,real
2025-12-27 21:10:00,175.64277777777778,real
2025-12-27 21:15:00,183.78055555555554,real
2025-12-27 21:20:00,191.91833333333332,real
2025-12-27 21:25:00,177.17666666666665,real
2025-12-27 21:30:00,162.435,real
2025-12-27 21:35:00,147.69333333333333,real
2025-12-27 21:40:00,150.99277777777777,real
2025-12-27 21:45:00,154.29222222222222,real
2025-12-27 21:50:00,157.59166666666667,real
2025-12-27 21:55:00,139.74055555555555,real
2025-12-27 22:00:00,121.88944444444445,real
2025-12-27 22:05:00,104.03833333333334,real
2025-12-27 22:10:00,107.56500000000001,real
2025-12-27 22:15:00,111.09166666666667,real
2025-12-27 22:20:00,114.61833333333334,real
2025-12-27 22:25:00,101.68722222222223,real
2025-12-27 22:30:00,88.75611111111112,real
2025-12-27 22:35:00,75.825,real
2025-12-27 22:40:00,89.34222222222222,real
2025-12-27 22:45:00,102.85944444444445,real
2025-12-27 22:50:00,116.37666666666667,real
2025-12-27 22:55:00,124.89833333333334,real
2025-12-27 23:00:00,133.42000000000002,real
2025-12-27 23:05:00,141.9416666666667,real
2025-12-27 23:10:00,158.615,real
2025-12-27 23:15:00,175.28833333333336,real
2025-12-27 23:20:00,191.96166666666667,real
2025-12-27 23:25:00,162.18055555555557,real
2025-12-27 23:30:00,132.39944444444444,real
2025-12-27 23:35:00,102.61833333333334,real
2025-12-27 23:40:00,124.23611111111111,real
2025-12-27 23:45:00,145.8538888888889,real
2025-12-27 23:50:00,167.47166666666666,real
2025-12-27 23:55:00,160.85888888888888,real
2025-12-28 00:00:00,154.2461111111111,real
2025-12-28 00:05:00,147.63333333333333,real
2025-12-28 00:10:00,145.71333333333334,real
2025-12-28 00:15:00,143.79333333333332,real
2025-12-28 00:20:00,141.87333333333333,real
2025-12-28 00:25:00,152.4477777777778,real
2025-12-28 00:30:00,163.0222222222222,real
2025-12-28 00:35:00,173.59666666666666,real
2025-12-28 00:40:00,165.16944444444445,real
2025-12-28 00:45:00,156.7422222222222,real
2025-12-28 00:50:00,148.315,real
2025-12-28 00:55:00,158.87833333333333,real
2025-12-28 01:00:00,169.44166666666666,real
2025-12-28 01:05:00,180.005,real
2025-12-28 01:10:00,163.865,real
2025-12-28 01:15:00,147.725,real
2025-12-28 01:20:00,131.585,real
2025-12-28 01:25:00,125.81555555555556,real
2025-12-28 01:30:00,120.0461111111111,real
2025-12-28 01:35:00,114.27666666666666,real
2025-12-28 01:40:00,111.20944444444444,real
2025-12-28 01:45:00,108.14222222222222,real
2025-12-28 01:50:00,105.075,real
2025-12-28 01:55:00,124.57833333333333,real
2025-12-28 02:00:00,144.08166666666668,real
2025-12-28 02:05:00,163.585,real
2025-12-28 02:10:00,159.1561111111111,real
2025-12-28 02:15:00,154.72722222222222,real
2025-12-28 02:20:00,150.29833333333332,real
2025-12-28 02:25:00,164.14444444444445,real
2025-12-28 02:30:00,177.99055555555555,real
2025-12-28 02:35:00,191.83666666666667,real
2025-12-28 02:40:00,170.14444444444445,real
2025-12-28 02:45:00,148.45222222222222,real
2025-12-28 02:50:00,126.75999999999999,real
2025-12-28 02:55:00,131.9711111111111,real
2025-12-28 03:00:00,137.18222222222224,real
2025-12-28 03:05:00,142.39333333333335,real
2025-12-28 03:10:00,135.76277777777779,real
2025-12-28 03:15:00,129.13222222222223,real
2025-12-28 03:20:00,122.50166666666667,real
2025-12-28 03:25:00,126.34166666666667,real
2025-12-28 03:30:00,130.18166666666667,real
2025-12-28 03:35:00,134.02166666666668,real
2025-12-28 03:40:00,162.90944444444446,real
2025-12-28 03:45:00,191.79722222222225,real
2025-12-28 03:50:00,220.68500000000003,real
2025-12-28 03:55:00,179.0238888888889,real
2025-12-28 04:00:00,137.36277777777778,real
2025-12-28 04:05:00,95.70166666666667,real
2025-12-28 04:10:00,102.07055555555556,real
2025-12-28 04:15:00,108.43944444444445,real
2025-12-28 04:20:00,114.80833333333334,real
2025-12-28 04:25:00,124.55499999999999,real
2025-12-28 04:30:00,134.30166666666665,real
2025-12-28 04:35:00,144.04833333333332,real
2025-12-28 04:40:00,150.98833333333332,real
2025-12-28 04:45:00,157.92833333333334,real
2025-12-28 04:50:00,164.86833333333334,real
2025-12-28 04:55:00,166.98166666666668,real
2025-12-28 05:00:00,169.095,real
2025-12-28 05:05:00,171.20833333333334,real
2025-12-28 05:10:00,149.8727777777778,real
2025-12-28 05:15:00,128.53722222222223,real
2025-12-28 05:20:00,107.20166666666667,real
2025-12-28 05:25:00,108.00722222222223,real
2025-12-28 05:30:00,108.81277777777778,real
2025-12-28 05:35:00,109.61833333333334,real
2025-12-28 05:40:00,111.49888888888889,real
2025-12-28 05:45:00,113.37944444444445,real
2025-12-28 05:50:00,115.25999999999999,real
2025-12-28 05:55:00,135.32333333333332,real
2025-12-28 06:00:00,155.38666666666668,real
2025-12-28 06:05:00,175.45000000000002,real
2025-12-28 06:10:00,161.83166666666668,real
2025-12-28 06:15:00,148.21333333333334,real
2025-12-28 06:20:00,134.595,real
2025-12-28 06:25:00,139.00666666666666,real
2025-12-28 06:30:00,143.41833333333335,real
2025-12-28 06:35:00,147.83,real
2025-12-28 06:40:00,140.52555555555557,real
2025-12-28 06:45:00,133.22111111111113,real
2025-12-28 06:50:00,125.91666666666667,real
2025-12-28 06:55:00,109.31055555555557,real
2025-12-28 07:00:00,92.70444444444445,real
2025-12-28 07:05:00,76.09833333333334,real
2025-12-28 07:10:00,85.17,real
2025-12-28 07:15:00,94.24166666666667,real
2025-12-28 07:20:00,103.31333333333333,real
2025-12-28 07:25:00,111.19222222222223,real
2025-12-28 07:30:00,119.07111111111111,real
2025-12-28 07:35:00,126.95,real
2025-12-28 07:40:00,135.49222222222224,real
2025-12-28 07:45:00,144.03444444444446,real
2025-12-28 07:50:00,152.57666666666668,real
2025-12-28 07:55:00,306.66055555555556,real
2025-12-28 08:00:00,460.7444444444445,real
2025-12-28 08:05:00,614.8283333333334,real
2025-12-28 08:10:00,604.1844444444445,real
2025-12-28 08:15:00,593.5405555555556,real
2025-12-28 08:20:00,582.8966666666666,real
2025-12-28 08:25:00,592.5111111111111,real
2025-12-28 08:30:00,602.1255555555556,real
2025-12-28 08:35:00,611.74,real
2025-12-28 08:40:00,607.3683333333333,real
2025-12-28 08:45:00,602.9966666666667,real
2025-12-28 08:50:00,598.625,real
2025-12-28 08:55:00,627.9116666666666,real
2025-12-28 09:00:00,657.1983333333334,real
2025-12-28 09:05:00,686.485,real
2025-12-28 09:10:00,657.6544444444445,real
2025-12-28 09:15:00,628.8238888888889,real
2025-12-28 09:20:00,599.9933333333333,real
2025-12-28 09:25:00,642.3977777777777,real
2025-12-28 09:30:00,684.8022222222222,real
2025-12-28 09:35:00,727.2066666666666,real
2025-12-28 09:40:00,679.8533333333332,real
2025-12-28 09:45:00,632.5,real
2025-12-28 09:50:00,585.1466666666666,real
2025-12-28 09:55:00,638.95,real
2025-12-28 10:00:00,692.7533333333333,real
2025-12-28 10:05:00,746.5566666666667,real
2025-12-28 10:10:00,721.84,real
2025-12-28 10:15:00,697.1233333333333,real
2025-12-28 10:20:00,672.4066666666666,real
2025-12-28 10:25:00,686.6483333333333,real
2025-12-28 10:30:00,700.89,real
2025-12-28 10:35:00,715.1316666666667,real
2025-12-28 10:40:00,690.9633333333334,real
2025-12-28 10:45:00,666.795,real
2025-12-28 10:50:00,642.6266666666667,real
2025-12-28 10:55:00,666.4622222222222,real
2025-12-28 11:00:00,690.2977777777778,real
2025-12-28 11:05:00,714.1333333333333,real
2025-12-28 11:10:00,698.0483333333333,real
2025-12-28 11:15:00,681.9633333333334,real
2025-12-28 11:20:00,665.8783333333333,real
2025-12-28 11:25:00,656.6833333333333,real
2025-12-28 11:30:00,647.4883333333333,real
2025-12-28 11:35:00,638.2933333333333,real
2025-12-28 11:40:00,684.8627777777778,real
2025-12-28 11:45:00,731.4322222222222,real
2025-12-28 11:50:00,778.0016666666667,real
2025-12-28 11:55:00,620.1355555555556,real
2025-12-28 12:00:00,462.26944444444445,real
2025-12-28 12:05:00,304.40333333333336,real
2025-12-28 12:10:00,312.7238888888889,real
2025-12-28 12:15:00,321.0444444444445,real
2025-12-28 12:20:00,329.365,real
2025-12-28 12:25:00,299.1,real
2025-12-28 12:30:00,268.83500000000004,real
2025-12-28 12:35:00,238.57000000000002,real
2025-12-28 12:40:00,260.23333333333335,real
2025-12-28 12:45:00,281.89666666666665,real
2025-12-28 12:50:00,303.56,real
2025-12-28 12:55:00,267.7311111111111,real
2025-12-28 13:00:00,231.90222222222224,real
2025-12-28 13:05:00,196.07333333333335,real
2025-12-28 13:10:00,217.85555555555558,real
2025-12-28 13:15:00,239.63777777777779,real
2025-12-28 13:20:00,261.42,real
2025-12-28 13:25:00,249.47944444444445,real
2025-12-28 13:30:00,237.53888888888892,real
2025-12-28 13:35:00,225.59833333333336,real
2025-12-28 13:40:00,209.69000000000003,real
2025-12-28 13:45:00,193.78166666666667,real
2025-12-28 13:50:00,177.87333333333333,real
2025-12-28 13:55:00,358.9461111111111,real
2025-12-28 14:00:00,540.0188888888889,real
2025-12-28 14:05:00,721.0916666666667,real
2025-12-28 14:10:00,655.6061111111111,real
2025-12-28 14:15:00,590.1205555555556,real
2025-12-28 14:20:00,524.635,real
2025-12-28 14:25:00,561.1105555555555,real
2025-12-28 14:30:00,597.5861111111111,real
2025-12-28 14:35:00,634.0616666666666,real
2025-12-28 14:40:00,646.1383333333333,real
2025-12-28 14:45:00,658.2149999999999,real
2025-12-28 14:50:00,670.2916666666666,real
2025-12-28 14:55:00,663.9961111111111,real
2025-12-28 15:00:00,657.7005555555555,real
2025-12-28 15:05:00,651.405,real
2025-12-28 15:10:00,639.1477777777777,real
2025-12-28 15:15:00,626.8905555555556,real
2025-12-28 15:20:00,614.6333333333333,real
2025-12-28 15:25:00,616.3177777777778,real
2025-12-28 15:30:00,618.0022222222221,real
2025-12-28 15:35:00,619.6866666666666,real
2025-12-28 15:40:00,623.6483333333333,real
2025-12-28 15:45:00,627.6099999999999,real
2025-12-28 15:50:00,631.5716666666666,real
2025-12-28 15:55:00,579.6477777777777,real
2025-12-28 16:00:00,527.7238888888888,real
2025-12-28 16:05:00,475.8,real
2025-12-28 16:10:00,524.3761111111111,real
2025-12-28 16:15:00,572.9522222222222,real
2025-12-28 16:20:00,621.5283333333333,real
2025-12-28 16:25:00,629.015,real
2025-12-28 16:30:00,636.5016666666667,real
2025-12-28 16:35:00,643.9883333333333,real
2025-12-28 16:40:00,640.0922222222223,real
2025-12-28 16:45:00,636.1961111111111,real
2025-12-28 16:50:00,632.3000000000001,real
2025-12-28 16:55:00,619.7416666666667,real
2025-12-28 17:00:00,607.1833333333334,real
2025-12-28 17:05:00,594.625,real
2025-12-28 17:10:00,609.505,real
2025-12-28 17:15:00,624.385,real
2025-12-28 17:20:00,639.265,real
2025-12-28 17:25:00,638.4933333333333,real
2025-12-28 17:30:00,637.7216666666666,real
2025-12-28 17:35:00,636.9499999999999,real
2025-12-28 17:40:00,597.025,real
2025-12-28 17:45:00,557.1,real
2025-12-28 17:50:00,517.1750000000001,real
2025-12-28 17:55:00,509.3644444444445,real
2025-12-28 18:00:00,501.55388888888893,real
2025-12-28 18:05:00,493.74333333333334,real
2025-12-28 18:10:00,505.38666666666666,real
2025-12-28 18:15:00,517.03,real
2025-12-28 18:20:00,528.6733333333333,real
2025-12-28 18:25:00,517.0127777777777,real
2025-12-28 18:30:00,505.3522222222222,real
2025-12-28 18:35:00,493.69166666666666,real
2025-12-28 18:40:00,471.1822222222222,real
2025-12-28 18:45:00,448.6727777777778,real
2025-12-28 18:50:00,426.16333333333336,real
2025-12-28 18:55:00,465.4433333333333,real
2025-12-28 19:00:00,504.72333333333336,real
2025-12-28 19:05:00,544.0033333333333,real
2025-12-28 19:10:00,519.8116666666667,real
2025-12-28 19:15:00,495.62,real
2025-12-28 19:20:00,471.42833333333334,real
2025-12-28 19:25:00,497.5688888888889,real
2025-12-28 19:30:00,523.7094444444444,real
2025-12-28 19:35:00,549.85,real
2025-12-28 19:40:00,570.8722222222223,real
2025-12-28 19:45:00,591.8944444444444,real
2025-12-28 19:50:00,612.9166666666666,real
2025-12-28 19:55:00,471.88111111111107,real
2025-12-28 20:00:00,330.8455555555555,real
2025-12-28 20:05:00,189.80999999999997,real
2025-12-28 20:10:00,166.98944444444442,real
2025-12-28 20:15:00,144.1688888888889,real
2025-12-28 20:20:00,121.34833333333334,real
2025-12-28 20:25:00,118.09444444444445,real
2025-12-28 20:30:00,114.84055555555555,real
2025-12-28 20:35:00,111.58666666666666,real
2025-12-28 20:40:00,123.17999999999999,real
2025-12-28 20:45:00,134.7733333333333,real
2025-12-28 20:50:00,146.36666666666665,real
2025-12-28 20:55:00,146.33499999999998,real
2025-12-28 21:00:00,146.30333333333334,real
2025-12-28 21:05:00,146.27166666666668,real
2025-12-28 21:10:00,155.76944444444445,real
2025-12-28 21:15:00,165.26722222222224,real
2025-12-28 21:20:00,174.76500000000001,real
2025-12-28 21:25:00,156.90166666666667,real
2025-12-28 21:30:00,139.03833333333336,real
2025-12-28 21:35:00,121.17500000000001,real
2025-12-28 21:40:00,120.72333333333334,real
2025-12-28 21:45:00,120.27166666666668,real
2025-12-28 21:50:00,119.82000000000001,real
2025-12-28 21:55:00,120.59333333333333,real
2025-12-28 22:00:00,121.36666666666666,real
2025-12-28 22:05:00,122.13999999999999,real
2025-12-28 22:10:00,134.68444444444444,real
2025-12-28 22:15:00,147.2288888888889,real
2025-12-28 22:20:00,159.77333333333334,real
2025-12-28 22:25:00,125.70833333333334,real
2025-12-28 22:30:00,91.64333333333335,real
2025-12-28 22:35:00,57.57833333333334,real
2025-12-28 22:40:00,76.3688888888889,real
2025-12-28 22:45:00,95.15944444444446,real
2025-12-28 22:50:00,113.95,real
2025-12-28 22:55:00,136.3388888888889,real
2025-12-28 23:00:00,158.7277777777778,real
2025-12-28 23:05:00,181.11666666666667,real
2025-12-28 23:10:00,160.3711111111111,real
2025-12-28 23:15:00,139.62555555555556,real
2025-12-28 23:20:00,118.88,real
2025-12-28 23:25:00,144.92111111111112,real
2025-12-28 23:30:00,170.9622222222222,real
2025-12-28 23:35:00,197.00333333333333,real
2025-12-28 23:40:00,184.48777777777778,real
2025-12-28 23:45:00,171.97222222222223,real
2025-12-28 23:50:00,159.45666666666668,real
2025-12-28 23:55:00,136.88500000000002,real
2025-12-29 00:00:00,114.31333333333335,real
2025-12-29 00:05:00,91.74166666666667,real
2025-12-29 00:10:00,106.90444444444445,real
2025-12-29 00:15:00,122.06722222222223,real
2025-12-29 00:20:00,137.23,real
2025-12-29 00:25:00,124.76722222222222,real
2025-12-29 00:30:00,112.30444444444444,real
2025-12-29 00:35:00,99.84166666666665,real
2025-12-29 00:40:00,129.73222222222222,real
2025-12-29 00:45:00,159.62277777777777,real
2025-12-29 00:50:00,189.51333333333332,real
2025-12-29 00:55:00,159.89944444444444,real
2025-12-29 01:00:00,130.28555555555556,real
2025-12-29 01:05:00,100.67166666666667,real
2025-12-29 01:10:00,108.93333333333334,real
2025-12-29 01:15:00,117.195,real
2025-12-29 01:20:00,125.45666666666666,real
2025-12-29 01:25:00,132.48722222222221,real
2025-12-29 01:30:00,139.51777777777778,real
2025-12-29 01:35:00,146.54833333333335,real
2025-12-29 01:40:00,143.1888888888889,real
2025-12-29 01:45:00,139.82944444444445,real
2025-12-29 01:50:00,136.47,real
2025-12-29 01:55:00,147.13944444444445,real
2025-12-29 02:00:00,157.80888888888887,real
2025-12-29 02:05:00,168.47833333333332,real
2025-12-29 02:10:00,156.51111111111112,real
2025-12-29 02:15:00,144.5438888888889,real
2025-12-29 02:20:00,132.57666666666668,real
2025-12-29 02:25:00,122.87666666666668,real
2025-12-29 02:30:00,113.17666666666668,real
2025-12-29 02:35:00,103.47666666666667,real
2025-12-29 02:40:00,111.2538888888889,real
2025-12-29 02:45:00,119.03111111111112,real
2025-12-29 02:50:00,126.80833333333334,real
2025-12-29 02:55:00,127.43055555555556,real
2025-12-29 03:00:00,128.05277777777778,real
2025-12-29 03:05:00,128.67499999999998,real
2025-12-29 03:10:00,142.08888888888887,real
2025-12-29 03:15:00,155.50277777777777,real
2025-12-29 03:20:00,168.91666666666666,real
2025-12-29 03:25:00,160.33888888888887,real
2025-12-29 03:30:00,151.76111111111112,real
2025-12-29 03:35:00,143.18333333333334,real
2025-12-29 03:40:00,153.6677777777778,real
2025-12-29 03:45:00,164.1522222222222,real
2025-12-29 03:50:00,174.63666666666666,real
2025-12-29 03:55:00,161.035,real
2025-12-29 04:00:00,147.43333333333334,real
2025-12-29 04:05:00,133.83166666666668,real
2025-12-29 04:10:00,122.59555555555556,real
2025-12-29 04:15:00,111.35944444444445,real
2025-12-29 04:20:00,100.12333333333333,real
2025-12-29 04:25:00,92.85611111111112,real
2025-12-29 04:30:00,85.58888888888889,real
2025-12-29 04:35:00,78.32166666666667,real
2025-12-29 04:40:00,103.805,real
2025-12-29 04:45:00,129.28833333333336,real
2025-12-29 04:50:00,154.77166666666668,real
2025-12-29 04:55:00,149.44,real
2025-12-29 05:00:00,144.10833333333335,real
2025-12-29 05:05:00,138.77666666666667,real
2025-12-29 05:10:00,138.31555555555556,real
2025-12-29 05:15:00,137.85444444444445,real
2025-12-29 05:20:00,137.39333333333335,real
2025-12-29 05:25:00,118.885,real
2025-12-29 05:30:00,100.37666666666667,real
2025-12-29 05:35:00,81.86833333333333,real
2025-12-29 05:40:00,95.73944444444444,real
2025-12-29 05:45:00,109.61055555555555,real
2025-12-29 05:50:00,123.48166666666667,real
2025-12-29 05:55:00,123.92666666666666,real
2025-12-29 06:00:00,124.37166666666667,real
2025-12-29 06:05:00,124.81666666666666,real
2025-12-29 06:10:00,122.56166666666667,real
2025-12-29 06:15:00,120.30666666666667,real
2025-12-29 06:20:00,118.05166666666668,real
2025-12-29 06:25:00,144.31944444444446,real
2025-12-29 06:30:00,170.58722222222224,real
2025-12-29 06:35:00,196.85500000000002,real
2025-12-29 06:40:00,182.72111111111113,real
2025-12-29 06:45:00,168.58722222222224,real
2025-12-29 06:50:00,154.45333333333335,real
2025-12-29 06:55:00,146.34833333333336,real
2025-12-29 07:00:00,138.24333333333334,real
2025-12-29 07:05:00,130.13833333333335,real
2025-12-29 07:10:00,148.09444444444446,real
2025-12-29 07:15:00,166.05055555555555,real
2025-12-29 07:20:00,184.00666666666666,real
2025-12-29 07:25:00,170.165,real
2025-12-29 07:30:00,156.32333333333332,real
2025-12-29 07:35:00,142.48166666666665,real
2025-12-29 07:40:00,149.14055555555555,real
2025-12-29 07:45:00,155.79944444444445,real
2025-12-29 07:50:00,162.45833333333334,real
2025-12-29 07:55:00,330.1011111111111,real
2025-12-29 08:00:00,497.7438888888888,real
2025-12-29 08:05:00,665.3866666666667,real
2025-12-29 08:10:00,662.4905555555556,real
2025-12-29 08:15:00,659.5944444444444,real
2025-12-29 08:20:00,656.6983333333334,real
2025-12-29 08:25:00,657.7277777777778,real
2025-12-29 08:30:00,658.7572222222223,real
2025-12-29 08:35:00,659.7866666666666,real
2025-12-29 08:40:00,672.806111111111,real
2025-12-29 08:45:00,685.8255555555555,real
2025-12-29 08:50:00,698.8449999999999,real
2025-12-29 08:55:00,708.9922222222222,real
2025-12-29 09:00:00,719.1394444444443,real
2025-12-29 09:05:00,729.2866666666665,real
2025-12-29 09:10:00,689.0355555555554,real
2025-12-29 09:15:00,648.7844444444444,real
2025-12-29 09:20:00,608.5333333333333,real
2025-12-29 09:25:00,611.3311111111111,real
2025-12-29 09:30:00,614.1288888888888,real
2025-12-29 09:35:00,616.9266666666666,real
2025-12-29 09:40:00,648.8816666666667,real
2025-12-29 09:45:00,680.8366666666666,real
2025-12-29 09:50:00,712.7916666666666,real
2025-12-29 09:55:00,691.6777777777777,real
2025-12-29 10:00:00,670.5638888888889,real
2025-12-29 10:05:00,649.4499999999999,real
2025-12-29 10:10:00,661.2605555555555,real
2025-12-29 10:15:00,673.0711111111111,real
2025-12-29 10:20:00,684.8816666666667,real
2025-12-29 10:25:00,683.9705555555556,real
2025-12-29 10:30:00,683.0594444444445,real
2025-12-29 10:35:00,682.1483333333334,real
2025-12-29 10:40:00,638.9122222222223,real
2025-12-29 10:45:00,595.6761111111111,real
2025-12-29 10:50:00,552.44,real
2025-12-29 10:55:00,593.2438888888889,real
2025-12-29 11:00:00,634.0477777777778,real
2025-12-29 11:05:00,674.8516666666667,real
2025-12-29 11:10:00,668.8322222222222,real
2025-12-29 11:15:00,662.8127777777778,real
2025-12-29 11:20:00,656.7933333333333,real
2025-12-29 11:25:00,653.7844444444444,real
2025-12-29 11:30:00,650.7755555555556,real
2025-12-29 11:35:00,647.7666666666667,real
2025-12-29 11:40:00,634.2133333333334,real
2025-12-29 11:45:00,620.66,real
2025-12-29 11:50:00,607.1066666666667,real
2025-12-29 11:55:00,482.65000000000003,real
2025-12-29 12:00:00,358.1933333333334,real
2025-12-29 12:05:00,233.73666666666668,real
2025-12-29 12:10:00,264.96500000000003,real
2025-12-29 12:15:00,296.1933333333333,real
2025-12-29 12:20:00,327.4216666666667,real
2025-12-29 12:25:00,323.22333333333336,real
2025-12-29 12:30:00,319.025,real
2025-12-29 12:35:00,314.82666666666665,real
2025-12-29 12:40:00,316.91777777777776,real
2025-12-29 12:45:00,319.00888888888886,real
2025-12-29 12:50:00,321.09999999999997,real
2025-12-29 12:55:00,286.29277777777776,real
2025-12-29 13:00:00,251.48555555555555,real
2025-12-29 13:05:00,216.6783333333333,real
2025-12-29 13:10:00,243.54555555555552,real
2025-12-29 13:15:00,270.41277777777776,real
2025-12-29 13:20:00,297.28,real
2025-12-29 13:25:00,269.12555555555554,real
2025-12-29 13:30:00,240.97111111111107,real
2025-12-29 13:35:00,212.81666666666663,real
2025-12-29 13:40:00,198.71777777777777,real
2025-12-29 13:45:00,184.61888888888888,real
2025-12-29 13:50:00,170.52,real
2025-12-29 13:55:00,315.71000000000004,real
2025-12-29 14:00:00,460.9000000000001,real
2025-12-29 14:05:00,606.09,real
2025-12-29 14:10:00,614.965,real
2025-12-29 14:15:00,623.84,real
2025-12-29 14:20:00,632.715,real
2025-12-29 14:25:00,631.8100000000001,real
2025-12-29 14:30:00,630.905,real
2025-12-29 14:35:00,630.0,real
2025-12-29 14:40:00,626.5405555555556,real
2025-12-29 14:45:00,623.0811111111111,real
2025-12-29 14:50:00,619.6216666666667,real
2025-12-29 14:55:00,618.2494444444444,real
2025-12-29 15:00:00,616.8772222222223,real
2025-12-29 15:05:00,615.505,real
2025-12-29 15:10:00,619.585,real
2025-12-29 15:15:00,623.665,real
2025-12-29 15:20:00,627.745,real
2025-12-29 15:25:00,617.9394444444445,real
2025-12-29 15:30:00,608.1338888888889,real
2025-12-29 15:35:00,598.3283333333334,real
2025-12-29 15:40:00,604.07,real
2025-12-29 15:45:00,609.8116666666666,real
2025-12-29 15:50:00,615.5533333333333,real
2025-12-29 15:55:00,578.6744444444444,real
2025-12-29 16:00:00,541.7955555555556,real
2025-12-29 16:05:00,504.9166666666667,real
2025-12-29 16:10:00,533.7083333333334,real
2025-12-29 16:15:00,562.5,real
2025-12-29 16:20:00,591.2916666666666,real
2025-12-29 16:25:00,586.6344444444444,real
2025-12-29 16:30:00,581.9772222222223,real
2025-12-29 16:35:00,577.32,real
2025-12-29 16:40:00,593.8611111111111,real
2025-12-29 16:45:00,610.4022222222222,real
2025-12-29 16:50:00,626.9433333333333,real
2025-12-29 16:55:00,596.3116666666666,real
2025-12-29 17:00:00,565.68,real
2025-12-29 17:05:00,535.0483333333333,real
2025-12-29 17:10:00,568.1305555555555,real
2025-12-29 17:15:00,601.2127777777778,real
2025-12-29 17:20:00,634.295,real
2025-12-29 17:25:00,613.2361111111111,real
2025-12-29 17:30:00,592.1772222222222,real
2025-12-29 17:35:00,571.1183333333333,real
2025-12-29 17:40:00,579.9705555555556,real
2025-12-29 17:45:00,588.8227777777778,real
2025-12-29 17:50:00,597.6750000000001,real
2025-12-29 17:55:00,539.0955555555556,real
2025-12-29 18:00:00,480.5161111111111,real
2025-12-29 18:05:00,421.93666666666667,real
2025-12-29 18:10:00,453.1411111111111,real
2025-12-29 18:15:00,484.3455555555556,real
2025-12-29 18:20:00,515.5500000000001,real
2025-12-29 18:25:00,513.4161111111111,real
2025-12-29 18:30:00,511.28222222222223,real
2025-12-29 18:35:00,509.1483333333333,real
2025-12-29 18:40:00,511.27333333333337,real
2025-12-29 18:45:00,513.3983333333334,real
2025-12-29 18:50:00,515.5233333333334,real
2025-12-29 18:55:00,503.8272222222223,real
2025-12-29 19:00:00,492.1311111111111,real
2025-12-29 19:05:00,480.435,real
2025-12-29 19:10:00,484.96722222222223,real
2025-12-29 19:15:00,489.49944444444446,real
2025-12-29 19:20:00,494.0316666666667,real
2025-12-29 19:25:00,497.07500000000005,real
2025-12-29 19:30:00,500.11833333333334,real
2025-12-29 19:35:00,503.1616666666667,real
2025-12-29 19:40:00,481.1255555555556,real
2025-12-29 19:45:00,459.08944444444444,real
2025-12-29 19:50:00,437.05333333333334,real
2025-12-29 19:55:00,356.3038888888889,real
2025-12-29 20:00:00,275.55444444444447,real
2025-12-29 20:05:00,194.80499999999998,real
2025-12-29 20:10:00,170.195,real
2025-12-29 20:15:00,145.585,real
2025-12-29 20:20:00,120.97500000000001,real
2025-12-29 20:25:00,115.44500000000001,real
2025-12-29 20:30:00,109.91499999999999,real
2025-12-29 20:35:00,104.38499999999999,real
2025-12-29 20:40:00,118.40055555555556,real
2025-12-29 20:45:00,132.41611111111112,real
2025-12-29 20:50:00,146.43166666666667,real
2025-12-29 20:55:00,148.9177777777778,real
2025-12-29 21:00:00,151.4038888888889,real
2025-12-29 21:05:00,153.89000000000001,real
2025-12-29 21:10:00,139.1138888888889,real
2025-12-29 21:15:00,124.33777777777779,real
2025-12-29 21:20:00,109.56166666666667,real
2025-12-29 21:25:00,128.11833333333334,real
2025-12-29 21:30:00,146.67499999999998,real
2025-12-29 21:35:00,165.23166666666665,real
2025-12-29 21:40:00,156.33333333333331,real
2025-12-29 21:45:00,147.435,real
2025-12-29 21:50:00,138.53666666666666,real
2025-12-29 21:55:00,125.15722222222222,real
2025-12-29 22:00:00,111.77777777777777,real
2025-12-29 22:05:00,98.39833333333333,real
2025-12-29 22:10:00,103.20888888888888,real
2025-12-29 22:15:00,108.01944444444445,real
2025-12-29 22:20:00,112.83,real
2025-12-29 22:25:00,124.56222222222222,real
2025-12-29 22:30:00,136.29444444444445,real
2025-12-29 22:35:00,148.02666666666667,real
2025-12-29 22:40:00,140.55777777777777,real
2025-12-29 22:45:00,133.0888888888889,real
2025-12-29 22:50:00,125.62,real
2025-12-29 22:55:00,142.79111111111112,real
2025-12-29 23:00:00,159.9622222222222,real
2025-12-29 23:05:00,177.13333333333333,real
2025-12-29 23:10:00,167.4261111111111,real
2025-12-29 23:15:00,157.7188888888889,real
2025-12-29 23:20:00,148.01166666666668,real
2025-12-29 23:25:00,149.13777777777779,real
2025-12-29 23:30:00,150.26388888888889,real
2025-12-29 23:35:00,151.39,real
2025-12-29 23:40:00,131.09333333333333,real
2025-12-29 23:45:00,110.79666666666667,real
2025-12-29 23:50:00,90.5,real
2025-12-29 23:55:00,107.70944444444444,real
2025-12-30 00:00:00,124.91888888888889,real
2025-12-30 00:05:00,142.12833333333333,real
2025-12-30 00:10:00,146.71722222222223,real
2025-12-30 00:15:00,151.3061111111111,real
2025-12-30 00:20:00,155.895,real
2025-12-30 00:25:00,148.48722222222221,real
2025-12-30 00:30:00,141.07944444444445,real
2025-12-30 00:35:00,133.67166666666665,real
2025-12-30 00:40:00,120.96055555555554,real
2025-12-30 00:45:00,108.24944444444445,real
2025-12-30 00:50:00,95.53833333333334,real
2025-12-30 00:55:00,121.68555555555555,real
2025-12-30 01:00:00,147.83277777777778,real
2025-12-30 01:05:00,173.98,real
2025-12-30 01:10:00,166.62333333333333,real
2025-12-30 01:15:00,159.26666666666665,real
2025-12-30 01:20:00,151.91,real
2025-12-30 01:25:00,132.3961111111111,real
2025-12-30 01:30:00,112.88222222222223,real
2025-12-30 01:35:00,93.36833333333334,real
2025-12-30 01:40:00,102.28,real
2025-12-30 01:45:00,111.19166666666668,real
2025-12-30 01:50:00,120.10333333333334,real
2025-12-30 01:55:00,142.22555555555556,real
2025-12-30 02:00:00,164.34777777777776,real
2025-12-30 02:05:00,186.47,real
2025-12-30 02:10:00,187.39833333333334,real
2025-12-30 02:15:00,188.32666666666665,real
2025-12-30 02:20:00,189.255,real
2025-12-30 02:25:00,169.2288888888889,real
2025-12-30 02:30:00,149.20277777777775,real
2025-12-30 02:35:00,129.17666666666665,real
2025-12-30 02:40:00,125.93444444444444,real
2025-12-30 02:45:00,122.69222222222221,real
2025-12-30 02:50:00,119.45,real
2025-12-30 02:55:00,118.65611111111112,real
2025-12-30 03:00:00,117.86222222222221,real
2025-12-30 03:05:00,117.06833333333333,real
2025-12-30 03:10:00,130.19944444444445,real
2025-12-30 03:15:00,143.33055555555555,real
2025-12-30 03:20:00,156.46166666666667,real
2025-12-30 03:25:00,161.51388888888889,real
2025-12-30 03:30:00,166.56611111111113,real
2025-12-30 03:35:00,171.61833333333334,real
2025-12-30 03:40:00,158.84222222222223,real
2025-12-30 03:45:00,146.0661111111111,real
2025-12-30 03:50:00,133.29,real
2025-12-30 03:55:00,132.26833333333332,real
2025-12-30 04:00:00,131.24666666666667,real
2025-12-30 04:05:00,130.225,real
2025-12-30 04:10:00,122.76888888888888,real
2025-12-30 04:15:00,115.31277777777778,real
2025-12-30 04:20:00,107.85666666666667,real
2025-12-30 04:25:00,119.16166666666668,real
2025-12-30 04:30:00,130.46666666666667,real
2025-12-30 04:35:00,141.77166666666668,real
2025-12-30 04:40:00,136.6977777777778,real
2025-12-30 04:45:00,131.6238888888889,real
2025-12-30 04:50:00,126.55,real
2025-12-30 04:55:00,127.78444444444445,real
2025-12-30 05:00:00,129.01888888888888,real
2025-12-30 05:05:00,130.25333333333333,real
2025-12-30 05:10:00,127.67555555555555,real
2025-12-30 05:15:00,125.09777777777778,real
2025-12-30 05:20:00,122.52,real
2025-12-30 05:25:00,110.1261111111111,real
2025-12-30 05:30:00,97.73222222222222,real
2025-12-30 05:35:00,85.33833333333332,real
2025-12-30 05:40:00,123.5211111111111,real
2025-12-30 05:45:00,161.70388888888886,real
2025-12-30 05:50:00,199.88666666666666,real
2025-12-30 05:55:00,163.27944444444444,real
2025-12-30 06:00:00,126.67222222222222,real
2025-12-30 06:05:00,90.065,real
2025-12-30 06:10:00,100.87722222222222,real
2025-12-30 06:15:00,111.68944444444445,real
2025-12-30 06:20:00,122.50166666666667,real
2025-12-30 06:25:00,125.09333333333333,real
2025-12-30 06:30:00,127.685,real
2025-12-30 06:35:00,130.27666666666667,real
2025-12-30 06:40:00,112.23444444444445,real
2025-12-30 06:45:00,94.19222222222221,real
2025-12-30 06:50:00,76.14999999999999,real
2025-12-30 06:55:00,102.23499999999999,real
2025-12-30 07:00:00,128.32,real
2025-12-30 07:05:00,154.405,real
2025-12-30 07:10:00,139.36,real
2025-12-30 07:15:00,124.315,real
2025-12-30 07:20:00,109.27,real
2025-12-30 07:25:00,116.38055555555555,real
2025-12-30 07:30:00,123.49111111111111,real
2025-12-30 07:35:00,130.60166666666666,real
2025-12-30 07:40:00,128.845,real
2025-12-30 07:45:00,127.08833333333332,real
2025-12-30 07:50:00,125.33166666666666,real
2025-12-30 07:55:00,281.98333333333335,real
2025-12-30 08:00:00,438.635,real
2025-12-30 08:05:00,595.2866666666666,real
2025-12-30 08:10:00,619.2127777777778,real
2025-12-30 08:15:00,643.1388888888888,real
2025-12-30 08:20:00,667.0649999999999,real
2025-12-30 08:25:00,659.8066666666666,real
2025-12-30 08:30:00,652.5483333333333,real
2025-12-30 08:35:00,645.29,real
2025-12-30 08:40:00,618.4688888888888,real
2025-12-30 08:45:00,591.6477777777778,real
2025-12-30 08:50:00,564.8266666666667,real
2025-12-30 08:55:00,612.0716666666667,real
2025-12-30 09:00:00,659.3166666666666,real
2025-12-30 09:05:00,706.5616666666666,real
2025-12-30 09:10:00,701.7038888888889,real
2025-12-30 09:15:00,696.8461111111111,real
2025-12-30 09:20:00,691.9883333333333,real
2025-12-30 09:25:00,658.55,real
2025-12-30 09:30:00,625.1116666666667,real
2025-12-30 09:35:00,591.6733333333333,real
2025-12-30 09:40:00,605.4177777777777,real
2025-12-30 09:45:00,619.1622222222222,real
2025-12-30 09:50:00,632.9066666666666,real
2025-12-30 09:55:00,614.8522222222222,real
2025-12-30 10:00:00,596.7977777777778,real
2025-12-30 10:05:00,578.7433333333333,real
2025-12-30 10:10:00,629.5538888888889,real
2025-12-30 10:15:00,680.3644444444445,real
2025-12-30 10:20:00,731.1750000000001,real
2025-12-30 10:25:00,720.6983333333334,real
2025-12-30 10:30:00,710.2216666666667,real
2025-12-30 10:35:00,699.745,real
2025-12-30 10:40:00,707.8894444444444,real
2025-12-30 10:45:00,716.0338888888889,real
2025-12-30 10:50:00,724.1783333333333,real
2025-12-30 10:55:00,700.5661111111111,real
2025-12-30 11:00:00,676.9538888888889,real
2025-12-30 11:05:00,653.3416666666667,real
2025-12-30 11:10:00,650.8677777777777,real
2025-12-30 11:15:00,648.3938888888889,real
2025-12-30 11:20:00,645.92,real
2025-12-30 11:25:00,670.8194444444445,real
2025-12-30 11:30:00,695.7188888888888,real
2025-12-30 11:35:00,720.6183333333333,real
2025-12-30 11:40:00,678.0216666666666,real
2025-12-30 11:45:00,635.425,real
2025-12-30 11:50:00,592.8283333333333,real
2025-12-30 11:55:00,504.1788888888888,real
2025-12-30 12:00:00,415.5294444444444,real
2025-12-30 12:05:00,326.88,real
2025-12-30 12:10:00,305.02555555555557,real
2025-12-30 12:15:00,283.1711111111111,real
2025-12-30 12:20:00,261.31666666666666,real
2025-12-30 12:25:00,270.38,real
2025-12-30 12:30:00,279.4433333333333,real
2025-12-30 12:35:00,288.50666666666666,real
2025-12-30 12:40:00,286.06944444444446,real
2025-12-30 12:45:00,283.6322222222222,real
2025-12-30 12:50:00,281.195,real
2025-12-30 12:55:00,271.2861111111111,real
2025-12-30 13:00:00,261.3772222222222,real
2025-12-30 13:05:00,251.46833333333333,real
2025-12-30 13:10:00,247.035,real
2025-12-30 13:15:00,242.60166666666666,real
2025-12-30 13:20:00,238.16833333333332,real
2025-12-30 13:25:00,248.54055555555556,real
2025-12-30 13:30:00,258.9127777777778,real
2025-12-30 13:35:00,269.285,real
2025-12-30 13:40:00,263.9166666666667,real
2025-12-30 13:45:00,258.54833333333335,real
2025-12-30 13:50:00,253.17999999999998,real
2025-12-30 13:55:00,374.62277777777774,real
2025-12-30 14:00:00,496.06555555555553,real
2025-12-30 14:05:00,617.5083333333333,real
2025-12-30 14:10:00,625.5761111111111,real
2025-12-30 14:15:00,633.6438888888889,real
2025-12-30 14:20:00,641.7116666666667,real
2025-12-30 14:25:00,645.4605555555556,real
2025-12-30 14:30:00,649.2094444444444,real
2025-12-30 14:35:00,652.9583333333334,real
2025-12-30 14:40:00,622.6588888888889,real
2025-12-30 14:45:00,592.3594444444445,real
2025-12-30 14:50:00,562.0600000000001,real
2025-12-30 14:55:00,547.4416666666667,real
2025-12-30 15:00:00,532.8233333333334,real
2025-12-30 15:05:00,518.205,real
2025-12-30 15:10:00,551.7422222222223,real
2025-12-30 15:15:00,585.2794444444445,real
2025-12-30 15:20:00,618.8166666666667,real
2025-12-30 15:25:00,605.3905555555556,real
2025-12-30 15:30:00,591.9644444444444,real
2025-12-30 15:35:00,578.5383333333333,real
2025-12-30 15:40:00,578.5072222222223,real
2025-12-30 15:45:00,578.4761111111111,real
2025-12-30 15:50:00,578.445,real
2025-12-30 15:55:00,581.4655555555556,real
2025-12-30 16:00:00,584.4861111111111,real
2025-12-30 16:05:00,587.5066666666667,real
2025-12-30 16:10:00,582.5088888888889,real
2025-12-30 16:15:00,577.5111111111111,real
2025-12-30 16:20:00,572.5133333333333,real
2025-12-30 16:25:00,580.7288888888888,real
2025-12-30 16:30:00,588.9444444444445,real
2025-12-30 16:35:00,597.16,real
2025-12-30 16:40:00,592.8011111111111,real
2025-12-30 16:45:00,588.4422222222222,real
2025-12-30 16:50:00,584.0833333333334,real
2025-12-30 16:55:00,567.5677777777778,real
2025-12-30 17:00:00,551.0522222222223,real
2025-12-30 17:05:00,534.5366666666667,real
2025-12-30 17:10:00,570.8133333333334,real
2025-12-30 17:15:00,607.09,real
2025-12-30 17:20:00,643.3666666666667,real
2025-12-30 17:25:00,633.2738888888889,real
2025-12-30 17:30:00,623.1811111111111,real
2025-12-30 17:35:00,613.0883333333334,real
2025-12-30 17:40:00,621.2477777777779,real
2025-12-30 17:45:00,629.4072222222222,real
2025-12-30 17:50:00,637.5666666666667,real
2025-12-30 17:55:00,600.0633333333334,real
2025-12-30 18:00:00,562.5600000000001,real
2025-12-30 18:05:00,525.0566666666667,real
2025-12-30 18:10:00,499.0422222222223,real
2025-12-30 18:15:00,473.02777777777777,real
2025-12-30 18:20:00,447.0133333333333,real
2025-12-30 18:25:00,462.07444444444445,real
2025-12-30 18:30:00,477.1355555555555,real
2025-12-30 18:35:00,492.19666666666666,real
2025-12-30 18:40:00,477.7394444444444,real
2025-12-30 18:45:00,463.28222222222223,real
2025-12-30 18:50:00,448.825,real
2025-12-30 18:55:00,473.7944444444444,real
2025-12-30 19:00:00,498.7638888888888,real
2025-12-30 19:05:00,523.7333333333332,real
2025-12-30 19:10:00,498.69722222222214,real
2025-12-30 19:15:00,473.6611111111111,real
2025-12-30 19:20:00,448.625,real
2025-12-30 19:25:00,470.1177777777778,real
2025-12-30 19:30:00,491.61055555555555,real
2025-12-30 19:35:00,513.1033333333334,real
2025-12-30 19:40:00,532.2283333333334,real
2025-12-30 19:45:00,551.3533333333334,real
2025-12-30 19:50:00,570.4783333333334,real
2025-12-30 19:55:00,410.4088888888889,real
2025-12-30 20:00:00,250.33944444444444,real
2025-12-30 20:05:00,90.27,real
2025-12-30 20:10:00,99.075,real
2025-12-30 20:15:00,107.88,real
2025-12-30 20:20:00,116.685,real
2025-12-30 20:25:00,111.13,real
2025-12-30 20:30:00,105.575,real
2025-12-30 20:35:00,100.02,real
2025-12-30 20:40:00,124.9661111111111,real
2025-12-30 20:45:00,149.91222222222223,real
2025-12-30 20:50:00,174.85833333333335,real
2025-12-30 20:55:00,149.63166666666666,real
2025-12-30 21:00:00,124.405,real
2025-12-30 21:05:00,99.17833333333333,real
2025-12-30 21:10:00,115.81166666666667,real
2025-12-30 21:15:00,132.445,real
2025-12-30 21:20:00,149.07833333333335,real
2025-12-30 21:25:00,144.8188888888889,real
2025-12-30 21:30:00,140.55944444444444,real
2025-12-30 21:35:00,136.29999999999998,real
2025-12-30 21:40:00,140.295,real
2025-12-30 21:45:00,144.29,real
2025-12-30 21:50:00,148.285,real
2025-12-30 21:55:00,144.43944444444443,real
2025-12-30 22:00:00,140.5938888888889,real
2025-12-30 22:05:00,136.74833333333333,real
2025-12-30 22:10:00,137.12444444444444,real
2025-12-30 22:15:00,137.50055555555556,real
2025-12-30 22:20:00,137.87666666666667,real
2025-12-30 22:25:00,131.79222222222222,real
2025-12-30 22:30:00,125.70777777777778,real
2025-12-30 22:35:00,119.62333333333333,real
2025-12-30 22:40:00,115.02,real
2025-12-30 22:45:00,110.41666666666667,real
2025-12-30 22:50:00,105.81333333333333,real
2025-12-30 22:55:00,109.61666666666667,real
2025-12-30 23:00:00,113.42,real
2025-12-30 23:05:00,117.22333333333334,real
2025-12-30 23:10:00,106.67500000000001,real
2025-12-30 23:15:00,96.12666666666667,real
2025-12-30 23:20:00,85.57833333333333,real
2025-12-30 23:25:00,97.62166666666667,real
2025-12-30 23:30:00,109.66499999999999,real
2025-12-30 23:35:00,121.70833333333333,real
2025-12-30 23:40:00,101.62166666666667,real
2025-12-30 23:45:00,81.535,real
2025-12-30 23:50:00,61.44833333333333,real
2025-12-30 23:55:00,97.03722222222223,real
2025-12-31 00:00:00,132.62611111111113,real
2025-12-31 00:05:00,168.215,real
2025-12-31 00:10:00,139.9388888888889,real
2025-12-31 00:15:00,111.66277777777778,real
2025-12-31 00:20:00,83.38666666666667,real
2025-12-31 00:25:00,83.6973031358885,real
2025-12-31 00:30:00,84.00793960511034,real
2025-12-31 00:35:00,84.31857607433217,real
2025-12-31 00:40:00,84.629212543554,real
2025-12-31 00:45:00,84.93984901277585,real
2025-12-31 00:50:00,85.25048548199769,real
2025-12-31 00:55:00,85.56112195121952,real
2025-12-31 01:00:00,85.87175842044135,real
2025-12-31 01:05:00,86.18239488966319,real
2025-12-31 01:10:00,86.49303135888502,real
2025-12-31 01:15:00,86.80366782810685,real
2025-12-31 01:20:00,87.11430429732869,real
2025-12-31 01:25:00,87.42494076655052,real
2025-12-31 01:30:00,87.73557723577237,real
2025-12-31 01:35:00,88.0462137049942,real
2025-12-31 01:40:00,88.35685017421604,real
2025-12-31 01:45:00,88.66748664343787,real
2025-12-31 01:50:00,88.9781231126597,real
2025-12-31 01:55:00,89.28875958188154,real
2025-12-31 02:00:00,89.59939605110337,real
2025-12-31 02:05:00,89.9100325203252,real
2025-12-31 02:10:00,90.22066898954704,real
2025-12-31 02:15:00,90.53130545876888,real
2025-12-31 02:20:00,90.84194192799072,real
2025-12-31 02:25:00,91.15257839721255,real
2025-12-31 02:30:00,91.46321486643438,real
2025-12-31 02:35:00,91.77385133565622,real
2025-12-31 02:40:00,92.08448780487805,real
2025-12-31 02:45:00,92.39512427409989,real
2025-12-31 02:50:00,92.70576074332172,real
2025-12-31 02:55:00,93.01639721254355,real
2025-12-31 03:00:00,93.32703368176539,real
2025-12-31 03:05:00,93.63767015098723,real
2025-12-31 03:10:00,93.94830662020907,real
2025-12-31 03:15:00,94.2589430894309,real
2025-12-31 03:20:00,94.56957955865273,real
2025-12-31 03:25:00,94.88021602787457,real
2025-12-31 03:30:00,95.1908524970964,real
2025-12-31 03:35:00,95.50148896631823,real
2025-12-31 03:40:00,95.81212543554007,real
2025-12-31 03:45:00,96.12276190476192,real
2025-12-31 03:50:00,96.43339837398375,real
2025-12-31 03:55:00,96.74403484320558,real
2025-12-31 04:00:00,97.05467131242742,real
2025-12-31 04:05:00,97.36530778164925,real
2025-12-31 04:10:00,97.67594425087108,real
2025-12-31 04:15:00,97.98658072009292,real
2025-12-31 04:20:00,98.29721718931475,real
2025-12-31 04:25:00,98.60785365853658,real
2025-12-31 04:30:00,98.91849012775842,real
2025-12-31 04:35:00,99.22912659698027,real
2025-12-31 04:40:00,99.5397630662021,real
2025-12-31 04:45:00,99.85039953542393,real
2025-12-31 04:50:00,100.16103600464577,real
2025-12-31 04:55:00,100.4716724738676,real
2025-12-31 05:00:00,100.78230894308943,real
2025-12-31 05:05:00,101.09294541231127,real
2025-12-31 05:10:00,101.40358188153311,real
2025-12-31 05:15:00,101.71421835075495,real
2025-12-31 05:20:00,102.02485481997678,real
2025-12-31 05:25:00,102.33549128919861,real
2025-12-31 05:30:00,102.64612775842045,real
2025-12-31 05:35:00,102.95676422764228,real
2025-12-31 05:40:00,103.26740069686412,real
2025-12-31 05:45:00,103.57803716608595,real
2025-12-31 05:50:00,103.88867363530778,real
2025-12-31 05:55:00,104.19931010452962,real
2025-12-31 06:00:00,104.50994657375145,real
2025-12-31 06:05:00,104.8205830429733,real
2025-12-31 06:10:00,105.13121951219513,real
2025-12-31 06:15:00,105.44185598141696,real
2025-12-31 06:20:00,105.7524924506388,real
2025-12-31 06:25:00,106.06312891986063,real
2025-12-31 06:30:00,106.37376538908246,real
2025-12-31 06:35:00,106.6844018583043,real
2025-12-31 06:40:00,106.99503832752615,real
2025-12-31 06:45:00,107.30567479674798,real
2025-12-31 06:50:00,107.61631126596981,real
2025-12-31 06:55:00,107.92694773519165,real
2025-12-31 07:00:00,108.23758420441348,real
2025-12-31 07:05:00,108.54822067363531,real
2025-12-31 07:10:00,108.85885714285715,real
2025-12-31 07:15:00,109.16949361207898,real
2025-12-31 07:20:00,109.48013008130081,real
2025-12-31 07:25:00,109.79076655052265,real
2025-12-31 07:30:00,110.10140301974448,real
2025-12-31 07:35:00,110.41203948896633,real
2025-12-31 07:40:00,110.72267595818816,real
2025-12-31 07:45:00,111.03331242741,real
2025-12-31 07:50:00,111.34394889663183,real
2025-12-31 07:55:00,111.65458536585366,real
2025-12-31 08:00:00,111.9652218350755,real
2025-12-31 08:05:00,112.27585830429733,real
2025-12-31 08:10:00,112.58649477351918,real
2025-12-31 08:15:00,112.89713124274101,real
2025-12-31 08:20:00,113.20776771196284,real
2025-12-31 08:25:00,113.51840418118468,real
2025-12-31 08:30:00,113.82904065040651,real
2025-12-31 08:35:00,114.13967711962835,real
2025-12-31 08:40:00,114.45031358885018,real
2025-12-31 08:45:00,114.76095005807201,real
2025-12-31 08:50:00,115.07158652729385,real
2025-12-31 08:55:00,115.38222299651568,real
2025-12-31 09:00:00,115.69285946573751,real
2025-12-31 09:05:00,116.00349593495935,real
2025-12-31 09:10:00,116.3141324041812,real
2025-12-31 09:15:00,116.62476887340303,real
2025-12-31 09:20:00,116.93540534262486,real
2025-12-31 09:25:00,117.2460418118467,real
2025-12-31 09:30:00,117.55667828106853,real
2025-12-31 09:35:00,117.86731475029038,real
2025-12-31 09:40:00,118.17795121951221,real
2025-12-31 09:45:00,118.48858768873404,real
2025-12-31 09:50:00,118.79922415795588,real
2025-12-31 09:55:00,119.10986062717771,real
2025-12-31 10:00:00,119.42049709639954,real
2025-12-31 10:05:00,119.73113356562138,real
2025-12-31 10:10:00,120.04177003484321,real
2025-12-31 10:15:00,120.35240650406504,real
2025-12-31 10:20:00,120.66304297328688,real
2025-12-31 10:25:00,120.97367944250871,real
2025-12-31 10:30:00,121.28431591173054,real
2025-12-31 10:35:00,121.59495238095238,real
2025-12-31 10:40:00,121.90558885017421,real
2025-12-31 10:45:00,122.21622531939606,real
2025-12-31 10:50:00,122.5268617886179,real
2025-12-31 10:55:00,122.83749825783973,real
2025-12-31 11:00:00,123.14813472706156,real
2025-12-31 11:05:00,123.45877119628341,real
2025-12-31 11:10:00,123.76940766550524,real
2025-12-31 11:15:00,124.08004413472707,real
2025-12-31 11:20:00,124.39068060394891,real
2025-12-31 11:25:00,124.70131707317074,real
2025-12-31 11:30:00,125.01195354239258,real
2025-12-31 11:35:00,125.32259001161441,real
2025-12-31 11:40:00,125.63322648083624,real
2025-12-31 11:45:00,125.94386295005808,real
2025-12-31 11:50:00,126.25449941927991,real
2025-12-31 11:55:00,126.56513588850174,real
2025-12-31 12:00:00,126.87577235772358,real
2025-12-31 12:05:00,127.18640882694541,real
2025-12-31 12:10:00,127.49704529616724,real
2025-12-31 12:15:00,127.80768176538909,real
2025-12-31 12:20:00,128.1183182346109,real
2025-12-31 12:25:00,128.42895470383274,real
2025-12-31 12:30:00,128.73959117305458,real
2025-12-31 12:35:00,129.05022764227644,real
2025-12-31 12:40:00,129.36086411149827,real
2025-12-31 12:45:00,129.6715005807201,real
2025-12-31 12:50:00,129.98213704994194,real
2025-12-31 12:55:00,130.29277351916377,real
2025-12-31 13:00:00,130.6034099883856,real
2025-12-31 13:05:00,130.91404645760744,real
2025-12-31 13:10:00,131.22468292682927,real
2025-12-31 13:15:00,131.5353193960511,real
2025-12-31 13:20:00,131.84595586527294,real
2025-12-31 13:25:00,132.15659233449477,real
2025-12-31 13:30:00,132.4672288037166,real
2025-12-31 13:35:00,132.77786527293844,real
2025-12-31 13:40:00,133.08850174216028,real
2025-12-31 13:45:00,133.39913821138214,real
2025-12-31 13:50:00,133.70977468060397,real
2025-12-31 13:55:00,134.0204111498258,real
2025-12-31 14:00:00,134.33104761904764,real
2025-12-31 14:05:00,134.64168408826947,real
2025-12-31 14:10:00,134.9523205574913,real
2025-12-31 14:15:00,135.26295702671314,real
2025-12-31 14:20:00,135.57359349593497,real
2025-12-31 14:25:00,135.8842299651568,real
2025-12-31 14:30:00,136.19486643437864,real
2025-12-31 14:35:00,136.50550290360047,real
2025-12-31 14:40:00,136.8161393728223,real
2025-12-31 14:45:00,137.12677584204414,real
2025-12-31 14:50:00,137.43741231126597,real
2025-12-31 14:55:00,137.7480487804878,real
2025-12-31 15:00:00,138.05868524970964,real
2025-12-31 15:05:00,138.36932171893147,real
2025-12-31 15:10:00,138.6799581881533,real
2025-12-31 15:15:00,138.99059465737514,real
2025-12-31 15:20:00,139.30123112659697,real
2025-12-31 15:25:00,139.6118675958188,real
2025-12-31 15:30:00,139.92250406504064,real
2025-12-31 15:35:00,140.2331405342625,real
2025-12-31 15:40:00,140.54377700348434,real
2025-12-31 15:45:00,140.85441347270617,real
2025-12-31 15:50:00,141.165049941928,real
2025-12-31 15:55:00,141.47568641114984,real
2025-12-31 16:00:00,141.78632288037167,real
2025-12-31 16:05:00,142.0969593495935,real
2025-12-31 16:10:00,142.40759581881534,real
2025-12-31 16:15:00,142.71823228803717,real
2025-12-31 16:20:00,143.028868757259,real
2025-12-31 16:25:00,143.33950522648084,real
2025-12-31 16:30:00,143.65014169570267,real
2025-12-31 16:35:00,143.9607781649245,real
2025-12-31 16:40:00,144.27141463414634,real
2025-12-31 16:45:00,144.5820511033682,real
2025-12-31 16:50:00,144.89268757259003,real
2025-12-31 16:55:00,145.20332404181187,real
2025-12-31 17:00:00,145.5139605110337,real
2025-12-31 17:05:00,145.82459698025554,real
2025-12-31 17:10:00,146.13523344947737,real
2025-12-31 17:15:00,146.4458699186992,real
2025-12-31 17:20:00,146.75650638792104,real
2025-12-31 17:25:00,147.06714285714287,real
2025-12-31 17:30:00,147.3777793263647,real
2025-12-31 17:35:00,147.68841579558654,real
2025-12-31 17:40:00,147.99905226480837,real
2025-12-31 17:45:00,148.3096887340302,real
2025-12-31 17:50:00,148.62032520325204,real
2025-12-31 17:55:00,148.93096167247387,real
2025-12-31 18:00:00,149.2415981416957,real
2025-12-31 18:05:00,149.55223461091754,real
2025-12-31 18:10:00,149.86287108013937,real
2025-12-31 18:15:00,150.1735075493612,real
2025-12-31 18:20:00,150.48414401858304,real
2025-12-31 18:25:00,150.79478048780487,real
2025-12-31 18:30:00,151.1054169570267,real
2025-12-31 18:35:00,151.41605342624854,real
2025-12-31 18:40:00,151.72668989547037,real
2025-12-31 18:45:00,152.03732636469223,real
2025-12-31 18:50:00,152.34796283391407,real
2025-12-31 18:55:00,152.6585993031359,real
2025-12-31 19:00:00,152.96923577235773,real
2025-12-31 19:05:00,153.27987224157957,real
2025-12-31 19:10:00,153.5905087108014,real
2025-12-31 19:15:00,153.90114518002324,real
2025-12-31 19:20:00,154.21178164924507,real
2025-12-31 19:25:00,154.5224181184669,real
2025-12-31 19:30:00,154.83305458768876,real
2025-12-31 19:35:00,155.1436910569106,real
2025-12-31 19:40:00,155.45432752613243,real
2025-12-31 19:45:00,155.76496399535426,real
2025-12-31 19:50:00,156.0756004645761,real
2025-12-31 19:55:00,156.38623693379793,real
2025-12-31 20:00:00,156.69687340301977,real
2025-12-31 20:05:00,157.0075098722416,real
2025-12-31 20:10:00,157.31814634146343,real
2025-12-31 20:15:00,157.62878281068527,real
2025-12-31 20:20:00,157.9394192799071,real
2025-12-31 20:25:00,158.25005574912893,real
2025-12-31 20:30:00,158.56069221835077,real
2025-12-31 20:35:00,158.8713286875726,real
2025-12-31 20:40:00,159.18196515679443,real
2025-12-31 20:45:00,159.49260162601627,real
2025-12-31 20:50:00,159.8032380952381,real
2025-12-31 20:55:00,160.11387456445993,real
2025-12-31 21:00:00,160.42451103368177,real
2025-12-31 21:05:00,160.7351475029036,real
2025-12-31 21:10:00,161.04578397212543,real
2025-12-31 21:15:00,161.35642044134727,real
2025-12-31 21:20:00,161.6670569105691,real
2025-12-31 21:25:00,161.97769337979094,real
2025-12-31 21:30:00,162.28832984901277,real
2025-12-31 21:35:00,162.5989663182346,real
2025-12-31 21:40:00,162.90960278745644,real
2025-12-31 21:45:00,163.22023925667827,real
2025-12-31 21:50:00,163.53087572590013,real
2025-12-31 21:55:00,163.84151219512196,real
2025-12-31 22:00:00,164.1521486643438,real
2025-12-31 22:05:00,164.46278513356563,real
2025-12-31 22:10:00,164.77342160278747,real
2025-12-31 22:15:00,165.0840580720093,real
2025-12-31 22:20:00,165.39469454123113,real
2025-12-31 22:25:00,165.70533101045297,real
2025-12-31 22:30:00,166.0159674796748,real
2025-12-31 22:35:00,166.32660394889666,real
2025-12-31 22:40:00,166.6372404181185,real
2025-12-31 22:45:00,166.94787688734033,real
2025-12-31 22:50:00,167.25851335656216,real
2025-12-31 22:55:00,167.569149825784,real
2025-12-31 23:00:00,167.87978629500583,real
2025-12-31 23:05:00,168.19042276422766,real
2025-12-31 23:10:00,168.5010592334495,real
2025-12-31 23:15:00,168.81169570267133,real
2025-12-31 23:20:00,169.12233217189316,real
2025-12-31 23:25:00,169.432968641115,real
2025-12-31 23:30:00,169.74360511033683,real
2025-12-31 23:35:00,170.05424157955866,real
2025-12-31 23:40:00,170.3648780487805,real
2025-12-31 23:45:00,170.67551451800233,real
2025-12-31 23:50:00,170.98615098722416,real
2025-12-31 23:55:00,171.296787456446,real
2026-01-01 00:00:00,171.60742392566783,real
2026-01-01 00:05:00,171.91806039488966,real
2026-01-01 00:10:00,172.2286968641115,real
2026-01-01 00:15:00,172.53933333333333,real
2026-01-01 00:20:00,172.84996980255517,real
2026-01-01 00:25:00,173.160606271777,real
2026-01-01 00:30:00,173.47124274099883,real
2026-01-01 00:35:00,173.78187921022067,real
2026-01-01 00:40:00,174.0925156794425,real
2026-01-01 00:45:00,174.40315214866433,real
2026-01-01 00:50:00,174.7137886178862,real
2026-01-01 00:55:00,175.02442508710803,real
2026-01-01 01:00:00,175.33506155632986,real
2026-01-01 01:05:00,175.6456980255517,real
2026-01-01 01:10:00,175.95633449477353,real
2026-01-01 01:15:00,176.26697096399536,real
2026-01-01 01:20:00,176.5776074332172,real
2026-01-01 01:25:00,176.88824390243903,real
2026-01-01 01:30:00,177.19888037166086,real
2026-01-01 01:35:00,177.50951684088272,real
2026-01-01 01:40:00,177.82015331010456,real
2026-01-01 01:45:00,178.1307897793264,real
2026-01-01 01:50:00,178.44142624854823,real
2026-01-01 01:55:00,178.75206271777006,real
2026-01-01 02:00:00,179.0626991869919,real
2026-01-01 02:05:00,179.37333565621373,real
2026-01-01 02:10:00,179.68397212543556,real
2026-01-01 02:15:00,179.9946085946574,real
2026-01-01 02:20:00,180.30524506387923,real
2026-01-01 02:25:00,180.61588153310106,real
2026-01-01 02:30:00,180.9265180023229,real
2026-01-01 02:35:00,181.23715447154473,real
2026-01-01 02:40:00,181.54779094076656,real
2026-01-01 02:45:00,181.8584274099884,real
2026-01-01 02:50:00,182.16906387921023,real
2026-01-01 02:55:00,182.47970034843206,real
2026-01-01 03:00:00,182.7903368176539,real
2026-01-01 03:05:00,183.10097328687573,real
2026-01-01 03:10:00,183.41160975609756,real
2026-01-01 03:15:00,183.7222462253194,real
2026-01-01 03:20:00,184.03288269454123,real
2026-01-01 03:25:00,184.34351916376306,real
2026-01-01 03:30:00,184.6541556329849,real
2026-01-01 03:35:00,184.96479210220673,real
2026-01-01 03:40:00,185.27542857142856,real
2026-01-01 03:45:00,185.5860650406504,real
2026-01-01 03:50:00,185.89670150987226,real
2026-01-01 03:55:00,186.2073379790941,real
2026-01-01 04:00:00,186.51797444831593,real
2026-01-01 04:05:00,186.82861091753776,real
2026-01-01 04:10:00,187.1392473867596,real
2026-01-01 04:15:00,187.44988385598143,real
2026-01-01 04:20:00,187.76052032520326,real
2026-01-01 04:25:00,188.0711567944251,real
2026-01-01 04:30:00,188.38179326364693,real
2026-01-01 04:35:00,188.6924297328688,real
2026-01-01 04:40:00,189.00306620209062,real
2026-01-01 04:45:00,189.31370267131246,real
2026-01-01 04:50:00,189.6243391405343,real
2026-01-01 04:55:00,189.93497560975612,real
2026-01-01 05:00:00,190.24561207897796,real
2026-01-01 05:05:00,190.5562485481998,real
2026-01-01 05:10:00,190.86688501742162,real
2026-01-01 05:15:00,191.17752148664346,real
2026-01-01 05:20:00,191.4881579558653,real
2026-01-01 05:25:00,191.79879442508712,real
2026-01-01 05:30:00,192.10943089430896,real
2026-01-01 05:35:00,192.4200673635308,real
2026-01-01 05:40:00,192.73070383275262,real
2026-01-01 05:45:00,193.04134030197446,real
2026-01-01 05:50:00,193.3519767711963,real
2026-01-01 05:55:00,193.66261324041812,real
2026-01-01 06:00:00,193.97324970963996,real
2026-01-01 06:05:00,194.2838861788618,real
2026-01-01 06:10:00,194.59452264808363,real
2026-01-01 06:15:00,194.90515911730546,real
2026-01-01 06:20:00,195.2157955865273,real
2026-01-01 06:25:00,195.52643205574913,real
2026-01-01 06:30:00,195.83706852497096,real
2026-01-01 06:35:00,196.1477049941928,real
2026-01-01 06:40:00,196.45834146341463,real
2026-01-01 06:45:00,196.76897793263646,real
2026-01-01 06:50:00,197.07961440185832,real
2026-01-01 06:55:00,197.39025087108016,real
2026-01-01 07:00:00,197.700887340302,real
2026-01-01 07:05:00,198.01152380952382,real
2026-01-01 07:10:00,198.32216027874566,real
2026-01-01 07:15:00,198.6327967479675,real
2026-01-01 07:20:00,198.94343321718932,real
2026-01-01 07:25:00,199.25406968641116,real
2026-01-01 07:30:00,199.564706155633,real
2026-01-01 07:35:00,199.87534262485485,real
2026-01-01 07:40:00,200.18597909407669,real
2026-01-01 07:45:00,200.49661556329852,real
2026-01-01 07:50:00,200.80725203252035,real
2026-01-01 07:55:00,201.1178885017422,real
2026-01-01 08:00:00,201.42852497096402,real
2026-01-01 08:05:00,201.73916144018585,real
2026-01-01 08:10:00,202.0497979094077,real
2026-01-01 08:15:00,202.36043437862952,real
2026-01-01 08:20:00,202.67107084785135,real
2026-01-01 08:25:00,202.9817073170732,real
2026-01-01 08:30:00,203.29234378629502,real
2026-01-01 08:35:00,203.60298025551685,real
2026-01-01 08:40:00,203.9136167247387,real
2026-01-01 08:45:00,204.22425319396052,real
2026-01-01 08:50:00,204.53488966318235,real
2026-01-01 08:55:00,204.8455261324042,real
2026-01-01 09:00:00,205.15616260162602,real
2026-01-01 09:05:00,205.46679907084786,real
2026-01-01 09:10:00,205.7774355400697,real
2026-01-01 09:15:00,206.08807200929152,real
2026-01-01 09:20:00,206.39870847851336,real
2026-01-01 09:25:00,206.7093449477352,real
2026-01-01 09:30:00,207.01998141695702,real
2026-01-01 09:35:00,207.33061788617886,real
2026-01-01 09:40:00,207.6412543554007,real
2026-01-01 09:45:00,207.95189082462252,real
2026-01-01 09:50:00,208.26252729384439,real
2026-01-01 09:55:00,208.57316376306622,real
2026-01-01 10:00:00,208.88380023228805,real
2026-01-01 10:05:00,209.1944367015099,real
2026-01-01 10:10:00,209.50507317073172,real
2026-01-01 10:15:00,209.81570963995355,real
2026-01-01 10:20:00,210.1263461091754,real
2026-01-01 10:25:00,210.43698257839722,real
2026-01-01 10:30:00,210.74761904761905,real
2026-01-01 10:35:00,211.05825551684092,real
2026-01-01 10:40:00,211.36889198606275,real
2026-01-01 10:45:00,211.67952845528458,real
2026-01-01 10:50:00,211.99016492450642,real
2026-01-01 10:55:00,212.30080139372825,real
2026-01-01 11:00:00,212.61143786295008,real
2026-01-01 11:05:00,212.92207433217192,real
2026-01-01 11:10:00,213.23271080139375,real
2026-01-01 11:15:00,213.54334727061558,real
2026-01-01 11:20:00,213.85398373983742,real
2026-01-01 11:25:00,214.16462020905925,real
2026-01-01 11:30:00,214.47525667828108,real
2026-01-01 11:35:00,214.78589314750292,real
2026-01-01 11:40:00,215.09652961672475,real
2026-01-01 11:45:00,215.40716608594659,real
2026-01-01 11:50:00,215.71780255516842,real
2026-01-01 11:55:00,216.02843902439025,real
2026-01-01 12:00:00,216.33907549361209,real
2026-01-01 12:05:00,216.64971196283392,real
2026-01-01 12:10:00,216.96034843205575,real
2026-01-01 12:15:00,217.2709849012776,real
2026-01-01 12:20:00,217.58162137049942,real
2026-01-01 12:25:00,217.89225783972125,real
2026-01-01 12:30:00,218.2028943089431,real
2026-01-01 12:35:00,218.51353077816492,real
2026-01-01 12:40:00,218.82416724738675,real
2026-01-01 12:45:00,219.1348037166086,real
2026-01-01 12:50:00,219.44544018583042,real
2026-01-01 12:55:00,219.75607665505225,real
2026-01-01 13:00:00,220.0667131242741,real
2026-01-01 13:05:00,220.37734959349592,real
2026-01-01 13:10:00,220.6879860627178,real
2026-01-01 13:15:00,220.99862253193965,real
2026-01-01 13:20:00,221.30925900116148,real
2026-01-01 13:25:00,221.6198954703833,real
2026-01-01 13:30:00,221.93053193960515,real
2026-01-01 13:35:00,222.24116840882698,real
2026-01-01 13:40:00,222.5518048780488,real
2026-01-01 13:45:00,222.86244134727065,real
2026-01-01 13:50:00,223.17307781649248,real
2026-01-01 13:55:00,223.4837142857143,real
2026-01-01 14:00:00,223.79435075493615,real
2026-01-01 14:05:00,224.10498722415798,real
2026-01-01 14:10:00,224.4156236933798,real
2026-01-01 14:15:00,224.72626016260165,real
2026-01-01 14:20:00,225.03689663182348,real
2026-01-01 14:25:00,225.34753310104531,real
2026-01-01 14:30:00,225.65816957026715,real
2026-01-01 14:35:00,225.96880603948898,real
2026-01-01 14:40:00,226.27944250871082,real
2026-01-01 14:45:00,226.59007897793265,real
2026-01-01 14:50:00,226.90071544715448,real
2026-01-01 14:55:00,227.21135191637632,real
2026-01-01 15:00:00,227.52198838559815,real
2026-01-01 15:05:00,227.83262485481998,real
2026-01-01 15:10:00,228.14326132404182,real
2026-01-01 15:15:00,228.45389779326365,real
2026-01-01 15:20:00,228.76453426248548,real
2026-01-01 15:25:00,229.07517073170732,real
2026-01-01 15:30:00,229.38580720092915,real
2026-01-01 15:35:00,229.69644367015098,real
2026-01-01 15:40:00,230.00708013937282,real
2026-01-01 15:45:00,230.31771660859465,real
2026-01-01 15:50:00,230.62835307781648,real
2026-01-01 15:55:00,230.93898954703832,real
2026-01-01 16:00:00,231.24962601626015,real
2026-01-01 16:05:00,231.56026248548199,real
2026-01-01 16:10:00,231.87089895470382,real
2026-01-01 16:15:00,232.1815354239257,real
2026-01-01 16:20:00,232.49217189314754,real
2026-01-01 16:25:00,232.80280836236938,real
2026-01-01 16:30:00,233.1134448315912,real
2026-01-01 16:35:00,233.42408130081304,real
2026-01-01 16:40:00,233.73471777003488,real
2026-01-01 16:45:00,234.0453542392567,real
2026-01-01 16:50:00,234.35599070847854,real
2026-01-01 16:55:00,234.66662717770038,real
2026-01-01 17:00:00,234.9772636469222,real
2026-01-01 17:05:00,235.28790011614404,real
2026-01-01 17:10:00,235.59853658536588,real
2026-01-01 17:15:00,235.9091730545877,real
2026-01-01 17:20:00,236.21980952380954,real
2026-01-01 17:25:00,236.53044599303138,real
2026-01-01 17:30:00,236.8410824622532,real
2026-01-01 17:35:00,237.15171893147505,real
2026-01-01 17:40:00,237.46235540069688,real
2026-01-01 17:45:00,237.7729918699187,real
2026-01-01 17:50:00,238.08362833914055,real
2026-01-01 17:55:00,238.39426480836238,real
2026-01-01 18:00:00,238.7049012775842,real
2026-01-01 18:05:00,239.01553774680605,real
2026-01-01 18:10:00,239.32617421602788,real
2026-01-01 18:15:00,239.6368106852497,real
2026-01-01 18:20:00,239.94744715447155,real
2026-01-01 18:25:00,240.25808362369338,real
2026-01-01 18:30:00,240.5687200929152,real
2026-01-01 18:35:00,240.87935656213705,real
2026-01-01 18:40:00,241.18999303135888,real
2026-01-01 18:45:00,241.50062950058071,real
2026-01-01 18:50:00,241.81126596980255,real
2026-01-01 18:55:00,242.12190243902438,real
2026-01-01 19:00:00,242.43253890824622,real
2026-01-01 19:05:00,242.74317537746805,real
2026-01-01 19:10:00,243.05381184668988,real
2026-01-01 19:15:00,243.36444831591177,real
2026-01-01 19:20:00,243.6750847851336,real
2026-01-01 19:25:00,243.98572125435544,real
2026-01-01 19:30:00,244.29635772357727,real
2026-01-01 19:35:00,244.6069941927991,real
2026-01-01 19:40:00,244.91763066202094,real
2026-01-01 19:45:00,245.22826713124277,real
2026-01-01 19:50:00,245.5389036004646,real
2026-01-01 19:55:00,245.84954006968644,real
2026-01-01 20:00:00,246.16017653890827,real
2026-01-01 20:05:00,246.4708130081301,real
2026-01-01 20:10:00,246.78144947735194,real
2026-01-01 20:15:00,247.09208594657377,real
2026-01-01 20:20:00,247.4027224157956,real
2026-01-01 20:25:00,247.71335888501744,real
2026-01-01 20:30:00,248.02399535423928,real
2026-01-01 20:35:00,248.3346318234611,real
2026-01-01 20:40:00,248.64526829268294,real
2026-01-01 20:45:00,248.95590476190478,real
2026-01-01 20:50:00,249.2665412311266,real
2026-01-01 20:55:00,249.57717770034844,real
2026-01-01 21:00:00,249.88781416957028,real
2026-01-01 21:05:00,250.1984506387921,real
2026-01-01 21:10:00,250.50908710801394,real
2026-01-01 21:15:00,250.81972357723578,real
2026-01-01 21:20:00,251.1303600464576,real
2026-01-01 21:25:00,251.44099651567944,real
2026-01-01 21:30:00,251.75163298490128,real
2026-01-01 21:35:00,252.0622694541231,real
2026-01-01 21:40:00,252.37290592334494,real
2026-01-01 21:45:00,252.68354239256678,real
2026-01-01 21:50:00,252.9941788617886,real
2026-01-01 21:55:00,253.30481533101045,real
2026-01-01 22:00:00,253.61545180023228,real
2026-01-01 22:05:00,253.9260882694541,real
2026-01-01 22:10:00,254.23672473867595,real
2026-01-01 22:15:00,254.54736120789784,real
2026-01-01 22:20:00,254.85799767711967,real
2026-01-01 22:25:00,255.1686341463415,real
2026-01-01 22:30:00,255.47927061556334,real
2026-01-01 22:35:00,255.78990708478517,real
2026-01-01 22:40:00,256.100543554007,real
2026-01-01 22:45:00,256.41118002322884,real
2026-01-01 22:50:00,256.72181649245067,real
2026-01-01 22:55:00,257.0324529616725,real
2026-01-01 23:00:00,257.34308943089434,real
2026-01-01 23:05:00,257.65372590011617,real
2026-01-01 23:10:00,257.964362369338,real
2026-01-01 23:15:00,258.27499883855984,real
2026-01-01 23:20:00,258.5856353077817,real
2026-01-01 23:25:00,258.8962717770035,real
2026-01-01 23:30:00,259.20690824622534,real
2026-01-01 23:35:00,259.5175447154472,real
2026-01-01 23:40:00,259.828181184669,real
2026-01-01 23:45:00,260.13881765389084,real
2026-01-01 23:50:00,260.4494541231127,real
2026-01-01 23:55:00,260.7600905923345,real
2026-01-02 00:00:00,261.07072706155634,real
2026-01-02 00:05:00,261.3813635307782,real
2026-01-02 00:10:00,261.692,real
2026-01-02 00:15:00,262.00263646922184,real
2026-01-02 00:20:00,262.3132729384437,real
2026-01-02 00:25:00,262.6239094076655,real
2026-01-02 00:30:00,262.93454587688734,real
2026-01-02 00:35:00,263.2451823461092,real
2026-01-02 00:40:00,263.555818815331,real
2026-01-02 00:45:00,263.86645528455284,real
2026-01-02 00:50:00,264.1770917537747,real
2026-01-02 00:55:00,264.4877282229965,real
2026-01-02 01:00:00,264.79836469221834,real
2026-01-02 01:05:00,265.1090011614402,real
2026-01-02 01:10:00,265.419637630662,real
2026-01-02 01:15:00,265.7302740998839,real
2026-01-02 01:20:00,266.04091056910573,real
2026-01-02 01:25:00,266.35154703832757,real
2026-01-02 01:30:00,266.6621835075494,real
2026-01-02 01:35:00,266.97281997677123,real
2026-01-02 01:40:00,267.28345644599307,real
2026-01-02 01:45:00,267.5940929152149,real
2026-01-02 01:50:00,267.90472938443673,real
2026-01-02 01:55:00,268.21536585365857,real
2026-01-02 02:00:00,268.5260023228804,real
2026-01-02 02:05:00,268.83663879210224,real
2026-01-02 02:10:00,269.14727526132407,real
2026-01-02 02:15:00,269.4579117305459,real
2026-01-02 02:20:00,269.76854819976774,real
2026-01-02 02:25:00,270.07918466898957,real
2026-01-02 02:30:00,270.3898211382114,real
2026-01-02 02:35:00,270.70045760743324,real
2026-01-02 02:40:00,271.01109407665507,real
2026-01-02 02:45:00,271.3217305458769,real
2026-01-02 02:50:00,271.63236701509874,real
2026-01-02 02:55:00,271.94300348432057,real
2026-01-02 03:00:00,272.2536399535424,real
2026-01-02 03:05:00,272.56427642276424,real
2026-01-02 03:10:00,272.87491289198607,real
2026-01-02 03:15:00,273.1855493612079,real
2026-01-02 03:20:00,273.49618583042974,real
2026-01-02 03:25:00,273.80682229965157,real
2026-01-02 03:30:00,274.1174587688734,real
2026-01-02 03:35:00,274.42809523809524,real
2026-01-02 03:40:00,274.7387317073171,real
2026-01-02 03:45:00,275.0493681765389,real
2026-01-02 03:50:00,275.36000464576074,real
2026-01-02 03:55:00,275.6706411149826,real
2026-01-02 04:00:00,275.9812775842044,real
2026-01-02 04:05:00,276.29191405342624,real
2026-01-02 04:10:00,276.6025505226481,real
2026-01-02 04:15:00,276.91318699186996,real
2026-01-02 04:20:00,277.2238234610918,real
2026-01-02 04:25:00,277.53445993031363,real
2026-01-02 04:30:00,277.84509639953546,real
2026-01-02 04:35:00,278.1557328687573,real
2026-01-02 04:40:00,278.46636933797913,real
2026-01-02 04:45:00,278.77700580720096,real
2026-01-02 04:50:00,279.0876422764228,real
2026-01-02 04:55:00,279.39827874564463,real
2026-01-02 05:00:00,279.70891521486647,real
2026-01-02 05:05:00,280.0195516840883,real
2026-01-02 05:10:00,280.33018815331013,real
2026-01-02 05:15:00,280.64082462253197,real
2026-01-02 05:20:00,280.9514610917538,real
2026-01-02 05:25:00,281.26209756097563,real
2026-01-02 05:30:00,281.57273403019747,real
2026-01-02 05:35:00,281.8833704994193,real
2026-01-02 05:40:00,282.19400696864113,real
2026-01-02 05:45:00,282.50464343786297,real
2026-01-02 05:50:00,282.8152799070848,real
2026-01-02 05:55:00,283.12591637630663,real
2026-01-02 06:00:00,283.43655284552847,real
2026-01-02 06:05:00,283.7471893147503,real
2026-01-02 06:10:00,284.05782578397213,real
2026-01-02 06:15:00,284.36846225319397,real
2026-01-02 06:20:00,284.6790987224158,real
2026-01-02 06:25:00,284.98973519163764,real
2026-01-02 06:30:00,285.30037166085947,real
2026-01-02 06:35:00,285.6110081300813,real
2026-01-02 06:40:00,285.92164459930314,real
2026-01-02 06:45:00,286.23228106852497,real
2026-01-02 06:50:00,286.5429175377468,real
2026-01-02 06:55:00,286.85355400696864,real
2026-01-02 07:00:00,287.16419047619047,real
2026-01-02 07:05:00,287.4748269454123,real
2026-01-02 07:10:00,287.78546341463414,real
2026-01-02 07:15:00,288.096099883856,real
2026-01-02 07:20:00,288.40673635307786,real
2026-01-02 07:25:00,288.7173728222997,real
2026-01-02 07:30:00,289.0280092915215,real
2026-01-02 07:35:00,289.33864576074336,real
2026-01-02 07:40:00,289.6492822299652,real
2026-01-02 07:45:00,289.959918699187,real
2026-01-02 07:50:00,290.27055516840886,real
2026-01-02 07:55:00,290.5811916376307,real
2026-01-02 08:00:00,290.89182810685253,real
2026-01-02 08:05:00,291.20246457607436,real
2026-01-02 08:10:00,291.5131010452962,real
2026-01-02 08:15:00,291.82373751451803,real
2026-01-02 08:20:00,292.13437398373986,real
2026-01-02 08:25:00,292.4450104529617,real
2026-01-02 08:30:00,292.75564692218353,real
2026-01-02 08:35:00,293.06628339140536,real
2026-01-02 08:40:00,293.3769198606272,real
2026-01-02 08:45:00,293.68755632984903,real
2026-01-02 08:50:00,293.99819279907086,real
2026-01-02 08:55:00,294.3088292682927,real
2026-01-02 09:00:00,294.61946573751453,real
2026-01-02 09:05:00,294.93010220673636,real
2026-01-02 09:10:00,295.2407386759582,real
2026-01-02 09:15:00,295.55137514518003,real
2026-01-02 09:20:00,295.86201161440187,real
2026-01-02 09:25:00,296.1726480836237,real
2026-01-02 09:30:00,296.48328455284553,real
2026-01-02 09:35:00,296.79392102206737,real
2026-01-02 09:40:00,297.1045574912892,real
2026-01-02 09:45:00,297.41519396051103,real
2026-01-02 09:50:00,297.72583042973287,real
2026-01-02 09:55:00,298.0364668989547,real
2026-01-02 10:00:00,298.34710336817653,real
2026-01-02 10:05:00,298.65773983739837,real
2026-01-02 10:10:00,298.9683763066202,real
2026-01-02 10:15:00,299.2790127758421,real
2026-01-02 10:20:00,299.5896492450639,real
2026-01-02 10:25:00,299.90028571428576,real
2026-01-02 10:30:00,300.2109221835076,real
2026-01-02 10:35:00,300.5215586527294,real
2026-01-02 10:40:00,300.83219512195126,real
2026-01-02 10:45:00,301.1428315911731,real
2026-01-02 10:50:00,301.4534680603949,real
2026-01-02 10:55:00,301.76410452961676,real
2026-01-02 11:00:00,302.0747409988386,real
2026-01-02 11:05:00,302.3853774680604,real
2026-01-02 11:10:00,302.69601393728226,real
2026-01-02 11:15:00,303.0066504065041,real
2026-01-02 11:20:00,303.3172868757259,real
2026-01-02 11:25:00,303.62792334494776,real
2026-01-02 11:30:00,303.9385598141696,real
2026-01-02 11:35:00,304.2491962833914,real
2026-01-02 11:40:00,304.55983275261326,real
2026-01-02 11:45:00,304.8704692218351,real
2026-01-02 11:50:00,305.1811056910569,real
2026-01-02 11:55:00,305.49174216027876,real
2026-01-02 12:00:00,305.8023786295006,real
2026-01-02 12:05:00,306.1130150987224,real
2026-01-02 12:10:00,306.42365156794426,real
2026-01-02 12:15:00,306.7342880371661,real
2026-01-02 12:20:00,307.04492450638793,real
2026-01-02 12:25:00,307.35556097560976,real
2026-01-02 12:30:00,307.6661974448316,real
2026-01-02 12:35:00,307.97683391405343,real
2026-01-02 12:40:00,308.28747038327526,real
2026-01-02 12:45:00,308.5981068524971,real
2026-01-02 12:50:00,308.90874332171893,real
2026-01-02 12:55:00,309.21937979094076,real
2026-01-02 13:00:00,309.5300162601626,real
2026-01-02 13:05:00,309.84065272938443,real
2026-01-02 13:10:00,310.15128919860626,real
2026-01-02 13:15:00,310.46192566782815,real
2026-01-02 13:20:00,310.77256213705,real
2026-01-02 13:25:00,311.0831986062718,real
2026-01-02 13:30:00,311.39383507549366,real
2026-01-02 13:35:00,311.7044715447155,real
2026-01-02 13:40:00,312.0151080139373,real
2026-01-02 13:45:00,312.32574448315916,real
2026-01-02 13:50:00,312.636380952381,real
2026-01-02 13:55:00,312.9470174216028,real
2026-01-02 14:00:00,313.25765389082466,real
2026-01-02 14:05:00,313.5682903600465,real
2026-01-02 14:10:00,313.8789268292683,real
2026-01-02 14:15:00,314.18956329849016,real
2026-01-02 14:20:00,314.500199767712,real
2026-01-02 14:25:00,314.8108362369338,real
2026-01-02 14:30:00,315.12147270615566,real
2026-01-02 14:35:00,315.4321091753775,real
2026-01-02 14:40:00,315.7427456445993,real
2026-01-02 14:45:00,316.05338211382116,real
2026-01-02 14:50:00,316.364018583043,real
2026-01-02 14:55:00,316.6746550522648,real
2026-01-02 15:00:00,316.98529152148666,real
2026-01-02 15:05:00,317.2959279907085,real
2026-01-02 15:10:00,317.6065644599303,real
2026-01-02 15:15:00,317.91720092915216,real
2026-01-02 15:20:00,318.227837398374,real
2026-01-02 15:25:00,318.5384738675958,real
2026-01-02 15:30:00,318.84911033681766,real
2026-01-02 15:35:00,319.1597468060395,real
2026-01-02 15:40:00,319.4703832752613,real
2026-01-02 15:45:00,319.78101974448316,real
2026-01-02 15:50:00,320.091656213705,real
2026-01-02 15:55:00,320.4022926829268,real
2026-01-02 16:00:00,320.71292915214866,real
2026-01-02 16:05:00,321.0235656213705,real
2026-01-02 16:10:00,321.3342020905923,real
2026-01-02 16:15:00,321.6448385598142,real
2026-01-02 16:20:00,321.95547502903605,real
2026-01-02 16:25:00,322.2661114982579,real
2026-01-02 16:30:00,322.5767479674797,real
2026-01-02 16:35:00,322.88738443670155,real
2026-01-02 16:40:00,323.1980209059234,real
2026-01-02 16:45:00,323.5086573751452,real
2026-01-02 16:50:00,323.81929384436705,real
2026-01-02 16:55:00,324.1299303135889,real
2026-01-02 17:00:00,324.4405667828107,real
2026-01-02 17:05:00,324.75120325203255,real
2026-01-02 17:10:00,325.0618397212544,real
2026-01-02 17:15:00,325.3724761904762,real
2026-01-02 17:20:00,325.68311265969805,real
2026-01-02 17:25:00,325.9937491289199,real
2026-01-02 17:30:00,326.3043855981417,real
2026-01-02 17:35:00,326.61502206736355,real
2026-01-02 17:40:00,326.9256585365854,real
2026-01-02 17:45:00,327.2362950058072,real
2026-01-02 17:50:00,327.54693147502906,real
2026-01-02 17:55:00,327.8575679442509,real
2026-01-02 18:00:00,328.1682044134727,real
2026-01-02 18:05:00,328.47884088269456,real
2026-01-02 18:10:00,328.7894773519164,real
2026-01-02 18:15:00,329.1001138211382,real
2026-01-02 18:20:00,329.41075029036006,real
2026-01-02 18:25:00,329.7213867595819,real
2026-01-02 18:30:00,330.0320232288037,real
2026-01-02 18:35:00,330.34265969802556,real
2026-01-02 18:40:00,330.6532961672474,real
2026-01-02 18:45:00,330.9639326364692,real
2026-01-02 18:50:00,331.27456910569106,real
2026-01-02 18:55:00,331.5852055749129,real
2026-01-02 19:00:00,331.8958420441347,real
2026-01-02 19:05:00,332.20647851335656,real
2026-01-02 19:10:00,332.5171149825784,real
2026-01-02 19:15:00,332.8277514518003,real
2026-01-02 19:20:00,333.1383879210221,real
2026-01-02 19:25:00,333.44902439024395,real
2026-01-02 19:30:00,333.7596608594658,real
2026-01-02 19:35:00,334.0702973286876,real
2026-01-02 19:40:00,334.38093379790945,real
2026-01-02 19:45:00,334.6915702671313,real
2026-01-02 19:50:00,335.0022067363531,real
2026-01-02 19:55:00,335.31284320557495,real
2026-01-02 20:00:00,335.6234796747968,real
2026-01-02 20:05:00,335.9341161440186,real
2026-01-02 20:10:00,336.24475261324045,real
2026-01-02 20:15:00,336.5553890824623,real
2026-01-02 20:20:00,336.8660255516841,real
2026-01-02 20:25:00,337.17666202090595,real
2026-01-02 20:30:00,337.4872984901278,real
2026-01-02 20:35:00,337.7979349593496,real
2026-01-02 20:40:00,338.10857142857145,real
2026-01-02 20:45:00,338.4192078977933,real
2026-01-02 20:50:00,338.7298443670151,real
2026-01-02 20:55:00,339.04048083623695,real
2026-01-02 21:00:00,339.3511173054588,real
2026-01-02 21:05:00,339.6617537746806,real
2026-01-02 21:10:00,339.97239024390245,real
2026-01-02 21:15:00,340.2830267131243,real
2026-01-02 21:20:00,340.5936631823461,real
2026-01-02 21:25:00,340.90429965156795,real
2026-01-02 21:30:00,341.2149361207898,real
2026-01-02 21:35:00,341.5255725900116,real
2026-01-02 21:40:00,341.83620905923345,real
2026-01-02 21:45:00,342.1468455284553,real
2026-01-02 21:50:00,342.4574819976771,real
2026-01-02 21:55:00,342.76811846689895,real
2026-01-02 22:00:00,343.0787549361208,real
2026-01-02 22:05:00,343.3893914053426,real
2026-01-02 22:10:00,343.70002787456446,real
2026-01-02 22:15:00,344.0106643437863,real
2026-01-02 22:20:00,344.3213008130081,real
2026-01-02 22:25:00,344.63193728222996,real
2026-01-02 22:30:00,344.9425737514518,real
2026-01-02 22:35:00,345.2532102206736,real
2026-01-02 22:40:00,345.56384668989546,real
2026-01-02 22:45:00,345.8744831591173,real
2026-01-02 22:50:00,346.1851196283391,real
2026-01-02 22:55:00,346.49575609756096,real
2026-01-02 23:00:00,346.80639256678285,real
2026-01-02 23:05:00,347.1170290360047,real
2026-01-02 23:10:00,347.4276655052265,real
2026-01-02 23:15:00,347.73830197444835,real
2026-01-02 23:20:00,348.0489384436702,real
2026-01-02 23:25:00,348.359574912892,real
2026-01-02 23:30:00,348.67021138211385,real
2026-01-02 23:35:00,348.9808478513357,real
2026-01-02 23:40:00,349.2914843205575,real
2026-01-02 23:45:00,349.60212078977935,real
2026-01-02 23:50:00,349.9127572590012,real
2026-01-02 23:55:00,350.223393728223,real
2026-01-03 00:00:00,350.53403019744485,real
2026-01-03 00:05:00,350.8446666666667,real
2026-01-03 00:10:00,351.1553031358885,real
2026-01-03 00:15:00,351.46593960511035,real
2026-01-03 00:20:00,351.7765760743322,real
2026-01-03 00:25:00,352.087212543554,real
2026-01-03 00:30:00,352.39784901277585,real
2026-01-03 00:35:00,352.7084854819977,real
2026-01-03 00:40:00,353.0191219512195,real
2026-01-03 00:45:00,353.32975842044135,real
2026-01-03 00:50:00,353.6403948896632,real
2026-01-03 00:55:00,353.951031358885,real
2026-01-03 01:00:00,354.26166782810685,real
2026-01-03 01:05:00,354.5723042973287,real
2026-01-03 01:10:00,354.8829407665505,real
2026-01-03 01:15:00,355.19357723577235,real
2026-01-03 01:20:00,355.5042137049942,real
2026-01-03 01:25:00,355.814850174216,real
2026-01-03 01:30:00,356.12548664343785,real
2026-01-03 01:35:00,356.4361231126597,real
2026-01-03 01:40:00,356.7467595818815,real
2026-01-03 01:45:00,357.05739605110335,real
2026-01-03 01:50:00,357.3680325203252,real
2026-01-03 01:55:00,357.678668989547,real
2026-01-03 02:00:00,357.9893054587689,real
2026-01-03 02:05:00,358.29994192799074,real
2026-01-03 02:10:00,358.6105783972126,real
2026-01-03 02:15:00,358.9212148664344,real
2026-01-03 02:20:00,359.23185133565624,real
2026-01-03 02:25:00,359.5424878048781,real
2026-01-03 02:30:00,359.8531242740999,real
2026-01-03 02:35:00,360.16376074332175,real
2026-01-03 02:40:00,360.4743972125436,real
2026-01-03 02:45:00,360.7850336817654,real
2026-01-03 02:50:00,361.09567015098725,real
2026-01-03 02:55:00,361.4063066202091,real
2026-01-03 03:00:00,361.7169430894309,real
2026-01-03 03:05:00,362.02757955865275,real
2026-01-03 03:10:00,362.3382160278746,real
2026-01-03 03:15:00,362.6488524970964,real
2026-01-03 03:20:00,362.95948896631825,real
2026-01-03 03:25:00,363.2701254355401,real
2026-01-03 03:30:00,363.5807619047619,real
2026-01-03 03:35:00,363.89139837398375,real
2026-01-03 03:40:00,364.2020348432056,real
2026-01-03 03:45:00,364.5126713124274,real
2026-01-03 03:50:00,364.82330778164925,real
2026-01-03 03:55:00,365.1339442508711,real
2026-01-03 04:00:00,365.4445807200929,real
2026-01-03 04:05:00,365.75521718931475,real
2026-01-03 04:10:00,366.0658536585366,real
2026-01-03 04:15:00,366.3764901277584,real
2026-01-03 04:20:00,366.68712659698025,real
2026-01-03 04:25:00,366.9977630662021,real
2026-01-03 04:30:00,367.3083995354239,real
2026-01-03 04:35:00,367.61903600464575,real
2026-01-03 04:40:00,367.9296724738676,real
2026-01-03 04:45:00,368.2403089430894,real
2026-01-03 04:50:00,368.55094541231125,real
2026-01-03 04:55:00,368.8615818815331,real
2026-01-03 05:00:00,369.172218350755,real
2026-01-03 05:05:00,369.4828548199768,real
2026-01-03 05:10:00,369.79349128919864,real
2026-01-03 05:15:00,370.1041277584205,real
2026-01-03 05:20:00,370.4147642276423,real
2026-01-03 05:25:00,370.72540069686414,real
2026-01-03 05:30:00,371.036037166086,real
2026-01-03 05:35:00,371.3466736353078,real
2026-01-03 05:40:00,371.65731010452964,real
2026-01-03 05:45:00,371.9679465737515,real
2026-01-03 05:50:00,372.2785830429733,real
2026-01-03 05:55:00,372.58921951219514,real
2026-01-03 06:00:00,372.899855981417,real
2026-01-03 06:05:00,373.2104924506388,real
2026-01-03 06:10:00,373.52112891986064,real
2026-01-03 06:15:00,373.8317653890825,real
2026-01-03 06:20:00,374.1424018583043,real
2026-01-03 06:25:00,374.45303832752614,real
2026-01-03 06:30:00,374.763674796748,real
2026-01-03 06:35:00,375.0743112659698,real
2026-01-03 06:40:00,375.38494773519164,real
2026-01-03 06:45:00,375.6955842044135,real
2026-01-03 06:50:00,376.0062206736353,real
2026-01-03 06:55:00,376.31685714285715,real
2026-01-03 07:00:00,376.627493612079,real
2026-01-03 07:05:00,376.9381300813008,real
2026-01-03 07:10:00,377.24876655052265,real
2026-01-03 07:15:00,377.5594030197445,real
2026-01-03 07:20:00,377.8700394889663,real
2026-01-03 07:25:00,378.18067595818815,real
2026-01-03 07:30:00,378.49131242741,real
2026-01-03 07:35:00,378.8019488966318,real
2026-01-03 07:40:00,379.11258536585365,real
2026-01-03 07:45:00,379.4232218350755,real
2026-01-03 07:50:00,379.7338583042973,real
2026-01-03 07:55:00,380.04449477351915,real
2026-01-03 08:00:00,380.355131242741,real
2026-01-03 08:05:00,380.66576771196287,real
2026-01-03 08:10:00,380.9764041811847,real
2026-01-03 08:15:00,381.28704065040654,real
2026-01-03 08:20:00,381.5976771196284,real
2026-01-03 08:25:00,381.9083135888502,real
2026-01-03 08:30:00,382.21895005807204,real
2026-01-03 08:35:00,382.5295865272939,real
2026-01-03 08:40:00,382.8402229965157,real
2026-01-03 08:45:00,383.15085946573754,real
2026-01-03 08:50:00,383.4614959349594,real
2026-01-03 08:55:00,383.7721324041812,real
2026-01-03 09:00:00,384.08276887340304,real
2026-01-03 09:05:00,384.3934053426249,real
2026-01-03 09:10:00,384.7040418118467,real
2026-01-03 09:15:00,385.01467828106854,real
2026-01-03 09:20:00,385.3253147502904,real
2026-01-03 09:25:00,385.6359512195122,real
2026-01-03 09:30:00,385.94658768873404,real
2026-01-03 09:35:00,386.2572241579559,real
2026-01-03 09:40:00,386.5678606271777,real
2026-01-03 09:45:00,386.87849709639954,real
2026-01-03 09:50:00,387.1891335656214,real
2026-01-03 09:55:00,387.4997700348432,real
2026-01-03 10:00:00,387.81040650406504,real
2026-01-03 10:05:00,388.1210429732869,real
2026-01-03 10:10:00,388.4316794425087,real
2026-01-03 10:15:00,388.74231591173054,real
2026-01-03 10:20:00,389.0529523809524,real
2026-01-03 10:25:00,389.3635888501742,real
2026-01-03 10:30:00,389.67422531939604,real
2026-01-03 10:35:00,389.9848617886179,real
2026-01-03 10:40:00,390.2954982578397,real
2026-01-03 10:45:00,390.60613472706154,real
2026-01-03 10:50:00,390.9167711962834,real
2026-01-03 10:55:00,391.2274076655052,real
2026-01-03 11:00:00,391.53804413472704,real
2026-01-03 11:05:00,391.84868060394894,real
2026-01-03 11:10:00,392.15931707317077,real
2026-01-03 11:15:00,392.4699535423926,real
2026-01-03 11:20:00,392.78059001161444,real
2026-01-03 11:25:00,393.09122648083627,real
2026-01-03 11:30:00,393.4018629500581,real
2026-01-03 11:35:00,393.71249941927994,real
2026-01-03 11:40:00,394.02313588850177,real
2026-01-03 11:45:00,394.3337723577236,real
2026-01-03 11:50:00,394.64440882694544,real
2026-01-03 11:55:00,394.95504529616727,real
2026-01-03 12:00:00,395.2656817653891,real
2026-01-03 12:05:00,395.57631823461094,real
2026-01-03 12:10:00,395.88695470383277,real
2026-01-03 12:15:00,396.1975911730546,real
2026-01-03 12:20:00,396.50822764227644,real
2026-01-03 12:25:00,396.81886411149827,real
2026-01-03 12:30:00,397.1295005807201,real
2026-01-03 12:35:00,397.44013704994194,real
2026-01-03 12:40:00,397.7507735191638,real
2026-01-03 12:45:00,398.0614099883856,real
2026-01-03 12:50:00,398.37204645760744,real
2026-01-03 12:55:00,398.6826829268293,real
2026-01-03 13:00:00,398.9933193960511,real
2026-01-03 13:05:00,399.30395586527294,real
2026-01-03 13:10:00,399.6145923344948,real
2026-01-03 13:15:00,399.9252288037166,real
2026-01-03 13:20:00,400.23586527293844,real
2026-01-03 13:25:00,400.5465017421603,real
2026-01-03 13:30:00,400.8571382113821,real
2026-01-03 13:35:00,401.16777468060394,real
2026-01-03 13:40:00,401.4784111498258,real
2026-01-03 13:45:00,401.7890476190476,real
2026-01-03 13:50:00,402.09968408826944,real
2026-01-03 13:55:00,402.4103205574913,real
2026-01-03 14:00:00,402.7209570267131,real
2026-01-03 14:05:00,403.031593495935,real
2026-01-03 14:10:00,403.34222996515683,real
2026-01-03 14:15:00,403.65286643437867,real
2026-01-03 14:20:00,403.9635029036005,real
2026-01-03 14:25:00,404.27413937282233,real
2026-01-03 14:30:00,404.58477584204417,real
2026-01-03 14:35:00,404.895412311266,real
2026-01-03 14:40:00,405.20604878048783,real
2026-01-03 14:45:00,405.51668524970967,real
2026-01-03 14:50:00,405.8273217189315,real
2026-01-03 14:55:00,406.13795818815333,real
2026-01-03 15:00:00,406.44859465737517,real
2026-01-03 15:05:00,406.759231126597,real
2026-01-03 15:10:00,407.06986759581883,real
2026-01-03 15:15:00,407.38050406504067,real
2026-01-03 15:20:00,407.6911405342625,real
2026-01-03 15:25:00,408.00177700348434,real
2026-01-03 15:30:00,408.31241347270617,real
2026-01-03 15:35:00,408.623049941928,real
2026-01-03 15:40:00,408.93368641114984,real
2026-01-03 15:45:00,409.24432288037167,real
2026-01-03 15:50:00,409.5549593495935,real
2026-01-03 15:55:00,409.86559581881534,real
2026-01-03 16:00:00,410.17623228803717,real
2026-01-03 16:05:00,410.486868757259,real
2026-01-03 16:10:00,410.79750522648084,real
2026-01-03 16:15:00,411.10814169570267,real
2026-01-03 16:20:00,411.4187781649245,real
2026-01-03 16:25:00,411.72941463414634,real
2026-01-03 16:30:00,412.04005110336817,real
2026-01-03 16:35:00,412.35068757259,real
2026-01-03 16:40:00,412.66132404181184,real
2026-01-03 16:45:00,412.97196051103367,real
2026-01-03 16:50:00,413.2825969802555,real
2026-01-03 16:55:00,413.59323344947734,real
2026-01-03 17:00:00,413.9038699186992,real
2026-01-03 17:05:00,414.21450638792106,real
2026-01-03 17:10:00,414.5251428571429,real
2026-01-03 17:15:00,414.83577932636473,real
2026-01-03 17:20:00,415.14641579558656,real
2026-01-03 17:25:00,415.4570522648084,real
2026-01-03 17:30:00,415.76768873403023,real
2026-01-03 17:35:00,416.07832520325206,real
2026-01-03 17:40:00,416.3889616724739,real
2026-01-03 17:45:00,416.69959814169573,real
2026-01-03 17:50:00,417.01023461091756,real
2026-01-03 17:55:00,417.3208710801394,real
2026-01-03 18:00:00,417.63150754936123,real
2026-01-03 18:05:00,417.94214401858306,real
2026-01-03 18:10:00,418.2527804878049,real
2026-01-03 18:15:00,418.56341695702673,real
2026-01-03 18:20:00,418.87405342624857,real
2026-01-03 18:25:00,419.1846898954704,real
2026-01-03 18:30:00,419.49532636469223,real
2026-01-03 18:35:00,419.80596283391407,real
2026-01-03 18:40:00,420.1165993031359,real
2026-01-03 18:45:00,420.42723577235773,real
2026-01-03 18:50:00,420.73787224157957,real
2026-01-03 18:55:00,421.0485087108014,real
2026-01-03 19:00:00,421.35914518002323,real
2026-01-03 19:05:00,421.66978164924507,real
2026-01-03 19:10:00,421.9804181184669,real
2026-01-03 19:15:00,422.29105458768873,real
2026-01-03 19:20:00,422.60169105691057,real
2026-01-03 19:25:00,422.9123275261324,real
2026-01-03 19:30:00,423.22296399535423,real
2026-01-03 19:35:00,423.53360046457607,real
2026-01-03 19:40:00,423.8442369337979,real
2026-01-03 19:45:00,424.15487340301974,real
2026-01-03 19:50:00,424.46550987224157,real
2026-01-03 19:55:00,424.7761463414634,real
2026-01-03 20:00:00,425.08678281068524,real
2026-01-03 20:05:00,425.3974192799071,real
2026-01-03 20:10:00,425.70805574912896,real
2026-01-03 20:15:00,426.0186922183508,real
2026-01-03 20:20:00,426.3293286875726,real
2026-01-03 20:25:00,426.63996515679446,real
2026-01-03 20:30:00,426.9506016260163,real
2026-01-03 20:35:00,427.2612380952381,real
2026-01-03 20:40:00,427.57187456445996,real
2026-01-03 20:45:00,427.8825110336818,real
2026-01-03 20:50:00,428.1931475029036,real
2026-01-03 20:55:00,428.50378397212546,real
2026-01-03 21:00:00,428.8144204413473,real
2026-01-03 21:05:00,429.1250569105691,real
2026-01-03 21:10:00,429.43569337979096,real
2026-01-03 21:15:00,429.7463298490128,real
2026-01-03 21:20:00,430.05696631823463,real
2026-01-03 21:25:00,430.36760278745646,real
2026-01-03 21:30:00,430.6782392566783,real
2026-01-03 21:35:00,430.98887572590013,real
2026-01-03 21:40:00,431.29951219512196,real
2026-01-03 21:45:00,431.6101486643438,real
2026-01-03 21:50:00,431.92078513356563,real
2026-01-03 21:55:00,432.23142160278746,real
2026-01-03 22:00:00,432.5420580720093,real
2026-01-03 22:05:00,432.85269454123113,real
2026-01-03 22:10:00,433.16333101045296,real
2026-01-03 22:15:00,433.4739674796748,real
2026-01-03 22:20:00,433.78460394889663,real
2026-01-03 22:25:00,434.09524041811846,real
2026-01-03 22:30:00,434.4058768873403,real
2026-01-03 22:35:00,434.71651335656213,real
2026-01-03 22:40:00,435.02714982578397,real
2026-01-03 22:45:00,435.3377862950058,real
2026-01-03 22:50:00,435.64842276422763,real
2026-01-03 22:55:00,435.95905923344947,real
2026-01-03 23:00:00,436.2696957026713,real
2026-01-03 23:05:00,436.5803321718932,real
2026-01-03 23:10:00,436.890968641115,real
2026-01-03 23:15:00,437.20160511033686,real
2026-01-03 23:20:00,437.5122415795587,real
2026-01-03 23:25:00,437.8228780487805,real
2026-01-03 23:30:00,438.13351451800236,real
2026-01-03 23:35:00,438.4441509872242,real
2026-01-03 23:40:00,438.754787456446,real
2026-01-03 23:45:00,439.06542392566786,real
2026-01-03 23:50:00,439.3760603948897,real
2026-01-03 23:55:00,439.6866968641115,real
2026-01-04 00:00:00,439.99733333333336,real
2026-01-04 00:05:00,440.3079698025552,real
2026-01-04 00:10:00,440.618606271777,real
2026-01-04 00:15:00,440.92924274099886,real
2026-01-04 00:20:00,441.2398792102207,real
2026-01-04 00:25:00,441.5505156794425,real
2026-01-04 00:30:00,441.86115214866436,real
2026-01-04 00:35:00,442.1717886178862,real
2026-01-04 00:40:00,442.482425087108,real
2026-01-04 00:45:00,442.79306155632986,real
2026-01-04 00:50:00,443.1036980255517,real
2026-01-04 00:55:00,443.4143344947735,real
2026-01-04 01:00:00,443.72497096399536,real
2026-01-04 01:05:00,444.0356074332172,real
2026-01-04 01:10:00,444.346243902439,real
2026-01-04 01:15:00,444.65688037166086,real
2026-01-04 01:20:00,444.9675168408827,real
2026-01-04 01:25:00,445.2781533101045,real
2026-01-04 01:30:00,445.58878977932636,real
2026-01-04 01:35:00,445.8994262485482,real
2026-01-04 01:40:00,446.21006271777003,real
2026-01-04 01:45:00,446.52069918699186,real
2026-01-04 01:50:00,446.8313356562137,real
2026-01-04 01:55:00,447.14197212543553,real
2026-01-04 02:00:00,447.45260859465736,real
2026-01-04 02:05:00,447.76324506387925,real
2026-01-04 02:10:00,448.0738815331011,real
2026-01-04 02:15:00,448.3845180023229,real
2026-01-04 02:20:00,448.69515447154475,real
2026-01-04 02:25:00,449.0057909407666,real
2026-01-04 02:30:00,449.3164274099884,real
2026-01-04 02:35:00,449.62706387921025,real
2026-01-04 02:40:00,449.9377003484321,real
2026-01-04 02:45:00,450.2483368176539,real
2026-01-04 02:50:00,450.55897328687576,real
2026-01-04 02:55:00,450.8696097560976,real
2026-01-04 03:00:00,451.1802462253194,real
2026-01-04 03:05:00,451.49088269454126,real
2026-01-04 03:10:00,451.8015191637631,real
2026-01-04 03:15:00,452.1121556329849,real
2026-01-04 03:20:00,452.42279210220676,real
2026-01-04 03:25:00,452.7334285714286,real
2026-01-04 03:30:00,453.0440650406504,real
2026-01-04 03:35:00,453.35470150987226,real
2026-01-04 03:40:00,453.6653379790941,real
2026-01-04 03:45:00,453.9759744483159,real
2026-01-04 03:50:00,454.28661091753776,real
2026-01-04 03:55:00,454.5972473867596,real
2026-01-04 04:00:00,454.9078838559814,real
2026-01-04 04:05:00,455.21852032520326,real
2026-01-04 04:10:00,455.5291567944251,real
2026-01-04 04:15:00,455.8397932636469,real
2026-01-04 04:20:00,456.15042973286876,real
2026-01-04 04:25:00,456.4610662020906,real
2026-01-04 04:30:00,456.7717026713124,real
2026-01-04 04:35:00,457.08233914053426,real
2026-01-04 04:40:00,457.3929756097561,real
2026-01-04 04:45:00,457.7036120789779,real
2026-01-04 04:50:00,458.01424854819976,real
2026-01-04 04:55:00,458.3248850174216,real
2026-01-04 05:00:00,458.6355214866434,real
2026-01-04 05:05:00,458.9461579558653,real
2026-01-04 05:10:00,459.25679442508715,real
2026-01-04 05:15:00,459.567430894309,real
2026-01-04 05:20:00,459.8780673635308,real
2026-01-04 05:25:00,460.18870383275265,real
2026-01-04 05:30:00,460.4993403019745,real
2026-01-04 05:35:00,460.8099767711963,real
2026-01-04 05:40:00,461.12061324041815,real
2026-01-04 05:45:00,461.43124970964,real
2026-01-04 05:50:00,461.7418861788618,real
2026-01-04 05:55:00,462.05252264808365,real
2026-01-04 06:00:00,462.3631591173055,real
2026-01-04 06:05:00,462.6737955865273,real
2026-01-04 06:10:00,462.98443205574915,real
2026-01-04 06:15:00,463.295068524971,real
2026-01-04 06:20:00,463.6057049941928,real
2026-01-04 06:25:00,463.91634146341465,real
2026-01-04 06:30:00,464.2269779326365,real
2026-01-04 06:35:00,464.5376144018583,real
2026-01-04 06:40:00,464.84825087108015,real
2026-01-04 06:45:00,465.158887340302,real
2026-01-04 06:50:00,465.4695238095238,real
2026-01-04 06:55:00,465.78016027874565,real
2026-01-04 07:00:00,466.0907967479675,real
2026-01-04 07:05:00,466.4014332171893,real
2026-01-04 07:10:00,466.71206968641116,real
2026-01-04 07:15:00,467.022706155633,real
2026-01-04 07:20:00,467.3333426248548,real
2026-01-04 07:25:00,467.64397909407666,real
2026-01-04 07:30:00,467.9546155632985,real
2026-01-04 07:35:00,468.2652520325203,real
2026-01-04 07:40:00,468.57588850174216,real
2026-01-04 07:45:00,468.886524970964,real
2026-01-04 07:50:00,469.1971614401858,real
2026-01-04 07:55:00,469.50779790940766,real
2026-01-04 08:00:00,469.8184343786295,real
2026-01-04 08:05:00,470.1290708478514,real
2026-01-04 08:10:00,470.4397073170732,real
2026-01-04 08:15:00,470.75034378629505,real
2026-01-04 08:20:00,471.0609802555169,real
2026-01-04 08:25:00,471.3716167247387,real
2026-01-04 08:30:00,471.68225319396055,real
2026-01-04 08:35:00,471.9928896631824,real
2026-01-04 08:40:00,472.3035261324042,real
2026-01-04 08:45:00,472.61416260162605,real
2026-01-04 08:50:00,472.9247990708479,real
2026-01-04 08:55:00,473.2354355400697,real
2026-01-04 09:00:00,473.54607200929155,real
2026-01-04 09:05:00,473.8567084785134,real
2026-01-04 09:10:00,474.1673449477352,real
2026-01-04 09:15:00,474.47798141695705,real
2026-01-04 09:20:00,474.7886178861789,real
2026-01-04 09:25:00,475.0992543554007,real
2026-01-04 09:30:00,475.40989082462255,real
2026-01-04 09:35:00,475.7205272938444,real
2026-01-04 09:40:00,476.0311637630662,real
2026-01-04 09:45:00,476.34180023228805,real
2026-01-04 09:50:00,476.6524367015099,real
2026-01-04 09:55:00,476.9630731707317,real
2026-01-04 10:00:00,477.27370963995355,real
2026-01-04 10:05:00,477.5843461091754,real
2026-01-04 10:10:00,477.8949825783972,real
2026-01-04 10:15:00,478.20561904761905,real
2026-01-04 10:20:00,478.5162555168409,real
2026-01-04 10:25:00,478.8268919860627,real
2026-01-04 10:30:00,479.13752845528455,real
2026-01-04 10:35:00,479.4481649245064,real
2026-01-04 10:40:00,479.7588013937282,real
2026-01-04 10:45:00,480.06943786295005,real
2026-01-04 10:50:00,480.3800743321719,real
2026-01-04 10:55:00,480.6907108013937,real
2026-01-04 11:00:00,481.00134727061555,real
2026-01-04 11:05:00,481.31198373983744,real
2026-01-04 11:10:00,481.6226202090593,real
2026-01-04 11:15:00,481.9332566782811,real
2026-01-04 11:20:00,482.24389314750294,real
2026-01-04 11:25:00,482.5545296167248,real
2026-01-04 11:30:00,482.8651660859466,real
2026-01-04 11:35:00,483.17580255516845,real
2026-01-04 11:40:00,483.4864390243903,real
2026-01-04 11:45:00,483.7970754936121,real
2026-01-04 11:50:00,484.10771196283395,real
2026-01-04 11:55:00,484.4183484320558,real
2026-01-04 12:00:00,484.7289849012776,real
2026-01-04 12:05:00,485.03962137049945,real
2026-01-04 12:10:00,485.3502578397213,real
2026-01-04 12:15:00,485.6608943089431,real
2026-01-04 12:20:00,485.97153077816495,real
2026-01-04 12:25:00,486.2821672473868,real
2026-01-04 12:30:00,486.5928037166086,real
2026-01-04 12:35:00,486.90344018583045,real
2026-01-04 12:40:00,487.2140766550523,real
2026-01-04 12:45:00,487.5247131242741,real
2026-01-04 12:50:00,487.83534959349595,real
2026-01-04 12:55:00,488.1459860627178,real
2026-01-04 13:00:00,488.4566225319396,real
2026-01-04 13:05:00,488.76725900116145,real
2026-01-04 13:10:00,489.0778954703833,real
2026-01-04 13:15:00,489.3885319396051,real
2026-01-04 13:20:00,489.69916840882695,real
2026-01-04 13:25:00,490.0098048780488,real
2026-01-04 13:30:00,490.3204413472706,real
2026-01-04 13:35:00,490.63107781649245,real
2026-01-04 13:40:00,490.9417142857143,real
2026-01-04 13:45:00,491.2523507549361,real
2026-01-04 13:50:00,491.56298722415795,real
2026-01-04 13:55:00,491.8736236933798,real
2026-01-04 14:00:00,492.1842601626016,real
2026-01-04 14:05:00,492.4948966318235,real
2026-01-04 14:10:00,492.80553310104534,real
2026-01-04 14:15:00,493.1161695702672,real
2026-01-04 14:20:00,493.426806039489,real
2026-01-04 14:25:00,493.73744250871084,real
2026-01-04 14:30:00,494.0480789779327,real
2026-01-04 14:35:00,494.3587154471545,real
2026-01-04 14:40:00,494.66935191637634,real
2026-01-04 14:45:00,494.9799883855982,real
2026-01-04 14:50:00,495.29062485482,real
2026-01-04 14:55:00,495.60126132404184,real
2026-01-04 15:00:00,495.9118977932637,real
2026-01-04 15:05:00,496.2225342624855,real
2026-01-04 15:10:00,496.53317073170734,real
2026-01-04 15:15:00,496.8438072009292,real
2026-01-04 15:20:00,497.154443670151,real
2026-01-04 15:25:00,497.46508013937284,real
2026-01-04 15:30:00,497.7757166085947,real
2026-01-04 15:35:00,498.0863530778165,real
2026-01-04 15:40:00,498.39698954703834,real
2026-01-04 15:45:00,498.7076260162602,real
2026-01-04 15:50:00,499.018262485482,real
2026-01-04 15:55:00,499.32889895470385,real
2026-01-04 16:00:00,499.6395354239257,real
2026-01-04 16:05:00,499.9501718931475,real
2026-01-04 16:10:00,500.26080836236935,real
2026-01-04 16:15:00,500.5714448315912,real
2026-01-04 16:20:00,500.882081300813,real
2026-01-04 16:25:00,501.19271777003485,real
2026-01-04 16:30:00,501.5033542392567,real
2026-01-04 16:35:00,501.8139907084785,real
2026-01-04 16:40:00,502.12462717770035,real
2026-01-04 16:45:00,502.4352636469222,real
2026-01-04 16:50:00,502.745900116144,real
2026-01-04 16:55:00,503.05653658536585,real
2026-01-04 17:00:00,503.3671730545877,real
2026-01-04 17:05:00,503.6778095238096,real
2026-01-04 17:10:00,503.9884459930314,real
2026-01-04 17:15:00,504.29908246225324,real
2026-01-04 17:20:00,504.6097189314751,real
2026-01-04 17:25:00,504.9203554006969,real
2026-01-04 17:30:00,505.23099186991874,real
2026-01-04 17:35:00,505.5416283391406,real
2026-01-04 17:40:00,505.8522648083624,real
2026-01-04 17:45:00,506.16290127758424,real
2026-01-04 17:50:00,506.4735377468061,real
2026-01-04 17:55:00,506.7841742160279,real
2026-01-04 18:00:00,507.09481068524974,real
2026-01-04 18:05:00,507.4054471544716,real
2026-01-04 18:10:00,507.7160836236934,real
2026-01-04 18:15:00,508.02672009291524,real
2026-01-04 18:20:00,508.3373565621371,real
2026-01-04 18:25:00,508.6479930313589,real
2026-01-04 18:30:00,508.95862950058074,real
2026-01-04 18:35:00,509.2692659698026,real
2026-01-04 18:40:00,509.5799024390244,real
2026-01-04 18:45:00,509.89053890824624,real
2026-01-04 18:50:00,510.2011753774681,real
2026-01-04 18:55:00,510.5118118466899,real
2026-01-04 19:00:00,510.82244831591174,real
2026-01-04 19:05:00,511.1330847851336,real
2026-01-04 19:10:00,511.4437212543554,real
2026-01-04 19:15:00,511.75435772357724,real
2026-01-04 19:20:00,512.0649941927991,real
2026-01-04 19:25:00,512.375630662021,real
2026-01-04 19:30:00,512.6862671312427,real
2026-01-04 19:35:00,512.9969036004646,real
2026-01-04 19:40:00,513.3075400696864,real
2026-01-04 19:45:00,513.6181765389083,real
2026-01-04 19:50:00,513.9288130081301,real
2026-01-04 19:55:00,514.239449477352,real
2026-01-04 20:00:00,514.5500859465737,real
2026-01-04 20:05:00,514.8607224157956,real
2026-01-04 20:10:00,515.1713588850175,real
2026-01-04 20:15:00,515.4819953542393,real
2026-01-04 20:20:00,515.7926318234612,real
2026-01-04 20:25:00,516.103268292683,real
2026-01-04 20:30:00,516.4139047619049,real
2026-01-04 20:35:00,516.7245412311266,real
2026-01-04 20:40:00,517.0351777003485,real
2026-01-04 20:45:00,517.3458141695703,real
2026-01-04 20:50:00,517.6564506387922,real
2026-01-04 20:55:00,517.967087108014,real
2026-01-04 21:00:00,518.2777235772359,real
2026-01-04 21:05:00,518.5883600464576,real
2026-01-04 21:10:00,518.8989965156795,real
2026-01-04 21:15:00,519.2096329849013,real
2026-01-04 21:20:00,519.5202694541232,real
2026-01-04 21:25:00,519.830905923345,real
2026-01-04 21:30:00,520.1415423925669,real
2026-01-04 21:35:00,520.4521788617886,real
2026-01-04 21:40:00,520.7628153310105,real
2026-01-04 21:45:00,521.0734518002323,real
2026-01-04 21:50:00,521.3840882694542,real
2026-01-04 21:55:00,521.694724738676,real
2026-01-04 22:00:00,522.0053612078979,real
2026-01-04 22:05:00,522.3159976771196,real
2026-01-04 22:10:00,522.6266341463415,real
2026-01-04 22:15:00,522.9372706155633,real
2026-01-04 22:20:00,523.2479070847852,real
2026-01-04 22:25:00,523.558543554007,real
2026-01-04 22:30:00,523.8691800232289,real
2026-01-04 22:35:00,524.1798164924506,real
2026-01-04 22:40:00,524.4904529616725,real
2026-01-04 22:45:00,524.8010894308943,real
2026-01-04 22:50:00,525.1117259001162,real
2026-01-04 22:55:00,525.422362369338,real
2026-01-04 23:00:00,525.7329988385599,real
2026-01-04 23:05:00,526.0436353077816,real
2026-01-04 23:10:00,526.3542717770035,real
2026-01-04 23:15:00,526.6649082462254,real
2026-01-04 23:20:00,526.9755447154472,real
2026-01-04 23:25:00,527.2861811846691,real
2026-01-04 23:30:00,527.5968176538909,real
2026-01-04 23:35:00,527.9074541231128,real
2026-01-04 23:40:00,528.2180905923345,real
2026-01-04 23:45:00,528.5287270615564,real
2026-01-04 23:50:00,528.8393635307782,real
2026-01-04 23:55:00,529.15,real
2026-01-05 00:00:00,529.15,real
2026-01-05 00:05:00,529.15,real
2026-01-05 00:10:00,264.575,real
2026-01-05 00:15:00,0.0,real
2026-01-05 00:20:00,0.0,real
2026-01-05 00:25:00,0.0,real
2026-01-05 00:30:00,0.0,real
2026-01-05 00:35:00,0.0,real
2026-01-05 00:40:00,0.0,real
2026-01-05 00:45:00,0.0,real
2026-01-05 00:50:00,0.0,real
2026-01-05 00:55:00,0.07647322896900696,real
2026-01-05 01:00:00,0.15294645793801392,real
2026-01-05 01:05:00,0.2294196869070209,real
2026-01-05 01:10:00,0.30589291587602785,real
2026-01-05 01:15:00,0.38236614484503484,real
2026-01-05 01:20:00,0.4588393738140418,real
2026-01-05 01:25:00,0.5353126027830488,real
2026-01-05 01:30:00,0.6117858317520557,real
2026-01-05 01:35:00,0.6882590607210627,real
2026-01-05 01:40:00,0.7647322896900697,real
2026-01-05 01:45:00,0.8412055186590767,real
2026-01-05 01:50:00,0.9176787476280835,real
2026-01-05 01:55:00,0.9941519765970905,real
2026-01-05 02:00:00,1.0706252055660976,real
2026-01-05 02:05:00,1.1470984345351045,real
2026-01-05 02:10:00,1.2235716635041114,real
2026-01-05 02:15:00,1.3000448924731185,real
2026-01-05 02:20:00,1.3765181214421254,real
2026-01-05 02:25:00,1.4529913504111323,real
2026-01-05 02:30:00,1.5294645793801394,real
2026-01-05 02:35:00,1.6059378083491462,real
2026-01-05 02:40:00,1.6824110373181533,real
2026-01-05 02:45:00,1.7588842662871602,real
2026-01-05 02:50:00,1.835357495256167,real
2026-01-05 02:55:00,1.9118307242251742,real
2026-01-05 03:00:00,1.988303953194181,real
2026-01-05 03:05:00,2.064777182163188,real
2026-01-05 03:10:00,2.1412504111321953,real
2026-01-05 03:15:00,2.217723640101202,real
2026-01-05 03:20:00,2.294196869070209,real
2026-01-05 03:25:00,2.370670098039216,real
2026-01-05 03:30:00,2.447143327008223,real
2026-01-05 03:35:00,2.5236165559772297,real
2026-01-05 03:40:00,2.600089784946237,real
2026-01-05 03:45:00,2.676563013915244,real
2026-01-05 03:50:00,2.7530362428842508,real
2026-01-05 03:55:00,2.8295094718532576,real
2026-01-05 04:00:00,2.9059827008222645,real
2026-01-05 04:05:00,2.982455929791272,real
2026-01-05 04:10:00,3.0589291587602787,real
2026-01-05 04:15:00,3.1354023877292856,real
2026-01-05 04:20:00,3.2118756166982925,real
2026-01-05 04:25:00,3.2883488456672993,real
2026-01-05 04:30:00,3.3648220746363067,real
2026-01-05 04:35:00,3.4412953036053135,real
2026-01-05 04:40:00,3.5177685325743204,real
2026-01-05 04:45:00,3.5942417615433273,real
2026-01-05 04:50:00,3.670714990512334,real
2026-01-05 04:55:00,3.7471882194813415,real
2026-01-05 05:00:00,3.8236614484503484,real
2026-01-05 05:05:00,3.9001346774193553,real
2026-01-05 05:10:00,3.976607906388362,real
2026-01-05 05:15:00,4.0530811353573695,real
2026-01-05 05:20:00,4.129554364326376,real
2026-01-05 05:25:00,4.206027593295383,real
2026-01-05 05:30:00,4.2825008222643905,real
2026-01-05 05:35:00,4.358974051233397,real
2026-01-05 05:40:00,4.435447280202404,real
2026-01-05 05:45:00,4.511920509171411,real
2026-01-05 05:50:00,4.588393738140418,real
2026-01-05 05:55:00,4.664866967109425,real
2026-01-05 06:00:00,4.741340196078432,real
2026-01-05 06:05:00,4.817813425047439,real
2026-01-05 06:10:00,4.894286654016446,real
2026-01-05 06:15:00,4.970759882985453,real
2026-01-05 06:20:00,5.047233111954459,real
2026-01-05 06:25:00,5.123706340923467,real
2026-01-05 06:30:00,5.200179569892474,real
2026-01-05 06:35:00,5.27665279886148,real
2026-01-05 06:40:00,5.353126027830488,real
2026-01-05 06:45:00,5.429599256799494,real
2026-01-05 06:50:00,5.5060724857685015,real
2026-01-05 06:55:00,5.582545714737509,real
2026-01-05 07:00:00,5.659018943706515,real
2026-01-05 07:05:00,5.735492172675523,real
2026-01-05 07:10:00,5.811965401644529,real
2026-01-05 07:15:00,5.888438630613536,real
2026-01-05 07:20:00,5.964911859582544,real
2026-01-05 07:25:00,6.04138508855155,real
2026-01-05 07:30:00,6.117858317520557,real
2026-01-05 07:35:00,6.194331546489564,real
2026-01-05 07:40:00,6.270804775458571,real
2026-01-05 07:45:00,6.3472780044275785,real
2026-01-05 07:50:00,6.423751233396585,real
2026-01-05 07:55:00,6.500224462365592,real
2026-01-05 08:00:00,6.576697691334599,real
2026-01-05 08:05:00,6.653170920303606,real
2026-01-05 08:10:00,6.729644149272613,real
2026-01-05 08:15:00,6.80611737824162,real
2026-01-05 08:20:00,6.882590607210627,real
2026-01-05 08:25:00,6.9590638361796335,real
2026-01-05 08:30:00,7.035537065148641,real
2026-01-05 08:35:00,7.112010294117648,real
2026-01-05 08:40:00,7.188483523086655,real
2026-01-05 08:45:00,7.264956752055662,real
2026-01-05 08:50:00,7.341429981024668,real
2026-01-05 08:55:00,7.417903209993676,real
2026-01-05 09:00:00,7.494376438962683,real
2026-01-05 09:05:00,7.5708496679316895,real
2026-01-05 09:10:00,7.647322896900697,real
2026-01-05 09:15:00,7.723796125869703,real
2026-01-05 09:20:00,7.8002693548387105,real
2026-01-05 09:25:00,7.876742583807718,real
2026-01-05 09:30:00,7.953215812776724,real
2026-01-05 09:35:00,8.029689041745732,real
2026-01-05 09:40:00,8.106162270714739,real
2026-01-05 09:45:00,8.182635499683746,real
2026-01-05 09:50:00,8.259108728652752,real
2026-01-05 09:55:00,8.33558195762176,real
2026-01-05 10:00:00,8.412055186590766,real
2026-01-05 10:05:00,8.488528415559774,real
2026-01-05 10:10:00,8.565001644528781,real
2026-01-05 10:15:00,8.641474873497787,real
2026-01-05 10:20:00,8.717948102466794,real
2026-01-05 10:25:00,8.794421331435801,real
2026-01-05 10:30:00,8.870894560404809,real
2026-01-05 10:35:00,8.947367789373816,real
2026-01-05 10:40:00,9.023841018342821,real
2026-01-05 10:45:00,9.100314247311829,real
2026-01-05 10:50:00,9.176787476280836,real
2026-01-05 10:55:00,9.253260705249843,real
2026-01-05 11:00:00,9.32973393421885,real
2026-01-05 11:05:00,9.406207163187856,real
2026-01-05 11:10:00,9.482680392156864,real
2026-01-05 11:15:00,9.559153621125871,real
2026-01-05 11:20:00,9.635626850094878,real
2026-01-05 11:25:00,9.712100079063884,real
2026-01-05 11:30:00,9.788573308032891,real
2026-01-05 11:35:00,9.865046537001898,real
2026-01-05 11:40:00,9.941519765970906,real
2026-01-05 11:45:00,10.017992994939913,real
2026-01-05 11:50:00,10.094466223908919,real
2026-01-05 11:55:00,10.170939452877926,real
2026-01-05 12:00:00,10.247412681846933,real
2026-01-05 12:05:00,10.32388591081594,real
2026-01-05 12:10:00,10.400359139784948,real
2026-01-05 12:15:00,10.476832368753954,real
2026-01-05 12:20:00,10.55330559772296,real
2026-01-05 12:25:00,10.629778826691968,real
2026-01-05 12:30:00,10.706252055660975,real
2026-01-05 12:35:00,10.782725284629983,real
2026-01-05 12:40:00,10.859198513598988,real
2026-01-05 12:45:00,10.935671742567996,real
2026-01-05 12:50:00,11.012144971537003,real
2026-01-05 12:55:00,11.08861820050601,real
2026-01-05 13:00:00,11.165091429475018,real
2026-01-05 13:05:00,11.241564658444023,real
2026-01-05 13:10:00,11.31803788741303,real
2026-01-05 13:15:00,11.394511116382038,real
2026-01-05 13:20:00,11.470984345351045,real
2026-01-05 13:25:00,11.547457574320052,real
2026-01-05 13:30:00,11.623930803289058,real
2026-01-05 13:35:00,11.700404032258065,real
2026-01-05 13:40:00,11.776877261227073,real
2026-01-05 13:45:00,11.85335049019608,real
2026-01-05 13:50:00,11.929823719165087,real
2026-01-05 13:55:00,12.006296948134093,real
2026-01-05 14:00:00,12.0827701771031,real
2026-01-05 14:05:00,12.159243406072108,real
2026-01-05 14:10:00,12.235716635041115,real
2026-01-05 14:15:00,12.312189864010122,real
2026-01-05 14:20:00,12.388663092979128,real
2026-01-05 14:25:00,12.465136321948135,real
2026-01-05 14:30:00,12.541609550917142,real
2026-01-05 14:35:00,12.61808277988615,real
2026-01-05 14:40:00,12.694556008855157,real
2026-01-05 14:45:00,12.771029237824163,real
2026-01-05 14:50:00,12.84750246679317,real
2026-01-05 14:55:00,12.923975695762177,real
2026-01-05 15:00:00,13.000448924731185,real
2026-01-05 15:05:00,13.076922153700192,real
2026-01-05 15:10:00,13.153395382669197,real
2026-01-05 15:15:00,13.229868611638205,real
2026-01-05 15:20:00,13.306341840607212,real
2026-01-05 15:25:00,13.38281506957622,real
2026-01-05 15:30:00,13.459288298545227,real
2026-01-05 15:35:00,13.535761527514232,real
2026-01-05 15:40:00,13.61223475648324,real
2026-01-05 15:45:00,13.688707985452247,real
2026-01-05 15:50:00,13.765181214421254,real
2026-01-05 15:55:00,13.841654443390262,real
2026-01-05 16:00:00,13.918127672359267,real
2026-01-05 16:05:00,13.994600901328274,real
2026-01-05 16:10:00,14.071074130297282,real
2026-01-05 16:15:00,14.147547359266289,real
2026-01-05 16:20:00,14.224020588235296,real
2026-01-05 16:25:00,14.300493817204302,real
2026-01-05 16:30:00,14.37696704617331,real
2026-01-05 16:35:00,14.453440275142317,real
2026-01-05 16:40:00,14.529913504111324,real
2026-01-05 16:45:00,14.606386733080331,real
2026-01-05 16:50:00,14.682859962049337,real
2026-01-05 16:55:00,14.759333191018344,real
2026-01-05 17:00:00,14.835806419987351,real
2026-01-05 17:05:00,14.912279648956359,real
2026-01-05 17:10:00,14.988752877925366,real
2026-01-05 17:15:00,15.065226106894372,real
2026-01-05 17:20:00,15.141699335863379,real
2026-01-05 17:25:00,15.218172564832386,real
2026-01-05 17:30:00,15.294645793801394,real
2026-01-05 17:35:00,15.3711190227704,real
2026-01-05 17:40:00,15.447592251739406,real
2026-01-05 17:45:00,15.524065480708414,real
2026-01-05 17:50:00,15.600538709677421,real
2026-01-05 17:55:00,15.677011938646428,real
2026-01-05 18:00:00,15.753485167615436,real
2026-01-05 18:05:00,15.829958396584441,real
2026-01-05 18:10:00,15.906431625553449,real
2026-01-05 18:15:00,15.982904854522456,real
2026-01-05 18:20:00,16.059378083491463,real
2026-01-05 18:25:00,16.13585131246047,real
2026-01-05 18:30:00,16.212324541429478,real
2026-01-05 18:35:00,16.288797770398485,real
2026-01-05 18:40:00,16.365270999367493,real
2026-01-05 18:45:00,16.441744228336496,real
2026-01-05 18:50:00,16.518217457305504,real
2026-01-05 18:55:00,16.59469068627451,real
2026-01-05 19:00:00,16.67116391524352,real
2026-01-05 19:05:00,16.747637144212526,real
2026-01-05 19:10:00,16.824110373181533,real
2026-01-05 19:15:00,16.90058360215054,real
2026-01-05 19:20:00,16.977056831119548,real
2026-01-05 19:25:00,17.053530060088555,real
2026-01-05 19:30:00,17.130003289057562,real
2026-01-05 19:35:00,17.206476518026566,real
2026-01-05 19:40:00,17.282949746995573,real
2026-01-05 19:45:00,17.35942297596458,real
2026-01-05 19:50:00,17.435896204933588,real
2026-01-05 19:55:00,17.512369433902595,real
2026-01-05 20:00:00,17.588842662871603,real
2026-01-05 20:05:00,17.66531589184061,real
2026-01-05 20:10:00,17.741789120809617,real
2026-01-05 20:15:00,17.818262349778625,real
2026-01-05 20:20:00,17.894735578747632,real
2026-01-05 20:25:00,17.971208807716636,real
2026-01-05 20:30:00,18.047682036685643,real
2026-01-05 20:35:00,18.12415526565465,real
2026-01-05 20:40:00,18.200628494623658,real
2026-01-05 20:45:00,18.277101723592665,real
2026-01-05 20:50:00,18.353574952561672,real
2026-01-05 20:55:00,18.43004818153068,real
2026-01-05 21:00:00,18.506521410499687,real
2026-01-05 21:05:00,18.582994639468694,real
2026-01-05 21:10:00,18.6594678684377,real
2026-01-05 21:15:00,18.735941097406705,real
2026-01-05 21:20:00,18.812414326375713,real
2026-01-05 21:25:00,18.88888755534472,real
2026-01-05 21:30:00,18.965360784313727,real
2026-01-05 21:35:00,19.041834013282735,real
2026-01-05 21:40:00,19.118307242251742,real
2026-01-05 21:45:00,19.19478047122075,real
2026-01-05 21:50:00,19.271253700189757,real
2026-01-05 21:55:00,19.347726929158764,real
2026-01-05 22:00:00,19.424200158127768,real
2026-01-05 22:05:00,19.500673387096775,real
2026-01-05 22:10:00,19.577146616065782,real
2026-01-05 22:15:00,19.65361984503479,real
2026-01-05 22:20:00,19.730093074003797,real
2026-01-05 22:25:00,19.806566302972804,real
2026-01-05 22:30:00,19.88303953194181,real
2026-01-05 22:35:00,19.95951276091082,real
2026-01-05 22:40:00,20.035985989879826,real
2026-01-05 22:45:00,20.112459218848834,real
2026-01-05 22:50:00,20.188932447817837,real
2026-01-05 22:55:00,20.265405676786845,real
2026-01-05 23:00:00,20.341878905755852,real
2026-01-05 23:05:00,20.41835213472486,real
2026-01-05 23:10:00,20.494825363693867,real
2026-01-05 23:15:00,20.571298592662874,real
2026-01-05 23:20:00,20.64777182163188,real
2026-01-05 23:25:00,20.72424505060089,real
2026-01-05 23:30:00,20.800718279569896,real
2026-01-05 23:35:00,20.877191508538903,real
2026-01-05 23:40:00,20.953664737507907,real
2026-01-05 23:45:00,21.030137966476914,real
2026-01-05 23:50:00,21.10661119544592,real
2026-01-05 23:55:00,21.18308442441493,real
2026-01-06 00:00:00,21.259557653383936,real
2026-01-06 00:05:00,21.336030882352944,real
2026-01-06 00:10:00,21.41250411132195,real
2026-01-06 00:15:00,21.48897734029096,real
2026-01-06 00:20:00,21.565450569259966,real
2026-01-06 00:25:00,21.641923798228973,real
2026-01-06 00:30:00,21.718397027197977,real
2026-01-06 00:35:00,21.794870256166984,real
2026-01-06 00:40:00,21.87134348513599,real
2026-01-06 00:45:00,21.947816714105,real
2026-01-06 00:50:00,22.024289943074006,real
2026-01-06 00:55:00,22.100763172043013,real
2026-01-06 01:00:00,22.17723640101202,real
2026-01-06 01:05:00,22.253709629981028,real
2026-01-06 01:10:00,22.330182858950035,real
2026-01-06 01:15:00,22.406656087919043,real
2026-01-06 01:20:00,22.483129316888046,real
2026-01-06 01:25:00,22.559602545857054,real
2026-01-06 01:30:00,22.63607577482606,real
2026-01-06 01:35:00,22.71254900379507,real
2026-01-06 01:40:00,22.789022232764076,real
2026-01-06 01:45:00,22.865495461733083,real
2026-01-06 01:50:00,22.94196869070209,real
2026-01-06 01:55:00,23.018441919671098,real
2026-01-06 02:00:00,23.094915148640105,real
2026-01-06 02:05:00,23.171388377609112,real
2026-01-06 02:10:00,23.247861606578116,real
2026-01-06 02:15:00,23.324334835547123,real
2026-01-06 02:20:00,23.40080806451613,real
2026-01-06 02:25:00,23.477281293485138,real
2026-01-06 02:30:00,23.553754522454145,real
2026-01-06 02:35:00,23.630227751423153,real
2026-01-06 02:40:00,23.70670098039216,real
2026-01-06 02:45:00,23.783174209361167,real
2026-01-06 02:50:00,23.859647438330175,real
2026-01-06 02:55:00,23.936120667299182,real
2026-01-06 03:00:00,24.012593896268186,real
2026-01-06 03:05:00,24.089067125237193,real
2026-01-06 03:10:00,24.1655403542062,real
2026-01-06 03:15:00,24.242013583175208,real
2026-01-06 03:20:00,24.318486812144215,real
2026-01-06 03:25:00,24.394960041113222,real
2026-01-06 03:30:00,24.47143327008223,real
2026-01-06 03:35:00,24.547906499051237,real
2026-01-06 03:40:00,24.624379728020244,real
2026-01-06 03:45:00,24.70085295698925,real
2026-01-06 03:50:00,24.777326185958255,real
2026-01-06 03:55:00,24.853799414927263,real
2026-01-06 04:00:00,24.93027264389627,real
2026-01-06 04:05:00,25.006745872865277,real
2026-01-06 04:10:00,25.083219101834285,real
2026-01-06 04:15:00,25.159692330803292,real
2026-01-06 04:20:00,25.2361655597723,real
2026-01-06 04:25:00,25.312638788741307,real
2026-01-06 04:30:00,25.389112017710314,real
2026-01-06 04:35:00,25.46558524667932,real
2026-01-06 04:40:00,25.542058475648325,real
2026-01-06 04:45:00,25.618531704617332,real
2026-01-06 04:50:00,25.69500493358634,real
2026-01-06 04:55:00,25.771478162555347,real
2026-01-06 05:00:00,25.847951391524354,real
2026-01-06 05:05:00,25.92442462049336,real
2026-01-06 05:10:00,26.00089784946237,real
2026-01-06 05:15:00,26.077371078431376,real
2026-01-06 05:20:00,26.153844307400384,real
2026-01-06 05:25:00,26.23031753636939,real
2026-01-06 05:30:00,26.306790765338395,real
2026-01-06 05:35:00,26.383263994307402,real
2026-01-06 05:40:00,26.45973722327641,real
2026-01-06 05:45:00,26.536210452245417,real
2026-01-06 05:50:00,26.612683681214424,real
2026-01-06 05:55:00,26.68915691018343,real
2026-01-06 06:00:00,26.76563013915244,real
2026-01-06 06:05:00,26.842103368121446,real
2026-01-06 06:10:00,26.918576597090453,real
2026-01-06 06:15:00,26.99504982605946,real
2026-01-06 06:20:00,27.071523055028464,real
2026-01-06 06:25:00,27.147996283997472,real
2026-01-06 06:30:00,27.22446951296648,real
2026-01-06 06:35:00,27.300942741935486,real
2026-01-06 06:40:00,27.377415970904494,real
2026-01-06 06:45:00,27.4538891998735,real
2026-01-06 06:50:00,27.53036242884251,real
2026-01-06 06:55:00,27.606835657811516,real
2026-01-06 07:00:00,27.683308886780523,real
2026-01-06 07:05:00,27.75978211574953,real
2026-01-06 07:10:00,27.836255344718534,real
2026-01-06 07:15:00,27.91272857368754,real
2026-01-06 07:20:00,27.98920180265655,real
2026-01-06 07:25:00,28.065675031625556,real
2026-01-06 07:30:00,28.142148260594563,real
2026-01-06 07:35:00,28.21862148956357,real
2026-01-06 07:40:00,28.295094718532578,real
2026-01-06 07:45:00,28.371567947501585,real
2026-01-06 07:50:00,28.448041176470593,real
2026-01-06 07:55:00,28.5245144054396,real
2026-01-06 08:00:00,28.600987634408604,real
2026-01-06 08:05:00,28.67746086337761,real
2026-01-06 08:10:00,28.75393409234662,real
2026-01-06 08:15:00,28.830407321315626,real
2026-01-06 08:20:00,28.906880550284633,real
2026-01-06 08:25:00,28.98335377925364,real
2026-01-06 08:30:00,29.059827008222648,real
2026-01-06 08:35:00,29.136300237191655,real
2026-01-06 08:40:00,29.212773466160662,real
2026-01-06 08:45:00,29.28924669512967,real
2026-01-06 08:50:00,29.365719924098673,real
2026-01-06 08:55:00,29.44219315306768,real
2026-01-06 09:00:00,29.518666382036688,real
2026-01-06 09:05:00,29.595139611005695,real
2026-01-06 09:10:00,29.671612839974703,real
2026-01-06 09:15:00,29.74808606894371,real
2026-01-06 09:20:00,29.824559297912717,real
2026-01-06 09:25:00,29.901032526881725,real
2026-01-06 09:30:00,29.977505755850732,real
2026-01-06 09:35:00,30.05397898481974,real
2026-01-06 09:40:00,30.130452213788743,real
2026-01-06 09:45:00,30.20692544275775,real
2026-01-06 09:50:00,30.283398671726758,real
2026-01-06 09:55:00,30.359871900695765,real
2026-01-06 10:00:00,30.436345129664772,real
2026-01-06 10:05:00,30.51281835863378,real
2026-01-06 10:10:00,30.589291587602787,real
2026-01-06 10:15:00,30.665764816571794,real
2026-01-06 10:20:00,30.7422380455408,real
2026-01-06 10:25:00,30.81871127450981,real
2026-01-06 10:30:00,30.895184503478813,real
2026-01-06 10:35:00,30.97165773244782,real
2026-01-06 10:40:00,31.048130961416827,real
2026-01-06 10:45:00,31.124604190385835,real
2026-01-06 10:50:00,31.201077419354842,real
2026-01-06 10:55:00,31.27755064832385,real
2026-01-06 11:00:00,31.354023877292857,real
2026-01-06 11:05:00,31.430497106261864,real
2026-01-06 11:10:00,31.50697033523087,real
2026-01-06 11:15:00,31.58344356419988,real
2026-01-06 11:20:00,31.659916793168883,real
2026-01-06 11:25:00,31.73639002213789,real
2026-01-06 11:30:00,31.812863251106897,real
2026-01-06 11:35:00,31.889336480075904,real
2026-01-06 11:40:00,31.965809709044912,real
2026-01-06 11:45:00,32.04228293801392,real
2026-01-06 11:50:00,32.11875616698293,real
2026-01-06 11:55:00,32.195229395951934,real
2026-01-06 12:00:00,32.27170262492094,real
2026-01-06 12:05:00,32.34817585388995,real
2026-01-06 12:10:00,32.424649082858956,real
2026-01-06 12:15:00,32.50112231182796,real
2026-01-06 12:20:00,32.57759554079697,real
2026-01-06 12:25:00,32.65406876976598,real
2026-01-06 12:30:00,32.730541998734985,real
2026-01-06 12:35:00,32.807015227703985,real
2026-01-06 12:40:00,32.88348845667299,real
2026-01-06 12:45:00,32.959961685642,real
2026-01-06 12:50:00,33.03643491461101,real
2026-01-06 12:55:00,33.112908143580015,real
2026-01-06 13:00:00,33.18938137254902,real
2026-01-06 13:05:00,33.26585460151803,real
2026-01-06 13:10:00,33.34232783048704,real
2026-01-06 13:15:00,33.418801059456044,real
2026-01-06 13:20:00,33.49527428842505,real
2026-01-06 13:25:00,33.57174751739406,real
2026-01-06 13:30:00,33.648220746363066,real
2026-01-06 13:35:00,33.72469397533207,real
2026-01-06 13:40:00,33.80116720430108,real
2026-01-06 13:45:00,33.87764043327009,real
2026-01-06 13:50:00,33.954113662239095,real
2026-01-06 13:55:00,34.0305868912081,real
2026-01-06 14:00:00,34.10706012017711,real
2026-01-06 14:05:00,34.18353334914612,real
2026-01-06 14:10:00,34.260006578115124,real
2026-01-06 14:15:00,34.336479807084125,real
2026-01-06 14:20:00,34.41295303605313,real
2026-01-06 14:25:00,34.48942626502214,real
2026-01-06 14:30:00,34.56589949399115,real
2026-01-06 14:35:00,34.642372722960154,real
2026-01-06 14:40:00,34.71884595192916,real
2026-01-06 14:45:00,34.79531918089817,real
2026-01-06 14:50:00,34.871792409867176,real
2026-01-06 14:55:00,34.94826563883618,real
2026-01-06 15:00:00,35.02473886780519,real
2026-01-06 15:05:00,35.1012120967742,real
2026-01-06 15:10:00,35.177685325743205,real
2026-01-06 15:15:00,35.25415855471221,real
2026-01-06 15:20:00,35.33063178368122,real
2026-01-06 15:25:00,35.40710501265023,real
2026-01-06 15:30:00,35.483578241619234,real
2026-01-06 15:35:00,35.56005147058824,real
2026-01-06 15:40:00,35.63652469955725,real
2026-01-06 15:45:00,35.712997928526256,real
2026-01-06 15:50:00,35.789471157495264,real
2026-01-06 15:55:00,35.865944386464264,real
2026-01-06 16:00:00,35.94241761543327,real
2026-01-06 16:05:00,36.01889084440228,real
2026-01-06 16:10:00,36.095364073371286,real
2026-01-06 16:15:00,36.17183730234029,real
2026-01-06 16:20:00,36.2483105313093,real
2026-01-06 16:25:00,36.32478376027831,real
2026-01-06 16:30:00,36.401256989247315,real
2026-01-06 16:35:00,36.47773021821632,real
2026-01-06 16:40:00,36.55420344718533,real
2026-01-06 16:45:00,36.63067667615434,real
2026-01-06 16:50:00,36.707149905123345,real
2026-01-06 16:55:00,36.78362313409235,real
2026-01-06 17:00:00,36.86009636306136,real
2026-01-06 17:05:00,36.93656959203037,real
2026-01-06 17:10:00,37.013042820999374,real
2026-01-06 17:15:00,37.08951604996838,real
2026-01-06 17:20:00,37.16598927893739,real
2026-01-06 17:25:00,37.242462507906396,real
2026-01-06 17:30:00,37.3189357368754,real
2026-01-06 17:35:00,37.3954089658444,real
2026-01-06 17:40:00,37.47188219481341,real
2026-01-06 17:45:00,37.54835542378242,real
2026-01-06 17:50:00,37.624828652751425,real
2026-01-06 17:55:00,37.70130188172043,real
2026-01-06 18:00:00,37.77777511068944,real
2026-01-06 18:05:00,37.85424833965845,real
2026-01-06 18:10:00,37.930721568627455,real
2026-01-06 18:15:00,38.00719479759646,real
2026-01-06 18:20:00,38.08366802656547,real
2026-01-06 18:25:00,38.16014125553448,real
2026-01-06 18:30:00,38.236614484503484,real
2026-01-06 18:35:00,38.31308771347249,real
2026-01-06 18:40:00,38.3895609424415,real
2026-01-06 18:45:00,38.466034171410506,real
2026-01-06 18:50:00,38.54250740037951,real
2026-01-06 18:55:00,38.61898062934852,real
2026-01-06 19:00:00,38.69545385831753,real
2026-01-06 19:05:00,38.771927087286535,real
2026-01-06 19:10:00,38.848400316255535,real
2026-01-06 19:15:00,38.92487354522454,real
2026-01-06 19:20:00,39.00134677419355,real
2026-01-06 19:25:00,39.07782000316256,real
2026-01-06 19:30:00,39.154293232131565,real
2026-01-06 19:35:00,39.23076646110057,real
2026-01-06 19:40:00,39.30723969006958,real
2026-01-06 19:45:00,39.38371291903859,real
2026-01-06 19:50:00,39.460186148007594,real
2026-01-06 19:55:00,39.5366593769766,real
2026-01-06 20:00:00,39.61313260594561,real
2026-01-06 20:05:00,39.689605834914616,real
2026-01-06 20:10:00,39.76607906388362,real
2026-01-06 20:15:00,39.84255229285263,real
2026-01-06 20:20:00,39.91902552182164,real
2026-01-06 20:25:00,39.995498750790645,real
2026-01-06 20:30:00,40.07197197975965,real
2026-01-06 20:35:00,40.14844520872866,real
2026-01-06 20:40:00,40.22491843769767,real
2026-01-06 20:45:00,40.301391666666674,real
2026-01-06 20:50:00,40.377864895635675,real
2026-01-06 20:55:00,40.45433812460468,real
2026-01-06 21:00:00,40.53081135357369,real
2026-01-06 21:05:00,40.6072845825427,real
2026-01-06 21:10:00,40.683757811511704,real
2026-01-06 21:15:00,40.76023104048071,real
2026-01-06 21:20:00,40.83670426944972,real
2026-01-06 21:25:00,40.913177498418726,real
2026-01-06 21:30:00,40.98965072738773,real
2026-01-06 21:35:00,41.06612395635674,real
2026-01-06 21:40:00,41.14259718532575,real
2026-01-06 21:45:00,41.219070414294755,real
2026-01-06 21:50:00,41.29554364326376,real
2026-01-06 21:55:00,41.37201687223277,real
2026-01-06 22:00:00,41.44849010120178,real
2026-01-06 22:05:00,41.524963330170785,real
2026-01-06 22:10:00,41.60143655913979,real
2026-01-06 22:15:00,41.6779097881088,real
2026-01-06 22:20:00,41.75438301707781,real
2026-01-06 22:25:00,41.830856246046814,real
2026-01-06 22:30:00,41.907329475015814,real
2026-01-06 22:35:00,41.98380270398482,real
2026-01-06 22:40:00,42.06027593295383,real
2026-01-06 22:45:00,42.136749161922836,real
2026-01-06 22:50:00,42.21322239089184,real
2026-01-06 22:55:00,42.28969561986085,real
2026-01-06 23:00:00,42.36616884882986,real
2026-01-06 23:05:00,42.442642077798865,real
2026-01-06 23:10:00,42.51911530676787,real
2026-01-06 23:15:00,42.59558853573688,real
2026-01-06 23:20:00,42.67206176470589,real
2026-01-06 23:25:00,42.748534993674895,real
2026-01-06 23:30:00,42.8250082226439,real
2026-01-06 23:35:00,42.90148145161291,real
2026-01-06 23:40:00,42.97795468058192,real
2026-01-06 23:45:00,43.054427909550924,real
2026-01-06 23:50:00,43.13090113851993,real
2026-01-06 23:55:00,43.20737436748894,real
2026-01-07 00:00:00,43.283847596457946,real
2026-01-07 00:05:00,43.36032082542695,real
2026-01-07 00:10:00,43.43679405439595,real
2026-01-07 00:15:00,43.51326728336496,real
2026-01-07 00:20:00,43.58974051233397,real
2026-01-07 00:25:00,43.666213741302975,real
2026-01-07 00:30:00,43.74268697027198,real
2026-01-07 00:35:00,43.81916019924099,real
2026-01-07 00:40:00,43.89563342821,real
2026-01-07 00:45:00,43.972106657179005,real
2026-01-07 00:50:00,44.04857988614801,real
2026-01-07 00:55:00,44.12505311511702,real
2026-01-07 01:00:00,44.20152634408603,real
2026-01-07 01:05:00,44.277999573055034,real
2026-01-07 01:10:00,44.35447280202404,real
2026-01-07 01:15:00,44.43094603099305,real
2026-01-07 01:20:00,44.507419259962056,real
2026-01-07 01:25:00,44.58389248893106,real
2026-01-07 01:30:00,44.66036571790007,real
2026-01-07 01:35:00,44.73683894686908,real
2026-01-07 01:40:00,44.813312175838085,real
2026-01-07 01:45:00,44.88978540480709,real
2026-01-07 01:50:00,44.96625863377609,real
2026-01-07 01:55:00,45.0427318627451,real
2026-01-07 02:00:00,45.11920509171411,real
2026-01-07 02:05:00,45.195678320683115,real
2026-01-07 02:10:00,45.27215154965212,real
2026-01-07 02:15:00,45.34862477862113,real
2026-01-07 02:20:00,45.42509800759014,real
2026-01-07 02:25:00,45.501571236559144,real
2026-01-07 02:30:00,45.57804446552815,real
2026-01-07 02:35:00,45.65451769449716,real
2026-01-07 02:40:00,45.730990923466166,real
2026-01-07 02:45:00,45.80746415243517,real
2026-01-07 02:50:00,45.88393738140418,real
2026-01-07 02:55:00,45.96041061037319,real
2026-01-07 03:00:00,46.036883839342195,real
2026-01-07 03:05:00,46.1133570683112,real
2026-01-07 03:10:00,46.18983029728021,real
2026-01-07 03:15:00,46.26630352624922,real
2026-01-07 03:20:00,46.342776755218225,real
2026-01-07 03:25:00,46.41924998418723,real
2026-01-07 03:30:00,46.49572321315623,real
2026-01-07 03:35:00,46.57219644212524,real
2026-01-07 03:40:00,46.64866967109425,real
2026-01-07 03:45:00,46.725142900063254,real
2026-01-07 03:50:00,46.80161612903226,real
2026-01-07 03:55:00,46.87808935800127,real
2026-01-07 04:00:00,46.954562586970276,real
2026-01-07 04:05:00,47.03103581593928,real
2026-01-07 04:10:00,47.10750904490829,real
2026-01-07 04:15:00,47.1839822738773,real
2026-01-07 04:20:00,47.260455502846305,real
2026-01-07 04:25:00,47.33692873181531,real
2026-01-07 04:30:00,47.41340196078432,real
2026-01-07 04:35:00,47.48987518975333,real
2026-01-07 04:40:00,47.566348418722335,real
2026-01-07 04:45:00,47.64282164769134,real
2026-01-07 04:50:00,47.71929487666035,real
2026-01-07 04:55:00,47.79576810562936,real
2026-01-07 05:00:00,47.872241334598364,real
2026-01-07 05:05:00,47.94871456356737,real
2026-01-07 05:10:00,48.02518779253637,real
2026-01-07 05:15:00,48.10166102150538,real
2026-01-07 05:20:00,48.178134250474386,real
2026-01-07 05:25:00,48.25460747944339,real
2026-01-07 05:30:00,48.3310807084124,real
2026-01-07 05:35:00,48.40755393738141,real
2026-01-07 05:40:00,48.484027166350415,real
2026-01-07 05:45:00,48.56050039531942,real
2026-01-07 05:50:00,48.63697362428843,real
2026-01-07 05:55:00,48.71344685325744,real
2026-01-07 06:00:00,48.789920082226445,real
2026-01-07 06:05:00,48.86639331119545,real
2026-01-07 06:10:00,48.94286654016446,real
2026-01-07 06:15:00,49.01933976913347,real
2026-01-07 06:20:00,49.095812998102474,real
2026-01-07 06:25:00,49.17228622707148,real
2026-01-07 06:30:00,49.24875945604049,real
2026-01-07 06:35:00,49.325232685009496,real
2026-01-07 06:40:00,49.4017059139785,real
2026-01-07 06:45:00,49.47817914294751,real
2026-01-07 06:50:00,49.55465237191651,real
2026-01-07 06:55:00,49.63112560088552,real
2026-01-07 07:00:00,49.707598829854525,real
2026-01-07 07:05:00,49.78407205882353,real
2026-01-07 07:10:00,49.86054528779254,real
2026-01-07 07:15:00,49.93701851676155,real
2026-01-07 07:20:00,50.013491745730555,real
2026-01-07 07:25:00,50.08996497469956,real
2026-01-07 07:30:00,50.16643820366857,real
2026-01-07 07:35:00,50.24291143263758,real
2026-01-07 07:40:00,50.319384661606584,real
2026-01-07 07:45:00,50.39585789057559,real
2026-01-07 07:50:00,50.4723311195446,real
2026-01-07 07:55:00,50.548804348513606,real
2026-01-07 08:00:00,50.62527757748261,real
2026-01-07 08:05:00,50.70175080645162,real
2026-01-07 08:10:00,50.77822403542063,real
2026-01-07 08:15:00,50.854697264389635,real
2026-01-07 08:20:00,50.93117049335864,real
2026-01-07 08:25:00,51.00764372232765,real
2026-01-07 08:30:00,51.08411695129665,real
2026-01-07 08:35:00,51.16059018026566,real
2026-01-07 08:40:00,51.237063409234665,real
2026-01-07 08:45:00,51.31353663820367,real
2026-01-07 08:50:00,51.39000986717268,real
2026-01-07 08:55:00,51.46648309614169,real
2026-01-07 09:00:00,51.542956325110694,real
2026-01-07 09:05:00,51.6194295540797,real
2026-01-07 09:10:00,51.69590278304871,real
2026-01-07 09:15:00,51.772376012017716,real
2026-01-07 09:20:00,51.84884924098672,real
2026-01-07 09:25:00,51.92532246995573,real
2026-01-07 09:30:00,52.00179569892474,real
2026-01-07 09:35:00,52.078268927893745,real
2026-01-07 09:40:00,52.15474215686275,real
2026-01-07 09:45:00,52.23121538583176,real
2026-01-07 09:50:00,52.30768861480077,real
2026-01-07 09:55:00,52.384161843769775,real
2026-01-07 10:00:00,52.46063507273878,real
2026-01-07 10:05:00,52.53710830170779,real
2026-01-07 10:10:00,52.61358153067679,real
2026-01-07 10:15:00,52.6900547596458,real
2026-01-07 10:20:00,52.766527988614804,real
2026-01-07 10:25:00,52.84300121758381,real
2026-01-07 10:30:00,52.91947444655282,real
2026-01-07 10:35:00,52.995947675521826,real
2026-01-07 10:40:00,53.07242090449083,real
2026-01-07 10:45:00,53.14889413345984,real
2026-01-07 10:50:00,53.22536736242885,real
2026-01-07 10:55:00,53.301840591397855,real
2026-01-07 11:00:00,53.37831382036686,real
2026-01-07 11:05:00,53.45478704933587,real
2026-01-07 11:10:00,53.53126027830488,real
2026-01-07 11:15:00,53.607733507273885,real
2026-01-07 11:20:00,53.68420673624289,real
2026-01-07 11:25:00,53.7606799652119,real
2026-01-07 11:30:00,53.83715319418091,real
2026-01-07 11:35:00,53.913626423149914,real
2026-01-07 11:40:00,53.99009965211892,real
2026-01-07 11:45:00,54.06657288108793,real
2026-01-07 11:50:00,54.14304611005693,real
2026-01-07 11:55:00,54.219519339025936,real
2026-01-07 12:00:00,54.295992567994944,real
2026-01-07 12:05:00,54.37246579696395,real
2026-01-07 12:10:00,54.44893902593296,real
2026-01-07 12:15:00,54.525412254901966,real
2026-01-07 12:20:00,54.60188548387097,real
2026-01-07 12:25:00,54.67835871283998,real
2026-01-07 12:30:00,54.75483194180899,real
2026-01-07 12:35:00,54.831305170777995,real
2026-01-07 12:40:00,54.907778399747,real
2026-01-07 12:45:00,54.98425162871601,real
2026-01-07 12:50:00,55.06072485768502,real
2026-01-07 12:55:00,55.137198086654024,real
2026-01-07 13:00:00,55.21367131562303,real
2026-01-07 13:05:00,55.29014454459204,real
2026-01-07 13:10:00,55.366617773561046,real
2026-01-07 13:15:00,55.44309100253005,real
2026-01-07 13:20:00,55.51956423149906,real
2026-01-07 13:25:00,55.59603746046807,real
2026-01-07 13:30:00,55.67251068943707,real
2026-01-07 13:35:00,55.748983918406076,real
2026-01-07 13:40:00,55.82545714737508,real
2026-01-07 13:45:00,55.90193037634409,real
2026-01-07 13:50:00,55.9784036053131,real
2026-01-07 13:55:00,56.054876834282105,real
2026-01-07 14:00:00,56.13135006325111,real
2026-01-07 14:05:00,56.20782329222012,real
2026-01-07 14:10:00,56.28429652118913,real
2026-01-07 14:15:00,56.360769750158134,real
2026-01-07 14:20:00,56.43724297912714,real
2026-01-07 14:25:00,56.51371620809615,real
2026-01-07 14:30:00,56.590189437065156,real
2026-01-07 14:35:00,56.66666266603416,real
2026-01-07 14:40:00,56.74313589500317,real
2026-01-07 14:45:00,56.81960912397218,real
2026-01-07 14:50:00,56.896082352941185,real
2026-01-07 14:55:00,56.97255558191019,real
2026-01-07 15:00:00,57.0490288108792,real
2026-01-07 15:05:00,57.12550203984821,real
2026-01-07 15:10:00,57.20197526881721,real
2026-01-07 15:15:00,57.278448497786215,real
2026-01-07 15:20:00,57.35492172675522,real
2026-01-07 15:25:00,57.43139495572423,real
2026-01-07 15:30:00,57.50786818469324,real
2026-01-07 15:35:00,57.584341413662244,real
2026-01-07 15:40:00,57.66081464263125,real
2026-01-07 15:45:00,57.73728787160026,real
2026-01-07 15:50:00,57.813761100569266,real
2026-01-07 15:55:00,57.89023432953827,real
2026-01-07 16:00:00,57.96670755850728,real
2026-01-07 16:05:00,58.04318078747629,real
2026-01-07 16:10:00,58.119654016445295,real
2026-01-07 16:15:00,58.1961272454143,real
2026-01-07 16:20:00,58.27260047438331,real
2026-01-07 16:25:00,58.34907370335232,real
2026-01-07 16:30:00,58.425546932321325,real
2026-01-07 16:35:00,58.50202016129033,real
2026-01-07 16:40:00,58.57849339025934,real
2026-01-07 16:45:00,58.65496661922834,real
2026-01-07 16:50:00,58.73143984819735,real
2026-01-07 16:55:00,58.807913077166354,real
2026-01-07 17:00:00,58.88438630613536,real
2026-01-07 17:05:00,58.96085953510437,real
2026-01-07 17:10:00,59.037332764073376,real
2026-01-07 17:15:00,59.113805993042384,real
2026-01-07 17:20:00,59.19027922201139,real
2026-01-07 17:25:00,59.2667524509804,real
2026-01-07 17:30:00,59.343225679949406,real
2026-01-07 17:35:00,59.41969890891841,real
2026-01-07 17:40:00,59.49617213788742,real
2026-01-07 17:45:00,59.57264536685643,real
2026-01-07 17:50:00,59.649118595825435,real
2026-01-07 17:55:00,59.72559182479444,real
2026-01-07 18:00:00,59.80206505376345,real
2026-01-07 18:05:00,59.87853828273246,real
2026-01-07 18:10:00,59.955011511701464,real
2026-01-07 18:15:00,60.03148474067047,real
2026-01-07 18:20:00,60.10795796963948,real
2026-01-07 18:25:00,60.18443119860848,real
2026-01-07 18:30:00,60.260904427577486,real
2026-01-07 18:35:00,60.337377656546494,real
2026-01-07 18:40:00,60.4138508855155,real
2026-01-07 18:45:00,60.49032411448451,real
2026-01-07 18:50:00,60.566797343453516,real
2026-01-07 18:55:00,60.64327057242252,real
2026-01-07 19:00:00,60.71974380139153,real
2026-01-07 19:05:00,60.79621703036054,real
2026-01-07 19:10:00,60.872690259329545,real
2026-01-07 19:15:00,60.94916348829855,real
2026-01-07 19:20:00,61.02563671726756,real
2026-01-07 19:25:00,61.10210994623657,real
2026-01-07 19:30:00,61.178583175205574,real
2026-01-07 19:35:00,61.25505640417458,real
2026-01-07 19:40:00,61.33152963314359,real
2026-01-07 19:45:00,61.408002862112596,real
2026-01-07 19:50:00,61.4844760910816,real
2026-01-07 19:55:00,61.56094932005061,real
2026-01-07 20:00:00,61.63742254901962,real
2026-01-07 20:05:00,61.71389577798862,real
2026-01-07 20:10:00,61.790369006957626,real
2026-01-07 20:15:00,61.86684223592663,real
2026-01-07 20:20:00,61.94331546489564,real
2026-01-07 20:25:00,62.01978869386465,real
2026-01-07 20:30:00,62.096261922833655,real
2026-01-07 20:35:00,62.17273515180266,real
2026-01-07 20:40:00,62.24920838077167,real
2026-01-07 20:45:00,62.32568160974068,real
2026-01-07 20:50:00,62.402154838709684,real
2026-01-07 20:55:00,62.47862806767869,real
2026-01-07 21:00:00,62.5551012966477,real
2026-01-07 21:05:00,62.631574525616706,real
2026-01-07 21:10:00,62.708047754585714,real
2026-01-07 21:15:00,62.78452098355472,real
2026-01-07 21:20:00,62.86099421252373,real
2026-01-07 21:25:00,62.937467441492736,real
2026-01-07 21:30:00,63.01394067046174,real
2026-01-07 21:35:00,63.09041389943075,real
2026-01-07 21:40:00,63.16688712839976,real
2026-01-07 21:45:00,63.24336035736876,real
2026-01-07 21:50:00,63.319833586337765,real
2026-01-07 21:55:00,63.39630681530677,real
2026-01-07 22:00:00,63.47278004427578,real
2026-01-07 22:05:00,63.54925327324479,real
2026-01-07 22:10:00,63.625726502213794,real
2026-01-07 22:15:00,63.7021997311828,real
2026-01-07 22:20:00,63.77867296015181,real
2026-01-07 22:25:00,63.855146189120816,real
2026-01-07 22:30:00,63.931619418089824,real
2026-01-07 22:35:00,64.00809264705883,real
2026-01-07 22:40:00,64.08456587602784,real
2026-01-07 22:45:00,64.16103910499685,real
2026-01-07 22:50:00,64.23751233396585,real
2026-01-07 22:55:00,64.31398556293486,real
2026-01-07 23:00:00,64.39045879190387,real
2026-01-07 23:05:00,64.46693202087287,real
2026-01-07 23:10:00,64.54340524984188,real
2026-01-07 23:15:00,64.61987847881089,real
2026-01-07 23:20:00,64.6963517077799,real
2026-01-07 23:25:00,64.7728249367489,real
2026-01-07 23:30:00,64.84929816571791,real
2026-01-07 23:35:00,64.92577139468692,real
2026-01-07 23:40:00,65.00224462365593,real
2026-01-07 23:45:00,65.07871785262493,real
2026-01-07 23:50:00,65.15519108159394,real
2026-01-07 23:55:00,65.23166431056295,real
2026-01-08 00:00:00,65.30813753953196,real
2026-01-08 00:05:00,65.38461076850096,real
2026-01-08 00:10:00,65.46108399746997,real
2026-01-08 00:15:00,65.53755722643896,real
2026-01-08 00:20:00,65.61403045540797,real
2026-01-08 00:25:00,65.69050368437698,real
2026-01-08 00:30:00,65.76697691334599,real
2026-01-08 00:35:00,65.84345014231499,real
2026-01-08 00:40:00,65.919923371284,real
2026-01-08 00:45:00,65.99639660025301,real
2026-01-08 00:50:00,66.07286982922201,real
2026-01-08 00:55:00,66.14934305819102,real
2026-01-08 01:00:00,66.22581628716003,real
2026-01-08 01:05:00,66.30228951612904,real
2026-01-08 01:10:00,66.37876274509804,real
2026-01-08 01:15:00,66.45523597406705,real
2026-01-08 01:20:00,66.53170920303606,real
2026-01-08 01:25:00,66.60818243200507,real
2026-01-08 01:30:00,66.68465566097407,real
2026-01-08 01:35:00,66.76112888994308,real
2026-01-08 01:40:00,66.83760211891209,real
2026-01-08 01:45:00,66.9140753478811,real
2026-01-08 01:50:00,66.9905485768501,real
2026-01-08 01:55:00,67.06702180581911,real
2026-01-08 02:00:00,67.14349503478812,real
2026-01-08 02:05:00,67.21996826375712,real
2026-01-08 02:10:00,67.29644149272613,real
2026-01-08 02:15:00,67.37291472169514,real
2026-01-08 02:20:00,67.44938795066415,real
2026-01-08 02:25:00,67.52586117963315,real
2026-01-08 02:30:00,67.60233440860216,real
2026-01-08 02:35:00,67.67880763757117,real
2026-01-08 02:40:00,67.75528086654018,real
2026-01-08 02:45:00,67.83175409550918,real
2026-01-08 02:50:00,67.90822732447819,real
2026-01-08 02:55:00,67.9847005534472,real
2026-01-08 03:00:00,68.0611737824162,real
2026-01-08 03:05:00,68.13764701138521,real
2026-01-08 03:10:00,68.21412024035422,real
2026-01-08 03:15:00,68.29059346932323,real
2026-01-08 03:20:00,68.36706669829223,real
2026-01-08 03:25:00,68.44353992726124,real
2026-01-08 03:30:00,68.52001315623025,real
2026-01-08 03:35:00,68.59648638519924,real
2026-01-08 03:40:00,68.67295961416825,real
2026-01-08 03:45:00,68.74943284313726,real
2026-01-08 03:50:00,68.82590607210626,real
2026-01-08 03:55:00,68.90237930107527,real
2026-01-08 04:00:00,68.97885253004428,real
2026-01-08 04:05:00,69.05532575901329,real
2026-01-08 04:10:00,69.1317989879823,real
2026-01-08 04:15:00,69.2082722169513,real
2026-01-08 04:20:00,69.28474544592031,real
2026-01-08 04:25:00,69.36121867488932,real
2026-01-08 04:30:00,69.43769190385832,real
2026-01-08 04:35:00,69.51416513282733,real
2026-01-08 04:40:00,69.59063836179634,real
2026-01-08 04:45:00,69.66711159076534,real
2026-01-08 04:50:00,69.74358481973435,real
2026-01-08 04:55:00,69.82005804870336,real
2026-01-08 05:00:00,69.89653127767237,real
2026-01-08 05:05:00,69.97300450664137,real
2026-01-08 05:10:00,70.04947773561038,real
2026-01-08 05:15:00,70.12595096457939,real
2026-01-08 05:20:00,70.2024241935484,real
2026-01-08 05:25:00,70.2788974225174,real
2026-01-08 05:30:00,70.35537065148641,real
2026-01-08 05:35:00,70.43184388045542,real
2026-01-08 05:40:00,70.50831710942442,real
2026-01-08 05:45:00,70.58479033839343,real
2026-01-08 05:50:00,70.66126356736244,real
2026-01-08 05:55:00,70.73773679633145,real
2026-01-08 06:00:00,70.81421002530045,real
2026-01-08 06:05:00,70.89068325426946,real
2026-01-08 06:10:00,70.96715648323847,real
2026-01-08 06:15:00,71.04362971220748,real
2026-01-08 06:20:00,71.12010294117648,real
2026-01-08 06:25:00,71.19657617014549,real
2026-01-08 06:30:00,71.2730493991145,real
2026-01-08 06:35:00,71.3495226280835,real
2026-01-08 06:40:00,71.42599585705251,real
2026-01-08 06:45:00,71.50246908602152,real
2026-01-08 06:50:00,71.57894231499053,real
2026-01-08 06:55:00,71.65541554395952,real
2026-01-08 07:00:00,71.73188877292853,real
2026-01-08 07:05:00,71.80836200189754,real
2026-01-08 07:10:00,71.88483523086654,real
2026-01-08 07:15:00,71.96130845983555,real
2026-01-08 07:20:00,72.03778168880456,real
2026-01-08 07:25:00,72.11425491777356,real
2026-01-08 07:30:00,72.19072814674257,real
2026-01-08 07:35:00,72.26720137571158,real
2026-01-08 07:40:00,72.34367460468059,real
2026-01-08 07:45:00,72.4201478336496,real
2026-01-08 07:50:00,72.4966210626186,real
2026-01-08 07:55:00,72.57309429158761,real
2026-01-08 08:00:00,72.64956752055662,real
2026-01-08 08:05:00,72.72604074952562,real
2026-01-08 08:10:00,72.80251397849463,real
2026-01-08 08:15:00,72.87898720746364,real
2026-01-08 08:20:00,72.95546043643265,real
2026-01-08 08:25:00,73.03193366540165,real
2026-01-08 08:30:00,73.10840689437066,real
2026-01-08 08:35:00,73.18488012333967,real
2026-01-08 08:40:00,73.26135335230867,real
2026-01-08 08:45:00,73.33782658127768,real
2026-01-08 08:50:00,73.41429981024669,real
2026-01-08 08:55:00,73.4907730392157,real
2026-01-08 09:00:00,73.5672462681847,real
2026-01-08 09:05:00,73.64371949715371,real
2026-01-08 09:10:00,73.72019272612272,real
2026-01-08 09:15:00,73.79666595509173,real
2026-01-08 09:20:00,73.87313918406073,real
2026-01-08 09:25:00,73.94961241302974,real
2026-01-08 09:30:00,74.02608564199875,real
2026-01-08 09:35:00,74.10255887096775,real
2026-01-08 09:40:00,74.17903209993676,real
2026-01-08 09:45:00,74.25550532890577,real
2026-01-08 09:50:00,74.33197855787478,real
2026-01-08 09:55:00,74.40845178684378,real
2026-01-08 10:00:00,74.48492501581279,real
2026-01-08 10:05:00,74.5613982447818,real
2026-01-08 10:10:00,74.6378714737508,real
2026-01-08 10:15:00,74.7143447027198,real
2026-01-08 10:20:00,74.7908179316888,real
2026-01-08 10:25:00,74.86729116065781,real
2026-01-08 10:30:00,74.94376438962682,real
2026-01-08 10:35:00,75.02023761859583,real
2026-01-08 10:40:00,75.09671084756484,real
2026-01-08 10:45:00,75.17318407653384,real
2026-01-08 10:50:00,75.24965730550285,real
2026-01-08 10:55:00,75.32613053447186,real
2026-01-08 11:00:00,75.40260376344087,real
2026-01-08 11:05:00,75.47907699240987,real
2026-01-08 11:10:00,75.55555022137888,real
2026-01-08 11:15:00,75.63202345034789,real
2026-01-08 11:20:00,75.7084966793169,real
2026-01-08 11:25:00,75.7849699082859,real
2026-01-08 11:30:00,75.86144313725491,real
2026-01-08 11:35:00,75.93791636622392,real
2026-01-08 11:40:00,76.01438959519292,real
2026-01-08 11:45:00,76.09086282416193,real
2026-01-08 11:50:00,76.16733605313094,real
2026-01-08 11:55:00,76.24380928209995,real
2026-01-08 12:00:00,76.32028251106895,real
2026-01-08 12:05:00,76.39675574003796,real
2026-01-08 12:10:00,76.47322896900697,real
2026-01-08 12:15:00,76.54970219797598,real
2026-01-08 12:20:00,76.62617542694498,real
2026-01-08 12:25:00,76.70264865591399,real
2026-01-08 12:30:00,76.779121884883,real
2026-01-08 12:35:00,76.855595113852,real
2026-01-08 12:40:00,76.93206834282101,real
2026-01-08 12:45:00,77.00854157179002,real
2026-01-08 12:50:00,77.08501480075903,real
2026-01-08 12:55:00,77.16148802972803,real
2026-01-08 13:00:00,77.23796125869704,real
2026-01-08 13:05:00,77.31443448766605,real
2026-01-08 13:10:00,77.39090771663506,real
2026-01-08 13:15:00,77.46738094560406,real
2026-01-08 13:20:00,77.54385417457307,real
2026-01-08 13:25:00,77.62032740354208,real
2026-01-08 13:30:00,77.69680063251107,real
2026-01-08 13:35:00,77.77327386148008,real
2026-01-08 13:40:00,77.84974709044909,real
2026-01-08 13:45:00,77.92622031941809,real
2026-01-08 13:50:00,78.0026935483871,real
2026-01-08 13:55:00,78.07916677735611,real
2026-01-08 14:00:00,78.15564000632511,real
2026-01-08 14:05:00,78.23211323529412,real
2026-01-08 14:10:00,78.30858646426313,real
2026-01-08 14:15:00,78.38505969323214,real
2026-01-08 14:20:00,78.46153292220114,real
2026-01-08 14:25:00,78.53800615117015,real
2026-01-08 14:30:00,78.61447938013916,real
2026-01-08 14:35:00,78.69095260910817,real
2026-01-08 14:40:00,78.76742583807717,real
2026-01-08 14:45:00,78.84389906704618,real
2026-01-08 14:50:00,78.92037229601519,real
2026-01-08 14:55:00,78.9968455249842,real
2026-01-08 15:00:00,79.0733187539532,real
2026-01-08 15:05:00,79.14979198292221,real
2026-01-08 15:10:00,79.22626521189122,real
2026-01-08 15:15:00,79.30273844086022,real
2026-01-08 15:20:00,79.37921166982923,real
2026-01-08 15:25:00,79.45568489879824,real
2026-01-08 15:30:00,79.53215812776725,real
2026-01-08 15:35:00,79.60863135673625,real
2026-01-08 15:40:00,79.68510458570526,real
2026-01-08 15:45:00,79.76157781467427,real
2026-01-08 15:50:00,79.83805104364328,real
2026-01-08 15:55:00,79.91452427261228,real
2026-01-08 16:00:00,79.99099750158129,real
2026-01-08 16:05:00,80.0674707305503,real
2026-01-08 16:10:00,80.1439439595193,real
2026-01-08 16:15:00,80.22041718848831,real
2026-01-08 16:20:00,80.29689041745732,real
2026-01-08 16:25:00,80.37336364642633,real
2026-01-08 16:30:00,80.44983687539533,real
2026-01-08 16:35:00,80.52631010436434,real
2026-01-08 16:40:00,80.60278333333335,real
2026-01-08 16:45:00,80.67925656230236,real
2026-01-08 16:50:00,80.75572979127135,real
2026-01-08 16:55:00,80.83220302024036,real
2026-01-08 17:00:00,80.90867624920936,real
2026-01-08 17:05:00,80.98514947817837,real
2026-01-08 17:10:00,81.06162270714738,real
2026-01-08 17:15:00,81.13809593611639,real
2026-01-08 17:20:00,81.2145691650854,real
2026-01-08 17:25:00,81.2910423940544,real
2026-01-08 17:30:00,81.36751562302341,real
2026-01-08 17:35:00,81.44398885199242,real
2026-01-08 17:40:00,81.52046208096142,real
2026-01-08 17:45:00,81.59693530993043,real
2026-01-08 17:50:00,81.67340853889944,real
2026-01-08 17:55:00,81.74988176786844,real
2026-01-08 18:00:00,81.82635499683745,real
2026-01-08 18:05:00,81.90282822580646,real
2026-01-08 18:10:00,81.97930145477547,real
2026-01-08 18:15:00,82.05577468374447,real
2026-01-08 18:20:00,82.13224791271348,real
2026-01-08 18:25:00,82.20872114168249,real
2026-01-08 18:30:00,82.2851943706515,real
2026-01-08 18:35:00,82.3616675996205,real
2026-01-08 18:40:00,82.43814082858951,real
2026-01-08 18:45:00,82.51461405755852,real
2026-01-08 18:50:00,82.59108728652753,real
2026-01-08 18:55:00,82.66756051549653,real
2026-01-08 19:00:00,82.74403374446554,real
2026-01-08 19:05:00,82.82050697343455,real
2026-01-08 19:10:00,82.89698020240355,real
2026-01-08 19:15:00,82.97345343137256,real
2026-01-08 19:20:00,83.04992666034157,real
2026-01-08 19:25:00,83.12639988931058,real
2026-01-08 19:30:00,83.20287311827958,real
2026-01-08 19:35:00,83.27934634724859,real
2026-01-08 19:40:00,83.3558195762176,real
2026-01-08 19:45:00,83.4322928051866,real
2026-01-08 19:50:00,83.50876603415561,real
2026-01-08 19:55:00,83.58523926312462,real
2026-01-08 20:00:00,83.66171249209363,real
2026-01-08 20:05:00,83.73818572106264,real
2026-01-08 20:10:00,83.81465895003163,real
2026-01-08 20:15:00,83.89113217900064,real
2026-01-08 20:20:00,83.96760540796964,real
2026-01-08 20:25:00,84.04407863693865,real
2026-01-08 20:30:00,84.12055186590766,real
2026-01-08 20:35:00,84.19702509487666,real
2026-01-08 20:40:00,84.27349832384567,real
2026-01-08 20:45:00,84.34997155281468,real
2026-01-08 20:50:00,84.42644478178369,real
2026-01-08 20:55:00,84.5029180107527,real
2026-01-08 21:00:00,84.5793912397217,real
2026-01-08 21:05:00,84.65586446869071,real
2026-01-08 21:10:00,84.73233769765972,real
2026-01-08 21:15:00,84.80881092662872,real
2026-01-08 21:20:00,84.88528415559773,real
2026-01-08 21:25:00,84.96175738456674,real
2026-01-08 21:30:00,85.03823061353575,real
2026-01-08 21:35:00,85.11470384250475,real
2026-01-08 21:40:00,85.19117707147376,real
2026-01-08 21:45:00,85.26765030044277,real
2026-01-08 21:50:00,85.34412352941177,real
2026-01-08 21:55:00,85.42059675838078,real
2026-01-08 22:00:00,85.49706998734979,real
2026-01-08 22:05:00,85.5735432163188,real
2026-01-08 22:10:00,85.6500164452878,real
2026-01-08 22:15:00,85.72648967425681,real
2026-01-08 22:20:00,85.80296290322582,real
2026-01-08 22:25:00,85.87943613219483,real
2026-01-08 22:30:00,85.95590936116383,real
2026-01-08 22:35:00,86.03238259013284,real
2026-01-08 22:40:00,86.10885581910185,real
2026-01-08 22:45:00,86.18532904807086,real
2026-01-08 22:50:00,86.26180227703986,real
2026-01-08 22:55:00,86.33827550600887,real
2026-01-08 23:00:00,86.41474873497788,real
2026-01-08 23:05:00,86.49122196394688,real
2026-01-08 23:10:00,86.56769519291589,real
2026-01-08 23:15:00,86.6441684218849,real
2026-01-08 23:20:00,86.7206416508539,real
2026-01-08 23:25:00,86.79711487982291,real
2026-01-08 23:30:00,86.8735881087919,real
2026-01-08 23:35:00,86.95006133776091,real
2026-01-08 23:40:00,87.02653456672992,real
2026-01-08 23:45:00,87.10300779569893,real
2026-01-08 23:50:00,87.17948102466794,real
2026-01-08 23:55:00,87.25595425363694,real
2026-01-09 00:00:00,87.33242748260595,real
2026-01-09 00:05:00,87.40890071157496,real
2026-01-09 00:10:00,87.48537394054397,real
2026-01-09 00:15:00,87.56184716951297,real
2026-01-09 00:20:00,87.63832039848198,real
2026-01-09 00:25:00,87.71479362745099,real
2026-01-09 00:30:00,87.79126685642,real
2026-01-09 00:35:00,87.867740085389,real
2026-01-09 00:40:00,87.94421331435801,real
2026-01-09 00:45:00,88.02068654332702,real
2026-01-09 00:50:00,88.09715977229602,real
2026-01-09 00:55:00,88.17363300126503,real
2026-01-09 01:00:00,88.25010623023404,real
2026-01-09 01:05:00,88.32657945920305,real
2026-01-09 01:10:00,88.40305268817205,real
2026-01-09 01:15:00,88.47952591714106,real
2026-01-09 01:20:00,88.55599914611007,real
2026-01-09 01:25:00,88.63247237507908,real
2026-01-09 01:30:00,88.70894560404808,real
2026-01-09 01:35:00,88.78541883301709,real
2026-01-09 01:40:00,88.8618920619861,real
2026-01-09 01:45:00,88.9383652909551,real
2026-01-09 01:50:00,89.01483851992411,real
2026-01-09 01:55:00,89.09131174889312,real
2026-01-09 02:00:00,89.16778497786213,real
2026-01-09 02:05:00,89.24425820683113,real
2026-01-09 02:10:00,89.32073143580014,real
2026-01-09 02:15:00,89.39720466476915,real
2026-01-09 02:20:00,89.47367789373816,real
2026-01-09 02:25:00,89.55015112270716,real
2026-01-09 02:30:00,89.62662435167617,real
2026-01-09 02:35:00,89.70309758064518,real
2026-01-09 02:40:00,89.77957080961419,real
2026-01-09 02:45:00,89.85604403858319,real
2026-01-09 02:50:00,89.93251726755219,real
2026-01-09 02:55:00,90.00899049652119,real
2026-01-09 03:00:00,90.0854637254902,real
2026-01-09 03:05:00,90.16193695445921,real
2026-01-09 03:10:00,90.23841018342821,real
2026-01-09 03:15:00,90.31488341239722,real
2026-01-09 03:20:00,90.39135664136623,real
2026-01-09 03:25:00,90.46782987033524,real
2026-01-09 03:30:00,90.54430309930424,real
2026-01-09 03:35:00,90.62077632827325,real
2026-01-09 03:40:00,90.69724955724226,real
2026-01-09 03:45:00,90.77372278621127,real
2026-01-09 03:50:00,90.85019601518027,real
2026-01-09 03:55:00,90.92666924414928,real
2026-01-09 04:00:00,91.00314247311829,real
2026-01-09 04:05:00,91.0796157020873,real
2026-01-09 04:10:00,91.1560889310563,real
2026-01-09 04:15:00,91.23256216002531,real
2026-01-09 04:20:00,91.30903538899432,real
2026-01-09 04:25:00,91.38550861796332,real
2026-01-09 04:30:00,91.46198184693233,real
2026-01-09 04:35:00,91.53845507590134,real
2026-01-09 04:40:00,91.61492830487035,real
2026-01-09 04:45:00,91.69140153383935,real
2026-01-09 04:50:00,91.76787476280836,real
2026-01-09 04:55:00,91.84434799177737,real
2026-01-09 05:00:00,91.92082122074638,real
2026-01-09 05:05:00,91.99729444971538,real
2026-01-09 05:10:00,92.07376767868439,real
2026-01-09 05:15:00,92.1502409076534,real
2026-01-09 05:20:00,92.2267141366224,real
2026-01-09 05:25:00,92.30318736559141,real
2026-01-09 05:30:00,92.37966059456042,real
2026-01-09 05:35:00,92.45613382352943,real
2026-01-09 05:40:00,92.53260705249843,real
2026-01-09 05:45:00,92.60908028146744,real
2026-01-09 05:50:00,92.68555351043645,real
2026-01-09 05:55:00,92.76202673940546,real
2026-01-09 06:00:00,92.83849996837446,real
2026-01-09 06:05:00,92.91497319734347,real
2026-01-09 06:10:00,92.99144642631246,real
2026-01-09 06:15:00,93.06791965528147,real
2026-01-09 06:20:00,93.14439288425048,real
2026-01-09 06:25:00,93.22086611321949,real
2026-01-09 06:30:00,93.2973393421885,real
2026-01-09 06:35:00,93.3738125711575,real
2026-01-09 06:40:00,93.45028580012651,real
2026-01-09 06:45:00,93.52675902909552,real
2026-01-09 06:50:00,93.60323225806452,real
2026-01-09 06:55:00,93.67970548703353,real
2026-01-09 07:00:00,93.75617871600254,real
2026-01-09 07:05:00,93.83265194497154,real
2026-01-09 07:10:00,93.90912517394055,real
2026-01-09 07:15:00,93.98559840290956,real
2026-01-09 07:20:00,94.06207163187857,real
2026-01-09 07:25:00,94.13854486084757,real
2026-01-09 07:30:00,94.21501808981658,real
2026-01-09 07:35:00,94.29149131878559,real
2026-01-09 07:40:00,94.3679645477546,real
2026-01-09 07:45:00,94.4444377767236,real
2026-01-09 07:50:00,94.52091100569261,real
2026-01-09 07:55:00,94.59738423466162,real
2026-01-09 08:00:00,94.67385746363063,real
2026-01-09 08:05:00,94.75033069259963,real
2026-01-09 08:10:00,94.82680392156864,real
2026-01-09 08:15:00,94.90327715053765,real
2026-01-09 08:20:00,94.97975037950665,real
2026-01-09 08:25:00,95.05622360847566,real
2026-01-09 08:30:00,95.13269683744467,real
2026-01-09 08:35:00,95.20917006641368,real
2026-01-09 08:40:00,95.28564329538268,real
2026-01-09 08:45:00,95.36211652435169,real
2026-01-09 08:50:00,95.4385897533207,real
2026-01-09 08:55:00,95.5150629822897,real
2026-01-09 09:00:00,95.59153621125871,real
2026-01-09 09:05:00,95.66800944022772,real
2026-01-09 09:10:00,95.74448266919673,real
2026-01-09 09:15:00,95.82095589816574,real
2026-01-09 09:20:00,95.89742912713474,real
2026-01-09 09:25:00,95.97390235610374,real
2026-01-09 09:30:00,96.05037558507274,real
2026-01-09 09:35:00,96.12684881404175,real
2026-01-09 09:40:00,96.20332204301076,real
2026-01-09 09:45:00,96.27979527197976,real
2026-01-09 09:50:00,96.35626850094877,real
2026-01-09 09:55:00,96.43274172991778,real
2026-01-09 10:00:00,96.50921495888679,real
2026-01-09 10:05:00,96.5856881878558,real
2026-01-09 10:10:00,96.6621614168248,real
2026-01-09 10:15:00,96.73863464579381,real
2026-01-09 10:20:00,96.81510787476282,real
2026-01-09 10:25:00,96.89158110373182,real
2026-01-09 10:30:00,96.96805433270083,real
2026-01-09 10:35:00,97.04452756166984,real
2026-01-09 10:40:00,97.12100079063885,real
2026-01-09 10:45:00,97.19747401960785,real
2026-01-09 10:50:00,97.27394724857686,real
2026-01-09 10:55:00,97.35042047754587,real
2026-01-09 11:00:00,97.42689370651487,real
2026-01-09 11:05:00,97.50336693548388,real
2026-01-09 11:10:00,97.57984016445289,real
2026-01-09 11:15:00,97.6563133934219,real
2026-01-09 11:20:00,97.7327866223909,real
2026-01-09 11:25:00,97.80925985135991,real
2026-01-09 11:30:00,97.88573308032892,real
2026-01-09 11:35:00,97.96220630929793,real
2026-01-09 11:40:00,98.03867953826693,real
2026-01-09 11:45:00,98.11515276723594,real
2026-01-09 11:50:00,98.19162599620495,real
2026-01-09 11:55:00,98.26809922517396,real
2026-01-09 12:00:00,98.34457245414296,real
2026-01-09 12:05:00,98.42104568311197,real
2026-01-09 12:10:00,98.49751891208098,real
2026-01-09 12:15:00,98.57399214104998,real
2026-01-09 12:20:00,98.65046537001899,real
2026-01-09 12:25:00,98.726938598988,real
2026-01-09 12:30:00,98.803411827957,real
2026-01-09 12:35:00,98.87988505692601,real
2026-01-09 12:40:00,98.95635828589502,real
2026-01-09 12:45:00,99.03283151486401,real
2026-01-09 12:50:00,99.10930474383302,real
2026-01-09 12:55:00,99.18577797280203,real
2026-01-09 13:00:00,99.26225120177104,real
2026-01-09 13:05:00,99.33872443074004,real
2026-01-09 13:10:00,99.41519765970905,real
2026-01-09 13:15:00,99.49167088867806,real
2026-01-09 13:20:00,99.56814411764707,real
2026-01-09 13:25:00,99.64461734661607,real
2026-01-09 13:30:00,99.72109057558508,real
2026-01-09 13:35:00,99.79756380455409,real
2026-01-09 13:40:00,99.8740370335231,real
2026-01-09 13:45:00,99.9505102624921,real
2026-01-09 13:50:00,100.02698349146111,real
2026-01-09 13:55:00,100.10345672043012,real
2026-01-09 14:00:00,100.17992994939912,real
2026-01-09 14:05:00,100.25640317836813,real
2026-01-09 14:10:00,100.33287640733714,real
2026-01-09 14:15:00,100.40934963630615,real
2026-01-09 14:20:00,100.48582286527515,real
2026-01-09 14:25:00,100.56229609424416,real
2026-01-09 14:30:00,100.63876932321317,real
2026-01-09 14:35:00,100.71524255218218,real
2026-01-09 14:40:00,100.79171578115118,real
2026-01-09 14:45:00,100.86818901012019,real
2026-01-09 14:50:00,100.9446622390892,real
2026-01-09 14:55:00,101.0211354680582,real
2026-01-09 15:00:00,101.09760869702721,real
2026-01-09 15:05:00,101.17408192599622,real
2026-01-09 15:10:00,101.25055515496523,real
2026-01-09 15:15:00,101.32702838393423,real
2026-01-09 15:20:00,101.40350161290324,real
2026-01-09 15:25:00,101.47997484187225,real
2026-01-09 15:30:00,101.55644807084126,real
2026-01-09 15:35:00,101.63292129981026,real
2026-01-09 15:40:00,101.70939452877927,real
2026-01-09 15:45:00,101.78586775774828,real
2026-01-09 15:50:00,101.86234098671729,real
2026-01-09 15:55:00,101.93881421568629,real
2026-01-09 16:00:00,102.0152874446553,real
2026-01-09 16:05:00,102.0917606736243,real
2026-01-09 16:10:00,102.1682339025933,real
2026-01-09 16:15:00,102.24470713156231,real
2026-01-09 16:20:00,102.32118036053132,real
2026-01-09 16:25:00,102.39765358950032,real
2026-01-09 16:30:00,102.47412681846933,real
2026-01-09 16:35:00,102.55060004743834,real
2026-01-09 16:40:00,102.62707327640734,real
2026-01-09 16:45:00,102.70354650537635,real
2026-01-09 16:50:00,102.78001973434536,real
2026-01-09 16:55:00,102.85649296331437,real
2026-01-09 17:00:00,102.93296619228337,real
2026-01-09 17:05:00,103.00943942125238,real
2026-01-09 17:10:00,103.08591265022139,real
2026-01-09 17:15:00,103.1623858791904,real
2026-01-09 17:20:00,103.2388591081594,real
2026-01-09 17:25:00,103.31533233712841,real
2026-01-09 17:30:00,103.39180556609742,real
2026-01-09 17:35:00,103.46827879506642,real
2026-01-09 17:40:00,103.54475202403543,real
2026-01-09 17:45:00,103.62122525300444,real
2026-01-09 17:50:00,103.69769848197345,real
2026-01-09 17:55:00,103.77417171094245,real
2026-01-09 18:00:00,103.85064493991146,real
2026-01-09 18:05:00,103.92711816888047,real
2026-01-09 18:10:00,104.00359139784948,real
2026-01-09 18:15:00,104.08006462681848,real
2026-01-09 18:20:00,104.15653785578749,real
2026-01-09 18:25:00,104.2330110847565,real
2026-01-09 18:30:00,104.3094843137255,real
2026-01-09 18:35:00,104.38595754269451,real
2026-01-09 18:40:00,104.46243077166352,real
2026-01-09 18:45:00,104.53890400063253,real
2026-01-09 18:50:00,104.61537722960153,real
2026-01-09 18:55:00,104.69185045857054,real
2026-01-09 19:00:00,104.76832368753955,real
2026-01-09 19:05:00,104.84479691650856,real
2026-01-09 19:10:00,104.92127014547756,real
2026-01-09 19:15:00,104.99774337444657,real
2026-01-09 19:20:00,105.07421660341558,real
2026-01-09 19:25:00,105.15068983238457,real
2026-01-09 19:30:00,105.22716306135358,real
2026-01-09 19:35:00,105.30363629032259,real
2026-01-09 19:40:00,105.3801095192916,real
2026-01-09 19:45:00,105.4565827482606,real
2026-01-09 19:50:00,105.53305597722961,real
2026-01-09 19:55:00,105.60952920619862,real
2026-01-09 20:00:00,105.68600243516762,real
2026-01-09 20:05:00,105.76247566413663,real
2026-01-09 20:10:00,105.83894889310564,real
2026-01-09 20:15:00,105.91542212207465,real
2026-01-09 20:20:00,105.99189535104365,real
2026-01-09 20:25:00,106.06836858001266,real
2026-01-09 20:30:00,106.14484180898167,real
2026-01-09 20:35:00,106.22131503795067,real
2026-01-09 20:40:00,106.29778826691968,real
2026-01-09 20:45:00,106.37426149588869,real
2026-01-09 20:50:00,106.4507347248577,real
2026-01-09 20:55:00,106.5272079538267,real
2026-01-09 21:00:00,106.60368118279571,real
2026-01-09 21:05:00,106.68015441176472,real
2026-01-09 21:10:00,106.75662764073373,real
2026-01-09 21:15:00,106.83310086970273,real
2026-01-09 21:20:00,106.90957409867174,real
2026-01-09 21:25:00,106.98604732764075,real
2026-01-09 21:30:00,107.06252055660975,real
2026-01-09 21:35:00,107.13899378557876,real
2026-01-09 21:40:00,107.21546701454777,real
2026-01-09 21:45:00,107.29194024351678,real
2026-01-09 21:50:00,107.36841347248578,real
2026-01-09 21:55:00,107.44488670145479,real
2026-01-09 22:00:00,107.5213599304238,real
2026-01-09 22:05:00,107.5978331593928,real
2026-01-09 22:10:00,107.67430638836181,real
2026-01-09 22:15:00,107.75077961733082,real
2026-01-09 22:20:00,107.82725284629983,real
2026-01-09 22:25:00,107.90372607526884,real
2026-01-09 22:30:00,107.98019930423784,real
2026-01-09 22:35:00,108.05667253320685,real
2026-01-09 22:40:00,108.13314576217586,real
2026-01-09 22:45:00,108.20961899114485,real
2026-01-09 22:50:00,108.28609222011386,real
2026-01-09 22:55:00,108.36256544908287,real
2026-01-09 23:00:00,108.43903867805187,real
2026-01-09 23:05:00,108.51551190702088,real
2026-01-09 23:10:00,108.59198513598989,real
2026-01-09 23:15:00,108.6684583649589,real
2026-01-09 23:20:00,108.7449315939279,real
2026-01-09 23:25:00,108.82140482289691,real
2026-01-09 23:30:00,108.89787805186592,real
2026-01-09 23:35:00,108.97435128083492,real
2026-01-09 23:40:00,109.05082450980393,real
2026-01-09 23:45:00,109.12729773877294,real
2026-01-09 23:50:00,109.20377096774195,real
2026-01-09 23:55:00,109.28024419671095,real
2026-01-10 00:00:00,109.35671742567996,real
2026-01-10 00:05:00,109.43319065464897,real
2026-01-10 00:10:00,109.50966388361797,real
2026-01-10 00:15:00,109.58613711258698,real
2026-01-10 00:20:00,109.66261034155599,real
2026-01-10 00:25:00,109.739083570525,real
2026-01-10 00:30:00,109.815556799494,real
2026-01-10 00:35:00,109.89203002846301,real
2026-01-10 00:40:00,109.96850325743202,real
2026-01-10 00:45:00,110.04497648640103,real
2026-01-10 00:50:00,110.12144971537003,real
2026-01-10 00:55:00,110.19792294433904,real
2026-01-10 01:00:00,110.27439617330805,real
2026-01-10 01:05:00,110.35086940227706,real
2026-01-10 01:10:00,110.42734263124606,real
2026-01-10 01:15:00,110.50381586021507,real
2026-01-10 01:20:00,110.58028908918408,real
2026-01-10 01:25:00,110.65676231815308,real
2026-01-10 01:30:00,110.73323554712209,real
2026-01-10 01:35:00,110.8097087760911,real
2026-01-10 01:40:00,110.8861820050601,real
2026-01-10 01:45:00,110.96265523402911,real
2026-01-10 01:50:00,111.03912846299812,real
2026-01-10 01:55:00,111.11560169196713,real
2026-01-10 02:00:00,111.19207492093614,real
2026-01-10 02:05:00,111.26854814990513,real
2026-01-10 02:10:00,111.34502137887414,real
2026-01-10 02:15:00,111.42149460784314,real
2026-01-10 02:20:00,111.49796783681215,real
2026-01-10 02:25:00,111.57444106578116,real
2026-01-10 02:30:00,111.65091429475017,real
2026-01-10 02:35:00,111.72738752371917,real
2026-01-10 02:40:00,111.80386075268818,real
2026-01-10 02:45:00,111.88033398165719,real
2026-01-10 02:50:00,111.9568072106262,real
2026-01-10 02:55:00,112.0332804395952,real
2026-01-10 03:00:00,112.10975366856421,real
2026-01-10 03:05:00,112.18622689753322,real
2026-01-10 03:10:00,112.26270012650222,real
2026-01-10 03:15:00,112.33917335547123,real
2026-01-10 03:20:00,112.41564658444024,real
2026-01-10 03:25:00,112.49211981340925,real
2026-01-10 03:30:00,112.56859304237825,real
2026-01-10 03:35:00,112.64506627134726,real
2026-01-10 03:40:00,112.72153950031627,real
2026-01-10 03:45:00,112.79801272928528,real
2026-01-10 03:50:00,112.87448595825428,real
2026-01-10 03:55:00,112.95095918722329,real
2026-01-10 04:00:00,113.0274324161923,real
2026-01-10 04:05:00,113.1039056451613,real
2026-01-10 04:10:00,113.18037887413031,real
2026-01-10 04:15:00,113.25685210309932,real
2026-01-10 04:20:00,113.33332533206833,real
2026-01-10 04:25:00,113.40979856103733,real
2026-01-10 04:30:00,113.48627179000634,real
2026-01-10 04:35:00,113.56274501897535,real
2026-01-10 04:40:00,113.63921824794436,real
2026-01-10 04:45:00,113.71569147691336,real
2026-01-10 04:50:00,113.79216470588237,real
2026-01-10 04:55:00,113.86863793485138,real
2026-01-10 05:00:00,113.94511116382039,real
2026-01-10 05:05:00,114.02158439278939,real
2026-01-10 05:10:00,114.0980576217584,real
2026-01-10 05:15:00,114.17453085072741,real
2026-01-10 05:20:00,114.25100407969641,real
2026-01-10 05:25:00,114.32747730866541,real
2026-01-10 05:30:00,114.40395053763442,real
2026-01-10 05:35:00,114.48042376660342,real
2026-01-10 05:40:00,114.55689699557243,real
2026-01-10 05:45:00,114.63337022454144,real
2026-01-10 05:50:00,114.70984345351044,real
2026-01-10 05:55:00,114.78631668247945,real
2026-01-10 06:00:00,114.86278991144846,real
2026-01-10 06:05:00,114.93926314041747,real
2026-01-10 06:10:00,115.01573636938647,real
2026-01-10 06:15:00,115.09220959835548,real
2026-01-10 06:20:00,115.16868282732449,real
2026-01-10 06:25:00,115.2451560562935,real
2026-01-10 06:30:00,115.3216292852625,real
2026-01-10 06:35:00,115.39810251423151,real
2026-01-10 06:40:00,115.47457574320052,real
2026-01-10 06:45:00,115.55104897216953,real
2026-01-10 06:50:00,115.62752220113853,real
2026-01-10 06:55:00,115.70399543010754,real
2026-01-10 07:00:00,115.78046865907655,real
2026-01-10 07:05:00,115.85694188804555,real
2026-01-10 07:10:00,115.93341511701456,real
2026-01-10 07:15:00,116.00988834598357,real
2026-01-10 07:20:00,116.08636157495258,real
2026-01-10 07:25:00,116.16283480392158,real
2026-01-10 07:30:00,116.23930803289059,real
2026-01-10 07:35:00,116.3157812618596,real
2026-01-10 07:40:00,116.3922544908286,real
2026-01-10 07:45:00,116.46872771979761,real
2026-01-10 07:50:00,116.54520094876662,real
2026-01-10 07:55:00,116.62167417773563,real
2026-01-10 08:00:00,116.69814740670463,real
2026-01-10 08:05:00,116.77462063567364,real
2026-01-10 08:10:00,116.85109386464265,real
2026-01-10 08:15:00,116.92756709361166,real
2026-01-10 08:20:00,117.00404032258066,real
2026-01-10 08:25:00,117.08051355154967,real
2026-01-10 08:30:00,117.15698678051868,real
2026-01-10 08:35:00,117.23346000948769,real
2026-01-10 08:40:00,117.30993323845668,real
2026-01-10 08:45:00,117.38640646742569,real
2026-01-10 08:50:00,117.4628796963947,real
2026-01-10 08:55:00,117.5393529253637,real
2026-01-10 09:00:00,117.61582615433271,real
2026-01-10 09:05:00,117.69229938330172,real
2026-01-10 09:10:00,117.76877261227072,real
2026-01-10 09:15:00,117.84524584123973,real
2026-01-10 09:20:00,117.92171907020874,real
2026-01-10 09:25:00,117.99819229917775,real
2026-01-10 09:30:00,118.07466552814675,real
2026-01-10 09:35:00,118.15113875711576,real
2026-01-10 09:40:00,118.22761198608477,real
2026-01-10 09:45:00,118.30408521505377,real
2026-01-10 09:50:00,118.38055844402278,real
2026-01-10 09:55:00,118.45703167299179,real
2026-01-10 10:00:00,118.5335049019608,real
2026-01-10 10:05:00,118.6099781309298,real
2026-01-10 10:10:00,118.68645135989881,real
2026-01-10 10:15:00,118.76292458886782,real
2026-01-10 10:20:00,118.83939781783683,real
2026-01-10 10:25:00,118.91587104680583,real
2026-01-10 10:30:00,118.99234427577484,real
2026-01-10 10:35:00,119.06881750474385,real
2026-01-10 10:40:00,119.14529073371286,real
2026-01-10 10:45:00,119.22176396268186,real
2026-01-10 10:50:00,119.29823719165087,real
2026-01-10 10:55:00,119.37471042061988,real
2026-01-10 11:00:00,119.45118364958888,real
2026-01-10 11:05:00,119.52765687855789,real
2026-01-10 11:10:00,119.6041301075269,real
2026-01-10 11:15:00,119.6806033364959,real
2026-01-10 11:20:00,119.75707656546491,real
2026-01-10 11:25:00,119.83354979443392,real
2026-01-10 11:30:00,119.91002302340293,real
2026-01-10 11:35:00,119.98649625237194,real
2026-01-10 11:40:00,120.06296948134094,real
2026-01-10 11:45:00,120.13944271030995,real
2026-01-10 11:50:00,120.21591593927896,real
2026-01-10 11:55:00,120.29238916824796,real
2026-01-10 12:00:00,120.36886239721696,real
2026-01-10 12:05:00,120.44533562618597,real
2026-01-10 12:10:00,120.52180885515497,real
2026-01-10 12:15:00,120.59828208412398,real
2026-01-10 12:20:00,120.67475531309299,real
2026-01-10 12:25:00,120.751228542062,real
2026-01-10 12:30:00,120.827701771031,real
2026-01-10 12:35:00,120.90417500000001,real
2026-01-10 12:40:00,112.84331999999999,real
2026-01-10 12:45:00,114.03334,real
2026-01-10 12:50:00,113.04,real
2026-01-10 12:55:00,97.65334,real
2026-01-10 13:00:00,82.803332,real
2026-01-10 13:05:00,75.27999600000001,real
2026-01-10 13:10:00,72.11667,real
2026-01-10 13:15:00,34.506668000000005,real
2026-01-10 13:20:00,33.236667999999995,real
2026-01-10 13:25:00,28.776666,real
2026-01-10 13:30:00,22.48,real
2026-01-10 13:35:00,26.533334000000004,real
2026-01-10 13:40:00,25.009999999999998,real
2026-01-10 13:45:00,23.543332,real
2026-01-10 13:50:00,17.953332,real
2026-01-10 13:55:00,17.303332,real
2026-01-10 14:00:00,18.1228878,real
2026-01-10 14:05:00,18.9424436,real
2026-01-10 14:10:00,19.7619994,real
2026-01-10 14:15:00,20.5815552,real
2026-01-10 14:20:00,21.401111,real
2026-01-10 14:25:00,22.2206668,real
2026-01-10 14:30:00,23.0402226,real
2026-01-10 14:35:00,23.8597784,real
2026-01-10 14:40:00,24.6793342,real
2026-01-10 14:45:00,25.49889,real
2026-01-10 14:50:00,25.146664,real
2026-01-10 14:55:00,26.95,real
2026-01-10 15:00:00,19.336666,real
2026-01-10 15:05:00,14.363334,real
2026-01-10 15:10:00,10.883334,real
2026-01-10 15:15:00,9.516667199999999,real
2026-01-10 15:20:00,8.077778333333333,real
2026-01-10 15:25:00,6.572222,real
2026-01-10 15:30:00,4.529166625,real
2026-01-10 15:35:00,1.8966666,real
2026-01-10 15:40:00,2.222222,real
2026-01-10 15:45:00,2.4975507597173143,real
2026-01-10 15:50:00,2.772879519434629,real
2026-01-10 15:55:00,3.0482082791519436,real
2026-01-10 16:00:00,3.323537038869258,real
2026-01-10 16:05:00,3.598865798586573,real
2026-01-10 16:10:00,3.874194558303887,real
2026-01-10 16:15:00,4.149523318021202,real
2026-01-10 16:20:00,4.424852077738516,real
2026-01-10 16:25:00,4.7001808374558305,real
2026-01-10 16:30:00,4.975509597173145,real
2026-01-10 16:35:00,5.25083835689046,real
2026-01-10 16:40:00,5.526167116607774,real
2026-01-10 16:45:00,5.801495876325088,real
2026-01-10 16:50:00,6.076824636042403,real
2026-01-10 16:55:00,6.352153395759718,real
2026-01-10 17:00:00,6.627482155477033,real
2026-01-10 17:05:00,6.9028109151943475,real
2026-01-10 17:10:00,7.178139674911661,real
2026-01-10 17:15:00,7.4534684346289755,real
2026-01-10 17:20:00,7.72879719434629,real
2026-01-10 17:25:00,8.004125954063605,real
2026-01-10 17:30:00,8.27945471378092,real
2026-01-10 17:35:00,8.554783473498235,real
2026-01-10 17:40:00,8.830112233215548,real
2026-01-10 17:45:00,9.105440992932863,real
2026-01-10 17:50:00,9.380769752650178,real
2026-01-10 17:55:00,9.656098512367493,real
2026-01-10 18:00:00,9.931427272084807,real
2026-01-10 18:05:00,10.20675603180212,real
2026-01-10 18:10:00,10.482084791519437,real
2026-01-10 18:15:00,10.75741355123675,real
2026-01-10 18:20:00,11.032742310954065,real
2026-01-10 18:25:00,11.30807107067138,real
2026-01-10 18:30:00,11.583399830388695,real
2026-01-10 18:35:00,11.85872859010601,real
2026-01-10 18:40:00,12.134057349823323,real
2026-01-10 18:45:00,12.409386109540637,real
2026-01-10 18:50:00,12.684714869257952,real
2026-01-10 18:55:00,12.960043628975267,real
2026-01-10 19:00:00,13.235372388692582,real
2026-01-10 19:05:00,13.510701148409897,real
2026-01-10 19:10:00,13.78602990812721,real
2026-01-10 19:15:00,14.061358667844525,real
2026-01-10 19:20:00,14.33668742756184,real
2026-01-10 19:25:00,14.612016187279155,real
2026-01-10 19:30:00,14.88734494699647,real
2026-01-10 19:35:00,15.162673706713782,real
2026-01-10 19:40:00,15.438002466431097,real
2026-01-10 19:45:00,15.713331226148412,real
2026-01-10 19:50:00,15.988659985865727,real
2026-01-10 19:55:00,16.263988745583042,real
2026-01-10 20:00:00,16.539317505300353,real
2026-01-10 20:05:00,16.814646265017668,real
2026-01-10 20:10:00,17.089975024734983,real
2026-01-10 20:15:00,17.365303784452298,real
2026-01-10 20:20:00,17.640632544169613,real
2026-01-10 20:25:00,17.915961303886927,real
2026-01-10 20:30:00,18.191290063604242,real
2026-01-10 20:35:00,18.466618823321557,real
2026-01-10 20:40:00,18.741947583038872,real
2026-01-10 20:45:00,19.017276342756183,real
2026-01-10 20:50:00,19.292605102473498,real
2026-01-10 20:55:00,19.567933862190813,real
2026-01-10 21:00:00,19.843262621908128,real
2026-01-10 21:05:00,20.118591381625443,real
2026-01-10 21:10:00,20.393920141342758,real
2026-01-10 21:15:00,20.669248901060072,real
2026-01-10 21:20:00,20.944577660777387,real
2026-01-10 21:25:00,21.219906420494702,real
2026-01-10 21:30:00,21.495235180212017,real
2026-01-10 21:35:00,21.770563939929332,real
2026-01-10 21:40:00,22.045892699646643,real
2026-01-10 21:45:00,22.321221459363958,real
2026-01-10 21:50:00,22.596550219081273,real
2026-01-10 21:55:00,22.871878978798588,real
2026-01-10 22:00:00,23.147207738515903,real
2026-01-10 22:05:00,23.422536498233217,real
2026-01-10 22:10:00,23.697865257950532,real
2026-01-10 22:15:00,23.973194017667847,real
2026-01-10 22:20:00,24.248522777385162,real
2026-01-10 22:25:00,24.523851537102477,real
2026-01-10 22:30:00,24.79918029681979,real
2026-01-10 22:35:00,25.074509056537103,real
2026-01-10 22:40:00,25.349837816254418,real
2026-01-10 22:45:00,25.625166575971733,real
2026-01-10 22:50:00,25.900495335689047,real
2026-01-10 22:55:00,26.175824095406362,real
2026-01-10 23:00:00,26.451152855123677,real
2026-01-10 23:05:00,26.726481614840992,real
2026-01-10 23:10:00,27.001810374558307,real
2026-01-10 23:15:00,27.27713913427562,real
2026-01-10 23:20:00,27.552467893992937,real
2026-01-10 23:25:00,27.827796653710248,real
2026-01-10 23:30:00,28.103125413427563,real
2026-01-10 23:35:00,28.378454173144878,real
2026-01-10 23:40:00,28.653782932862192,real
2026-01-10 23:45:00,28.929111692579507,real
2026-01-10 23:50:00,29.204440452296822,real
2026-01-10 23:55:00,29.479769212014137,real
2026-01-11 00:00:00,29.755097971731452,real
2026-01-11 00:05:00,30.030426731448767,real
2026-01-11 00:10:00,30.30575549116608,real
2026-01-11 00:15:00,30.581084250883396,real
2026-01-11 00:20:00,30.856413010600708,real
2026-01-11 00:25:00,31.131741770318023,real
2026-01-11 00:30:00,31.407070530035337,real
2026-01-11 00:35:00,31.682399289752652,real
2026-01-11 00:40:00,31.957728049469967,real
2026-01-11 00:45:00,32.23305680918728,real
2026-01-11 00:50:00,32.5083855689046,real
2026-01-11 00:55:00,32.78371432862191,real
2026-01-11 01:00:00,33.05904308833923,real
2026-01-11 01:05:00,33.33437184805654,real
2026-01-11 01:10:00,33.60970060777386,real
2026-01-11 01:15:00,33.88502936749117,real
2026-01-11 01:20:00,34.16035812720848,real
2026-01-11 01:25:00,34.4356868869258,real
2026-01-11 01:30:00,34.71101564664312,real
2026-01-11 01:35:00,34.98634440636043,real
2026-01-11 01:40:00,35.26167316607775,real
2026-01-11 01:45:00,35.53700192579506,real
2026-01-11 01:50:00,35.81233068551237,real
2026-01-11 01:55:00,36.08765944522969,real
2026-01-11 02:00:00,36.362988204947,real
2026-01-11 02:05:00,36.63831696466432,real
2026-01-11 02:10:00,36.91364572438163,real
2026-01-11 02:15:00,37.18897448409895,real
2026-01-11 02:20:00,37.46430324381626,real
2026-01-11 02:25:00,37.73963200353358,real
2026-01-11 02:30:00,38.01496076325089,real
2026-01-11 02:35:00,38.29028952296821,real
2026-01-11 02:40:00,38.56561828268552,real
2026-01-11 02:45:00,38.84094704240283,real
2026-01-11 02:50:00,39.11627580212015,real
2026-01-11 02:55:00,39.39160456183746,real
2026-01-11 03:00:00,39.66693332155478,real
2026-01-11 03:05:00,39.94226208127209,real
2026-01-11 03:10:00,40.21759084098941,real
2026-01-11 03:15:00,40.49291960070672,real
2026-01-11 03:20:00,40.76824836042404,real
2026-01-11 03:25:00,41.04357712014135,real
2026-01-11 03:30:00,41.31890587985867,real
2026-01-11 03:35:00,41.59423463957598,real
2026-01-11 03:40:00,41.86956339929329,real
2026-01-11 03:45:00,42.14489215901061,real
2026-01-11 03:50:00,42.42022091872792,real
2026-01-11 03:55:00,42.69554967844524,real
2026-01-11 04:00:00,42.97087843816255,real
2026-01-11 04:05:00,43.24620719787987,real
2026-01-11 04:10:00,43.52153595759718,real
2026-01-11 04:15:00,43.7968647173145,real
2026-01-11 04:20:00,44.07219347703181,real
2026-01-11 04:25:00,44.34752223674913,real
2026-01-11 04:30:00,44.62285099646644,real
2026-01-11 04:35:00,44.89817975618375,real
2026-01-11 04:40:00,45.17350851590107,real
2026-01-11 04:45:00,45.44883727561838,real
2026-01-11 04:50:00,45.7241660353357,real
2026-01-11 04:55:00,45.99949479505301,real
2026-01-11 05:00:00,46.27482355477033,real
2026-01-11 05:05:00,46.55015231448764,real
2026-01-11 05:10:00,46.82548107420496,real
2026-01-11 05:15:00,47.10080983392227,real
2026-01-11 05:20:00,47.37613859363959,real
2026-01-11 05:25:00,47.6514673533569,real
2026-01-11 05:30:00,47.92679611307421,real
2026-01-11 05:35:00,48.20212487279153,real
2026-01-11 05:40:00,48.47745363250884,real
2026-01-11 05:45:00,48.75278239222616,real
2026-01-11 05:50:00,49.02811115194347,real
2026-01-11 05:55:00,49.30343991166079,real
2026-01-11 06:00:00,49.5787686713781,real
2026-01-11 06:05:00,49.85409743109542,real
2026-01-11 06:10:00,50.12942619081273,real
2026-01-11 06:15:00,50.40475495053005,real
2026-01-11 06:20:00,50.68008371024736,real
2026-01-11 06:25:00,50.95541246996467,real
2026-01-11 06:30:00,51.23074122968199,real
2026-01-11 06:35:00,51.5060699893993,real
2026-01-11 06:40:00,51.78139874911662,real
2026-01-11 06:45:00,52.05672750883393,real
2026-01-11 06:50:00,52.33205626855125,real
2026-01-11 06:55:00,52.60738502826856,real
2026-01-11 07:00:00,52.88271378798588,real
2026-01-11 07:05:00,53.15804254770319,real
2026-01-11 07:10:00,53.4333713074205,real
2026-01-11 07:15:00,53.70870006713782,real
2026-01-11 07:20:00,53.98402882685513,real
2026-01-11 07:25:00,54.25935758657245,real
2026-01-11 07:30:00,54.53468634628976,real
2026-01-11 07:35:00,54.81001510600708,real
2026-01-11 07:40:00,55.08534386572439,real
2026-01-11 07:45:00,55.36067262544171,real
2026-01-11 07:50:00,55.63600138515902,real
2026-01-11 07:55:00,55.91133014487634,real
2026-01-11 08:00:00,56.18665890459365,real
2026-01-11 08:05:00,56.46198766431096,real
2026-01-11 08:10:00,56.73731642402828,real
2026-01-11 08:15:00,57.01264518374559,real
2026-01-11 08:20:00,57.28797394346291,real
2026-01-11 08:25:00,57.56330270318022,real
2026-01-11 08:30:00,57.83863146289754,real
2026-01-11 08:35:00,58.11396022261485,real
2026-01-11 08:40:00,58.38928898233217,real
2026-01-11 08:45:00,58.66461774204948,real
2026-01-11 08:50:00,58.9399465017668,real
2026-01-11 08:55:00,59.21527526148411,real
2026-01-11 09:00:00,59.49060402120142,real
2026-01-11 09:05:00,59.76593278091874,real
2026-01-11 09:10:00,60.04126154063605,real
2026-01-11 09:15:00,60.31659030035337,real
2026-01-11 09:20:00,60.59191906007068,real
2026-01-11 09:25:00,60.867247819788,real
2026-01-11 09:30:00,61.14257657950531,real
2026-01-11 09:35:00,61.41790533922263,real
2026-01-11 09:40:00,61.69323409893994,real
2026-01-11 09:45:00,61.96856285865726,real
2026-01-11 09:50:00,62.24389161837457,real
2026-01-11 09:55:00,62.51922037809188,real
2026-01-11 10:00:00,62.7945491378092,real
2026-01-11 10:05:00,63.06987789752651,real
2026-01-11 10:10:00,63.34520665724383,real
2026-01-11 10:15:00,63.62053541696114,real
2026-01-11 10:20:00,63.89586417667846,real
2026-01-11 10:25:00,64.17119293639577,real
2026-01-11 10:30:00,64.44652169611308,real
2026-01-11 10:35:00,64.72185045583039,real
2026-01-11 10:40:00,64.99717921554772,real
2026-01-11 10:45:00,65.27250797526503,real
2026-01-11 10:50:00,65.54783673498234,real
2026-01-11 10:55:00,65.82316549469965,real
2026-01-11 11:00:00,66.09849425441696,real
2026-01-11 11:05:00,66.37382301413429,real
2026-01-11 11:10:00,66.6491517738516,real
2026-01-11 11:15:00,66.92448053356891,real
2026-01-11 11:20:00,67.19980929328624,real
2026-01-11 11:25:00,67.47513805300355,real
2026-01-11 11:30:00,67.75046681272086,real
2026-01-11 11:35:00,68.02579557243817,real
2026-01-11 11:40:00,68.3011243321555,real
2026-01-11 11:45:00,68.5764530918728,real
2026-01-11 11:50:00,68.85178185159012,real
2026-01-11 11:55:00,69.12711061130743,real
2026-01-11 12:00:00,69.40243937102474,real
2026-01-11 12:05:00,69.67776813074207,real
2026-01-11 12:10:00,69.95309689045938,real
2026-01-11 12:15:00,70.22842565017669,real
2026-01-11 12:20:00,70.503754409894,real
2026-01-11 12:25:00,70.77908316961133,real
2026-01-11 12:30:00,71.05441192932864,real
2026-01-11 12:35:00,71.32974068904595,real
2026-01-11 12:40:00,71.60506944876326,real
2026-01-11 12:45:00,71.88039820848057,real
2026-01-11 12:50:00,72.1557269681979,real
2026-01-11 12:55:00,72.43105572791521,real
2026-01-11 13:00:00,72.70638448763252,real
2026-01-11 13:05:00,72.98171324734983,real
2026-01-11 13:10:00,73.25704200706716,real
2026-01-11 13:15:00,73.53237076678447,real
2026-01-11 13:20:00,73.80769952650178,real
2026-01-11 13:25:00,74.08302828621909,real
2026-01-11 13:30:00,74.35835704593642,real
2026-01-11 13:35:00,74.63368580565373,real
2026-01-11 13:40:00,74.90901456537104,real
2026-01-11 13:45:00,75.18434332508835,real
2026-01-11 13:50:00,75.45967208480566,real
2026-01-11 13:55:00,75.73500084452299,real
2026-01-11 14:00:00,76.0103296042403,real
2026-01-11 14:05:00,76.28565836395761,real
2026-01-11 14:10:00,76.56098712367492,real
2026-01-11 14:15:00,76.83631588339225,real
2026-01-11 14:20:00,77.11164464310956,real
2026-01-11 14:25:00,77.38697340282687,real
2026-01-11 14:30:00,77.66230216254418,real
2026-01-11 14:35:00,77.93763092226149,real
2026-01-11 14:40:00,78.21295968197882,real
2026-01-11 14:45:00,78.48828844169613,real
2026-01-11 14:50:00,78.76361720141344,real
2026-01-11 14:55:00,79.03894596113075,real
2026-01-11 15:00:00,79.31427472084808,real
2026-01-11 15:05:00,79.58960348056539,real
2026-01-11 15:10:00,79.8649322402827,real
2026-01-11 15:15:00,80.14026100000001,real
2026-01-11 15:20:00,80.41558975971734,real
2026-01-11 15:25:00,80.69091851943465,real
2026-01-11 15:30:00,80.96624727915196,real
2026-01-11 15:35:00,81.24157603886927,real
2026-01-11 15:40:00,81.51690479858658,real
2026-01-11 15:45:00,81.7922335583039,real
2026-01-11 15:50:00,82.06756231802122,real
2026-01-11 15:55:00,82.34289107773853,real
2026-01-11 16:00:00,82.61821983745584,real
2026-01-11 16:05:00,82.89354859717317,real
2026-01-11 16:10:00,83.16887735689048,real
2026-01-11 16:15:00,83.44420611660779,real
2026-01-11 16:20:00,83.7195348763251,real
2026-01-11 16:25:00,83.99486363604241,real
2026-01-11 16:30:00,84.27019239575974,real
2026-01-11 16:35:00,84.54552115547705,real
2026-01-11 16:40:00,84.82084991519436,real
2026-01-11 16:45:00,85.09617867491167,real
2026-01-11 16:50:00,85.371507434629,real
2026-01-11 16:55:00,85.6468361943463,real
2026-01-11 17:00:00,85.92216495406362,real
2026-01-11 17:05:00,86.19749371378093,real
2026-01-11 17:10:00,86.47282247349825,real
2026-01-11 17:15:00,86.74815123321557,real
2026-01-11 17:20:00,87.02347999293288,real
2026-01-11 17:25:00,87.29880875265019,real
2026-01-11 17:30:00,87.5741375123675,real
2026-01-11 17:35:00,87.84946627208483,real
2026-01-11 17:40:00,88.12479503180214,real
2026-01-11 17:45:00,88.40012379151945,real
2026-01-11 17:50:00,88.67545255123676,real
2026-01-11 17:55:00,88.95078131095408,real
2026-01-11 18:00:00,89.2261100706714,real
2026-01-11 18:05:00,89.50143883038871,real
2026-01-11 18:10:00,89.77676759010602,real
2026-01-11 18:15:00,90.05209634982333,real
2026-01-11 18:20:00,90.32742510954066,real
2026-01-11 18:25:00,90.60275386925797,real
2026-01-11 18:30:00,90.87808262897528,real
2026-01-11 18:35:00,91.15341138869259,real
2026-01-11 18:40:00,91.42874014840991,real
2026-01-11 18:45:00,91.70406890812723,real
2026-01-11 18:50:00,91.97939766784454,real
2026-01-11 18:55:00,92.25472642756185,real
2026-01-11 19:00:00,92.53005518727917,real
2026-01-11 19:05:00,92.80538394699649,real
2026-01-11 19:10:00,93.0807127067138,real
2026-01-11 19:15:00,93.35604146643111,real
2026-01-11 19:20:00,93.63137022614842,real
2026-01-11 19:25:00,93.90669898586575,real
2026-01-11 19:30:00,94.18202774558306,real
2026-01-11 19:35:00,94.45735650530037,real
2026-01-11 19:40:00,94.73268526501768,real
2026-01-11 19:45:00,95.008014024735,real
2026-01-11 19:50:00,95.28334278445232,real
2026-01-11 19:55:00,95.55867154416963,real
2026-01-11 20:00:00,95.83400030388694,real
2026-01-11 20:05:00,96.10932906360425,real
2026-01-11 20:10:00,96.38465782332158,real
2026-01-11 20:15:00,96.65998658303889,real
2026-01-11 20:20:00,96.9353153427562,real
2026-01-11 20:25:00,97.21064410247351,real
2026-01-11 20:30:00,97.48597286219083,real
2026-01-11 20:35:00,97.76130162190815,real
2026-01-11 20:40:00,98.03663038162546,real
2026-01-11 20:45:00,98.31195914134277,real
2026-01-11 20:50:00,98.5872879010601,real
2026-01-11 20:55:00,98.8626166607774,real
2026-01-11 21:00:00,99.13794542049472,real
2026-01-11 21:05:00,99.41327418021203,real
2026-01-11 21:10:00,99.68860293992934,real
2026-01-11 21:15:00,99.96393169964666,real
2026-01-11 21:20:00,100.23926045936398,real
2026-01-11 21:25:00,100.51458921908129,real
2026-01-11 21:30:00,100.7899179787986,real
2026-01-11 21:35:00,101.06524673851592,real
2026-01-11 21:40:00,101.34057549823324,real
2026-01-11 21:45:00,101.61590425795055,real
2026-01-11 21:50:00,101.89123301766786,real
2026-01-11 21:55:00,102.16656177738517,real
2026-01-11 22:00:00,102.4418905371025,real
2026-01-11 22:05:00,102.7172192968198,real
2026-01-11 22:10:00,102.99254805653712,real
2026-01-11 22:15:00,103.26787681625443,real
2026-01-11 22:20:00,103.54320557597175,real
2026-01-11 22:25:00,103.81853433568907,real
2026-01-11 22:30:00,104.09386309540638,real
2026-01-11 22:35:00,104.36919185512369,real
2026-01-11 22:40:00,104.644520614841,real
2026-01-11 22:45:00,104.91984937455832,real
2026-01-11 22:50:00,105.19517813427564,real
2026-01-11 22:55:00,105.47050689399295,real
2026-01-11 23:00:00,105.74583565371026,real
2026-01-11 23:05:00,106.02116441342758,real
2026-01-11 23:10:00,106.2964931731449,real
2026-01-11 23:15:00,106.5718219328622,real
2026-01-11 23:20:00,106.84715069257952,real
2026-01-11 23:25:00,107.12247945229684,real
2026-01-11 23:30:00,107.39780821201416,real
2026-01-11 23:35:00,107.67313697173147,real
2026-01-11 23:40:00,107.94846573144878,real
2026-01-11 23:45:00,108.22379449116609,real
2026-01-11 23:50:00,108.49912325088341,real
2026-01-11 23:55:00,108.77445201060073,real
2026-01-12 00:00:00,109.04978077031804,real
2026-01-12 00:05:00,109.32510953003535,real
2026-01-12 00:10:00,109.60043828975267,real
2026-01-12 00:15:00,109.87576704946999,real
2026-01-12 00:20:00,110.1510958091873,real
2026-01-12 00:25:00,110.42642456890461,real
2026-01-12 00:30:00,110.70175332862192,real
2026-01-12 00:35:00,110.97708208833924,real
2026-01-12 00:40:00,111.25241084805656,real
2026-01-12 00:45:00,111.52773960777387,real
2026-01-12 00:50:00,111.80306836749118,real
2026-01-12 00:55:00,112.0783971272085,real
2026-01-12 01:00:00,112.35372588692582,real
2026-01-12 01:05:00,112.62905464664313,real
2026-01-12 01:10:00,112.90438340636044,real
2026-01-12 01:15:00,113.17971216607776,real
2026-01-12 01:20:00,113.45504092579507,real
2026-01-12 01:25:00,113.73036968551239,real
2026-01-12 01:30:00,114.0056984452297,real
2026-01-12 01:35:00,114.28102720494701,real
2026-01-12 01:40:00,114.55635596466433,real
2026-01-12 01:45:00,114.83168472438165,real
2026-01-12 01:50:00,115.10701348409896,real
2026-01-12 01:55:00,115.38234224381627,real
2026-01-12 02:00:00,115.6576710035336,real
2026-01-12 02:05:00,115.9329997632509,real
2026-01-12 02:10:00,116.20832852296822,real
2026-01-12 02:15:00,116.48365728268553,real
2026-01-12 02:20:00,116.75898604240284,real
2026-01-12 02:25:00,117.03431480212016,real
2026-01-12 02:30:00,117.30964356183748,real
2026-01-12 02:35:00,117.58497232155479,real
2026-01-12 02:40:00,117.8603010812721,real
2026-01-12 02:45:00,118.13562984098942,real
2026-01-12 02:50:00,118.41095860070673,real
2026-01-12 02:55:00,118.68628736042405,real
2026-01-12 03:00:00,118.96161612014136,real
2026-01-12 03:05:00,119.23694487985868,real
2026-01-12 03:10:00,119.512273639576,real
2026-01-12 03:15:00,119.7876023992933,real
2026-01-12 03:20:00,120.06293115901062,real
2026-01-12 03:25:00,120.33825991872793,real
2026-01-12 03:30:00,120.61358867844525,real
2026-01-12 03:35:00,120.88891743816257,real
2026-01-12 03:40:00,121.16424619787988,real
2026-01-12 03:45:00,121.43957495759719,real
2026-01-12 03:50:00,121.71490371731451,real
2026-01-12 03:55:00,121.99023247703182,real
2026-01-12 04:00:00,122.26556123674914,real
2026-01-12 04:05:00,122.54088999646645,real
2026-01-12 04:10:00,122.81621875618376,real
2026-01-12 04:15:00,123.09154751590108,real
2026-01-12 04:20:00,123.3668762756184,real
2026-01-12 04:25:00,123.6422050353357,real
2026-01-12 04:30:00,123.91753379505302,real
2026-01-12 04:35:00,124.19286255477034,real
2026-01-12 04:40:00,124.46819131448765,real
2026-01-12 04:45:00,124.74352007420497,real
2026-01-12 04:50:00,125.01884883392228,real
2026-01-12 04:55:00,125.2941775936396,real
2026-01-12 05:00:00,125.56950635335691,real
2026-01-12 05:05:00,125.84483511307423,real
2026-01-12 05:10:00,126.12016387279154,real
2026-01-12 05:15:00,126.39549263250885,real
2026-01-12 05:20:00,126.67082139222617,real
2026-01-12 05:25:00,126.94615015194348,real
2026-01-12 05:30:00,127.2214789116608,real
2026-01-12 05:35:00,127.49680767137811,real
2026-01-12 05:40:00,127.77213643109543,real
2026-01-12 05:45:00,128.04746519081274,real
2026-01-12 05:50:00,128.32279395053004,real
2026-01-12 05:55:00,128.59812271024737,real
2026-01-12 06:00:00,128.87345146996466,real
2026-01-12 06:05:00,129.148780229682,real
2026-01-12 06:10:00,129.42410898939931,real
2026-01-12 06:15:00,129.6994377491166,real
2026-01-12 06:20:00,129.97476650883394,real
2026-01-12 06:25:00,130.25009526855123,real
2026-01-12 06:30:00,130.52542402826856,real
2026-01-12 06:35:00,130.80075278798589,real
2026-01-12 06:40:00,131.07608154770318,real
2026-01-12 06:45:00,131.3514103074205,real
2026-01-12 06:50:00,131.6267390671378,real
2026-01-12 06:55:00,131.90206782685513,real
2026-01-12 07:00:00,132.17739658657246,real
2026-01-12 07:05:00,132.45272534628975,real
2026-01-12 07:10:00,132.72805410600708,real
2026-01-12 07:15:00,133.00338286572438,real
2026-01-12 07:20:00,133.2787116254417,real
2026-01-12 07:25:00,133.55404038515903,real
2026-01-12 07:30:00,133.82936914487632,real
2026-01-12 07:35:00,134.10469790459365,real
2026-01-12 07:40:00,134.38002666431098,real
2026-01-12 07:45:00,134.65535542402827,real
2026-01-12 07:50:00,134.9306841837456,real
2026-01-12 07:55:00,135.2060129434629,real
2026-01-12 08:00:00,135.48134170318022,real
2026-01-12 08:05:00,135.75667046289755,real
2026-01-12 08:10:00,136.03199922261484,real
2026-01-12 08:15:00,136.30732798233217,real
2026-01-12 08:20:00,136.58265674204947,real
2026-01-12 08:25:00,136.8579855017668,real
2026-01-12 08:30:00,137.13331426148412,real
2026-01-12 08:35:00,137.4086430212014,real
2026-01-12 08:40:00,137.68397178091874,real
2026-01-12 08:45:00,137.95930054063604,real
2026-01-12 08:50:00,138.23462930035336,real
2026-01-12 08:55:00,138.5099580600707,real
2026-01-12 09:00:00,138.78528681978798,real
2026-01-12 09:05:00,139.0606155795053,real
2026-01-12 09:10:00,139.33594433922264,real
2026-01-12 09:15:00,139.61127309893993,real
2026-01-12 09:20:00,139.88660185865726,real
2026-01-12 09:25:00,140.16193061837456,real
2026-01-12 09:30:00,140.43725937809188,real
2026-01-12 09:35:00,140.7125881378092,real
2026-01-12 09:40:00,140.9879168975265,real
2026-01-12 09:45:00,141.26324565724383,real
2026-01-12 09:50:00,141.53857441696113,real
2026-01-12 09:55:00,141.81390317667845,real
2026-01-12 10:00:00,142.08923193639578,real
2026-01-12 10:05:00,142.36456069611307,real
2026-01-12 10:10:00,142.6398894558304,real
2026-01-12 10:15:00,142.91521821554772,real
2026-01-12 10:20:00,143.19054697526502,real
2026-01-12 10:25:00,143.46587573498235,real
2026-01-12 10:30:00,143.74120449469964,real
2026-01-12 10:35:00,144.01653325441697,real
2026-01-12 10:40:00,144.2918620141343,real
2026-01-12 10:45:00,144.5671907738516,real
2026-01-12 10:50:00,144.84251953356892,real
2026-01-12 10:55:00,145.11784829328622,real
2026-01-12 11:00:00,145.39317705300354,real
2026-01-12 11:05:00,145.66850581272087,real
2026-01-12 11:10:00,145.94383457243816,real
2026-01-12 11:15:00,146.2191633321555,real
2026-01-12 11:20:00,146.49449209187281,real
2026-01-12 11:25:00,146.7698208515901,real
2026-01-12 11:30:00,147.04514961130744,real
2026-01-12 11:35:00,147.32047837102473,real
2026-01-12 11:40:00,147.59580713074206,real
2026-01-12 11:45:00,147.87113589045939,real
2026-01-12 11:50:00,148.14646465017668,real
2026-01-12 11:55:00,148.421793409894,real
2026-01-12 12:00:00,148.6971221696113,real
2026-01-12 12:05:00,148.97245092932863,real
2026-01-12 12:10:00,149.24777968904596,real
2026-01-12 12:15:00,149.52310844876325,real
2026-01-12 12:20:00,149.79843720848058,real
2026-01-12 12:25:00,150.07376596819788,real
2026-01-12 12:30:00,150.3490947279152,real
2026-01-12 12:35:00,150.62442348763253,real
2026-01-12 12:40:00,150.89975224734982,real
2026-01-12 12:45:00,151.17508100706715,real
2026-01-12 12:50:00,151.45040976678447,real
2026-01-12 12:55:00,151.72573852650177,real
2026-01-12 13:00:00,152.0010672862191,real
2026-01-12 13:05:00,152.2763960459364,real
2026-01-12 13:10:00,152.55172480565372,real
2026-01-12 13:15:00,152.82705356537105,real
2026-01-12 13:20:00,153.10238232508834,real
2026-01-12 13:25:00,153.37771108480567,real
2026-01-12 13:30:00,153.65303984452297,real
2026-01-12 13:35:00,153.9283686042403,real
2026-01-12 13:40:00,154.20369736395762,real
2026-01-12 13:45:00,154.4790261236749,real
2026-01-12 13:50:00,154.75435488339224,real
2026-01-12 13:55:00,155.02968364310956,real
2026-01-12 14:00:00,155.30501240282686,real
2026-01-12 14:05:00,155.5803411625442,real
2026-01-12 14:10:00,155.85566992226148,real
2026-01-12 14:15:00,156.1309986819788,real
2026-01-12 14:20:00,156.40632744169613,real
2026-01-12 14:25:00,156.68165620141343,real
2026-01-12 14:30:00,156.95698496113076,real
2026-01-12 14:35:00,157.23231372084805,real
2026-01-12 14:40:00,157.50764248056538,real
2026-01-12 14:45:00,157.7829712402827,real
2026-01-12 14:50:00,158.0583,real
2026-01-12 14:55:00,176.03668,real
2026-01-12 15:00:00,163.04667999999998,real
2026-01-12 15:05:00,168.370825,real
2026-01-12 15:10:00,160.59998000000002,real
2026-01-12 15:15:00,138.11999999999998,real
2026-01-12 15:20:00,96.93334,real
2026-01-12 15:25:00,64.04666399999999,real
2026-01-12 15:30:00,53.613333999999995,real
2026-01-12 15:35:00,50.65417,real
2026-01-12 15:40:00,50.73475047568711,real
2026-01-12 15:45:00,50.81533095137421,real
2026-01-12 15:50:00,50.895911427061314,real
2026-01-12 15:55:00,50.976491902748414,real
2026-01-12 16:00:00,51.05707237843552,real
2026-01-12 16:05:00,51.13765285412262,real
2026-01-12 16:10:00,51.21823332980973,real
2026-01-12 16:15:00,51.29881380549683,real
2026-01-12 16:20:00,51.379394281183934,real
2026-01-12 16:25:00,51.459974756871034,real
2026-01-12 16:30:00,51.54055523255814,real
2026-01-12 16:35:00,51.62113570824524,real
2026-01-12 16:40:00,51.70171618393235,real
2026-01-12 16:45:00,51.78229665961945,real
2026-01-12 16:50:00,51.862877135306555,real
2026-01-12 16:55:00,51.94345761099366,real
2026-01-12 17:00:00,52.02403808668076,real
2026-01-12 17:05:00,52.10461856236787,real
2026-01-12 17:10:00,52.18519903805497,real
2026-01-12 17:15:00,52.265779513742075,real
2026-01-12 17:20:00,52.346359989429175,real
2026-01-12 17:25:00,52.42694046511628,real
2026-01-12 17:30:00,52.50752094080338,real
2026-01-12 17:35:00,52.58810141649049,real
2026-01-12 17:40:00,52.66868189217759,real
2026-01-12 17:45:00,52.749262367864695,real
2026-01-12 17:50:00,52.829842843551795,real
2026-01-12 17:55:00,52.9104233192389,real
2026-01-12 18:00:00,52.991003794926,real
2026-01-12 18:05:00,53.07158427061311,real
2026-01-12 18:10:00,53.152164746300215,real
2026-01-12 18:15:00,53.232745221987315,real
2026-01-12 18:20:00,53.31332569767442,real
2026-01-12 18:25:00,53.39390617336152,real
2026-01-12 18:30:00,53.47448664904863,real
2026-01-12 18:35:00,53.55506712473573,real
2026-01-12 18:40:00,53.635647600422836,real
2026-01-12 18:45:00,53.716228076109935,real
2026-01-12 18:50:00,53.79680855179704,real
2026-01-12 18:55:00,53.87738902748414,real
2026-01-12 19:00:00,53.95796950317125,real
2026-01-12 19:05:00,54.03854997885835,real
2026-01-12 19:10:00,54.119130454545456,real
2026-01-12 19:15:00,54.199710930232555,real
2026-01-12 19:20:00,54.28029140591966,real
2026-01-12 19:25:00,54.36087188160677,real
2026-01-12 19:30:00,54.44145235729387,real
2026-01-12 19:35:00,54.522032832980976,real
2026-01-12 19:40:00,54.602613308668076,real
2026-01-12 19:45:00,54.68319378435518,real
2026-01-12 19:50:00,54.76377426004228,real
2026-01-12 19:55:00,54.84435473572939,real
2026-01-12 20:00:00,54.92493521141649,real
2026-01-12 20:05:00,55.005515687103596,real
2026-01-12 20:10:00,55.086096162790696,real
2026-01-12 20:15:00,55.1666766384778,real
2026-01-12 20:20:00,55.2472571141649,real
2026-01-12 20:25:00,55.32783758985201,real
2026-01-12 20:30:00,55.40841806553911,real
2026-01-12 20:35:00,55.488998541226216,real
2026-01-12 20:40:00,55.56957901691332,real
2026-01-12 20:45:00,55.65015949260042,real
2026-01-12 20:50:00,55.73073996828752,real
2026-01-12 20:55:00,55.81132044397463,real
2026-01-12 21:00:00,55.89190091966174,real
2026-01-12 21:05:00,55.97248139534884,real
2026-01-12 21:10:00,56.05306187103594,real
2026-01-12 21:15:00,56.13364234672304,real
2026-01-12 21:20:00,56.21422282241015,real
2026-01-12 21:25:00,56.29480329809725,real
2026-01-12 21:30:00,56.37538377378436,real
2026-01-12 21:35:00,56.45596424947146,real
2026-01-12 21:40:00,56.53654472515856,real
2026-01-12 21:45:00,56.61712520084566,real
2026-01-12 21:50:00,56.69770567653277,real
2026-01-12 21:55:00,56.77828615221988,real
2026-01-12 22:00:00,56.85886662790698,real
2026-01-12 22:05:00,56.93944710359408,real
2026-01-12 22:10:00,57.020027579281184,real
2026-01-12 22:15:00,57.10060805496829,real
2026-01-12 22:20:00,57.18118853065539,real
2026-01-12 22:25:00,57.2617690063425,real
2026-01-12 22:30:00,57.3423494820296,real
2026-01-12 22:35:00,57.422929957716704,real
2026-01-12 22:40:00,57.503510433403804,real
2026-01-12 22:45:00,57.58409090909091,real
2026-01-12 22:50:00,57.66467138477801,real
2026-01-12 22:55:00,57.74525186046512,real
2026-01-12 23:00:00,57.82583233615222,real
2026-01-12 23:05:00,57.906412811839324,real
2026-01-12 23:10:00,57.98699328752643,real
2026-01-12 23:15:00,58.06757376321353,real
2026-01-12 23:20:00,58.14815423890063,real
2026-01-12 23:25:00,58.22873471458774,real
2026-01-12 23:30:00,58.309315190274845,real
2026-01-12 23:35:00,58.389895665961944,real
2026-01-12 23:40:00,58.47047614164905,real
2026-01-12 23:45:00,58.55105661733615,real
2026-01-12 23:50:00,58.63163709302326,real
2026-01-12 23:55:00,58.71221756871036,real
2026-01-13 00:00:00,58.792798044397465,real
2026-01-13 00:05:00,58.873378520084565,real
2026-01-13 00:10:00,58.95395899577167,real
2026-01-13 00:15:00,59.03453947145877,real
2026-01-13 00:20:00,59.11511994714588,real
2026-01-13 00:25:00,59.195700422832985,real
2026-01-13 00:30:00,59.276280898520085,real
2026-01-13 00:35:00,59.356861374207185,real
2026-01-13 00:40:00,59.43744184989429,real
2026-01-13 00:45:00,59.5180223255814,real
2026-01-13 00:50:00,59.5986028012685,real
2026-01-13 00:55:00,59.679183276955605,real
2026-01-13 01:00:00,59.759763752642705,real
2026-01-13 01:05:00,59.84034422832981,real
2026-01-13 01:10:00,59.92092470401691,real
2026-01-13 01:15:00,60.00150517970402,real
2026-01-13 01:20:00,60.08208565539112,real
2026-01-13 01:25:00,60.162666131078225,real
2026-01-13 01:30:00,60.243246606765325,real
2026-01-13 01:35:00,60.32382708245243,real
2026-01-13 01:40:00,60.40440755813954,real
2026-01-13 01:45:00,60.48498803382664,real
2026-01-13 01:50:00,60.56556850951374,real
2026-01-13 01:55:00,60.646148985200846,real
2026-01-13 02:00:00,60.72672946088795,real
2026-01-13 02:05:00,60.80730993657505,real
2026-01-13 02:10:00,60.88789041226216,real
2026-01-13 02:15:00,60.96847088794926,real
2026-01-13 02:20:00,61.049051363636366,real
2026-01-13 02:25:00,61.129631839323466,real
2026-01-13 02:30:00,61.21021231501057,real
2026-01-13 02:35:00,61.29079279069767,real
2026-01-13 02:40:00,61.37137326638478,real
2026-01-13 02:45:00,61.45195374207188,real
2026-01-13 02:50:00,61.532534217758986,real
2026-01-13 02:55:00,61.61311469344609,real
2026-01-13 03:00:00,61.69369516913319,real
2026-01-13 03:05:00,61.77427564482029,real
2026-01-13 03:10:00,61.8548561205074,real
2026-01-13 03:15:00,61.935436596194506,real
2026-01-13 03:20:00,62.016017071881606,real
2026-01-13 03:25:00,62.096597547568706,real
2026-01-13 03:30:00,62.17717802325581,real
2026-01-13 03:35:00,62.25775849894292,real
2026-01-13 03:40:00,62.33833897463002,real
2026-01-13 03:45:00,62.41891945031713,real
2026-01-13 03:50:00,62.499499926004226,real
2026-01-13 03:55:00,62.58008040169133,real
2026-01-13 04:00:00,62.66066087737843,real
2026-01-13 04:05:00,62.74124135306554,real
2026-01-13 04:10:00,62.82182182875265,real
2026-01-13 04:15:00,62.90240230443975,real
2026-01-13 04:20:00,62.98298278012685,real
2026-01-13 04:25:00,63.06356325581395,real
2026-01-13 04:30:00,63.14414373150106,real
2026-01-13 04:35:00,63.22472420718816,real
2026-01-13 04:40:00,63.30530468287526,real
2026-01-13 04:45:00,63.38588515856237,real
2026-01-13 04:50:00,63.466465634249474,real
2026-01-13 04:55:00,63.54704610993657,real
2026-01-13 05:00:00,63.62762658562368,real
2026-01-13 05:05:00,63.70820706131078,real
2026-01-13 05:10:00,63.78878753699789,real
2026-01-13 05:15:00,63.86936801268499,real
2026-01-13 05:20:00,63.949948488372094,real
2026-01-13 05:25:00,64.0305289640592,real
2026-01-13 05:30:00,64.1111094397463,real
2026-01-13 05:35:00,64.1916899154334,real
2026-01-13 05:40:00,64.27227039112051,real
2026-01-13 05:45:00,64.35285086680761,real
2026-01-13 05:50:00,64.43343134249471,real
2026-01-13 05:55:00,64.51401181818181,real
2026-01-13 06:00:00,64.59459229386891,real
2026-01-13 06:05:00,64.67517276955603,real
2026-01-13 06:10:00,64.75575324524313,real
2026-01-13 06:15:00,64.83633372093023,real
2026-01-13 06:20:00,64.91691419661734,real
2026-01-13 06:25:00,64.99749467230444,real
2026-01-13 06:30:00,65.07807514799154,real
2026-01-13 06:35:00,65.15865562367864,real
2026-01-13 06:40:00,65.23923609936575,real
2026-01-13 06:45:00,65.31981657505285,real
2026-01-13 06:50:00,65.40039705073995,real
2026-01-13 06:55:00,65.48097752642707,real
2026-01-13 07:00:00,65.56155800211417,real
2026-01-13 07:05:00,65.64213847780127,real
2026-01-13 07:10:00,65.72271895348837,real
2026-01-13 07:15:00,65.80329942917547,real
2026-01-13 07:20:00,65.88387990486258,real
2026-01-13 07:25:00,65.96446038054968,real
2026-01-13 07:30:00,66.04504085623678,real
2026-01-13 07:35:00,66.1256213319239,real
2026-01-13 07:40:00,66.206201807611,real
2026-01-13 07:45:00,66.2867822832981,real
2026-01-13 07:50:00,66.3673627589852,real
2026-01-13 07:55:00,66.44794323467231,real
2026-01-13 08:00:00,66.52852371035941,real
2026-01-13 08:05:00,66.60910418604651,real
2026-01-13 08:10:00,66.68968466173362,real
2026-01-13 08:15:00,66.77026513742072,real
2026-01-13 08:20:00,66.85084561310782,real
2026-01-13 08:25:00,66.93142608879492,real
2026-01-13 08:30:00,67.01200656448202,real
2026-01-13 08:35:00,67.09258704016914,real
2026-01-13 08:40:00,67.17316751585624,real
2026-01-13 08:45:00,67.25374799154334,real
2026-01-13 08:50:00,67.33432846723045,real
2026-01-13 08:55:00,67.41490894291755,real
2026-01-13 09:00:00,67.49548941860465,real
2026-01-13 09:05:00,67.57606989429175,real
2026-01-13 09:10:00,67.65665036997886,real
2026-01-13 09:15:00,67.73723084566596,real
2026-01-13 09:20:00,67.81781132135306,real
2026-01-13 09:25:00,67.89839179704018,real
2026-01-13 09:30:00,67.97897227272728,real
2026-01-13 09:35:00,68.05955274841438,real
2026-01-13 09:40:00,68.14013322410148,real
2026-01-13 09:45:00,68.22071369978858,real
2026-01-13 09:50:00,68.30129417547569,real
2026-01-13 09:55:00,68.38187465116279,real
2026-01-13 10:00:00,68.46245512684989,real
2026-01-13 10:05:00,68.543035602537,real
2026-01-13 10:10:00,68.6236160782241,real
2026-01-13 10:15:00,68.7041965539112,real
2026-01-13 10:20:00,68.7847770295983,real
2026-01-13 10:25:00,68.86535750528542,real
2026-01-13 10:30:00,68.94593798097252,real
2026-01-13 10:35:00,69.02651845665962,real
2026-01-13 10:40:00,69.10709893234673,real
2026-01-13 10:45:00,69.18767940803383,real
2026-01-13 10:50:00,69.26825988372093,real
2026-01-13 10:55:00,69.34884035940803,real
2026-01-13 11:00:00,69.42942083509513,real
2026-01-13 11:05:00,69.51000131078224,real
2026-01-13 11:10:00,69.59058178646934,real
2026-01-13 11:15:00,69.67116226215644,real
2026-01-13 11:20:00,69.75174273784356,real
2026-01-13 11:25:00,69.83232321353066,real
2026-01-13 11:30:00,69.91290368921776,real
2026-01-13 11:35:00,69.99348416490486,real
2026-01-13 11:40:00,70.07406464059197,real
2026-01-13 11:45:00,70.15464511627907,real
2026-01-13 11:50:00,70.23522559196617,real
2026-01-13 11:55:00,70.31580606765328,real
2026-01-13 12:00:00,70.39638654334038,real
2026-01-13 12:05:00,70.47696701902748,real
2026-01-13 12:10:00,70.55754749471458,real
2026-01-13 12:15:00,70.63812797040168,real
2026-01-13 12:20:00,70.7187084460888,real
2026-01-13 12:25:00,70.7992889217759,real
2026-01-13 12:30:00,70.879869397463,real
2026-01-13 12:35:00,70.96044987315011,real
2026-01-13 12:40:00,71.04103034883721,real
2026-01-13 12:45:00,71.12161082452431,real
2026-01-13 12:50:00,71.20219130021141,real
2026-01-13 12:55:00,71.28277177589852,real
2026-01-13 13:00:00,71.36335225158562,real
2026-01-13 13:05:00,71.44393272727272,real
2026-01-13 13:10:00,71.52451320295984,real
2026-01-13 13:15:00,71.60509367864694,real
2026-01-13 13:20:00,71.68567415433404,real
2026-01-13 13:25:00,71.76625463002114,real
2026-01-13 13:30:00,71.84683510570824,real
2026-01-13 13:35:00,71.92741558139535,real
2026-01-13 13:40:00,72.00799605708245,real
2026-01-13 13:45:00,72.08857653276955,real
2026-01-13 13:50:00,72.16915700845666,real
2026-01-13 13:55:00,72.24973748414376,real
2026-01-13 14:00:00,72.33031795983086,real
2026-01-13 14:05:00,72.41089843551796,real
2026-01-13 14:10:00,72.49147891120508,real
2026-01-13 14:15:00,72.57205938689218,real
2026-01-13 14:20:00,72.65263986257928,real
2026-01-13 14:25:00,72.73322033826639,real
2026-01-13 14:30:00,72.81380081395349,real
2026-01-13 14:35:00,72.89438128964059,real
2026-01-13 14:40:00,72.97496176532769,real
2026-01-13 14:45:00,73.05554224101479,real
2026-01-13 14:50:00,73.1361227167019,real
2026-01-13 14:55:00,73.216703192389,real
2026-01-13 15:00:00,73.2972836680761,real
2026-01-13 15:05:00,73.37786414376322,real
2026-01-13 15:10:00,73.45844461945032,real
2026-01-13 15:15:00,73.53902509513742,real
2026-01-13 15:20:00,73.61960557082452,real
2026-01-13 15:25:00,73.70018604651163,real
2026-01-13 15:30:00,73.78076652219873,real
2026-01-13 15:35:00,73.86134699788583,real
2026-01-13 15:40:00,73.94192747357295,real
2026-01-13 15:45:00,74.02250794926005,real
2026-01-13 15:50:00,74.10308842494715,real
2026-01-13 15:55:00,74.18366890063425,real
2026-01-13 16:00:00,74.26424937632135,real
2026-01-13 16:05:00,74.34482985200846,real
2026-01-13 16:10:00,74.42541032769556,real
2026-01-13 16:15:00,74.50599080338266,real
2026-01-13 16:20:00,74.58657127906977,real
2026-01-13 16:25:00,74.66715175475687,real
2026-01-13 16:30:00,74.74773223044397,real
2026-01-13 16:35:00,74.82831270613107,real
2026-01-13 16:40:00,74.90889318181819,real
2026-01-13 16:45:00,74.98947365750529,real
2026-01-13 16:50:00,75.07005413319239,real
2026-01-13 16:55:00,75.1506346088795,real
2026-01-13 17:00:00,75.2312150845666,real
2026-01-13 17:05:00,75.3117955602537,real
2026-01-13 17:10:00,75.3923760359408,real
2026-01-13 17:15:00,75.4729565116279,real
2026-01-13 17:20:00,75.55353698731501,real
2026-01-13 17:25:00,75.63411746300211,real
2026-01-13 17:30:00,75.71469793868921,real
2026-01-13 17:35:00,75.79527841437633,real
2026-01-13 17:40:00,75.87585889006343,real
2026-01-13 17:45:00,75.95643936575053,real
2026-01-13 17:50:00,76.03701984143763,real
2026-01-13 17:55:00,76.11760031712474,real
2026-01-13 18:00:00,76.19818079281184,real
2026-01-13 18:05:00,76.27876126849894,real
2026-01-13 18:10:00,76.35934174418605,real
2026-01-13 18:15:00,76.43992221987315,real
2026-01-13 18:20:00,76.52050269556025,real
2026-01-13 18:25:00,76.60108317124735,real
2026-01-13 18:30:00,76.68166364693445,real
2026-01-13 18:35:00,76.76224412262157,real
2026-01-13 18:40:00,76.84282459830867,real
2026-01-13 18:45:00,76.92340507399577,real
2026-01-13 18:50:00,77.00398554968288,real
2026-01-13 18:55:00,77.08456602536998,real
2026-01-13 19:00:00,77.16514650105708,real
2026-01-13 19:05:00,77.24572697674418,real
2026-01-13 19:10:00,77.3263074524313,real
2026-01-13 19:15:00,77.4068879281184,real
2026-01-13 19:20:00,77.4874684038055,real
2026-01-13 19:25:00,77.56804887949261,real
2026-01-13 19:30:00,77.64862935517971,real
2026-01-13 19:35:00,77.72920983086681,real
2026-01-13 19:40:00,77.80979030655391,real
2026-01-13 19:45:00,77.890370782241,real
2026-01-13 19:50:00,77.97095125792812,real
2026-01-13 19:55:00,78.05153173361522,real
2026-01-13 20:00:00,78.13211220930232,real
2026-01-13 20:05:00,78.21269268498943,real
2026-01-13 20:10:00,78.29327316067653,real
2026-01-13 20:15:00,78.37385363636363,real
2026-01-13 20:20:00,78.45443411205073,real
2026-01-13 20:25:00,78.53501458773783,real
2026-01-13 20:30:00,78.61559506342495,real
2026-01-13 20:35:00,78.69617553911205,real
2026-01-13 20:40:00,78.77675601479916,real
2026-01-13 20:45:00,78.85733649048626,real
2026-01-13 20:50:00,78.93791696617336,real
2026-01-13 20:55:00,79.01849744186046,real
2026-01-13 21:00:00,79.09907791754756,real
2026-01-13 21:05:00,79.17965839323467,real
2026-01-13 21:10:00,79.26023886892177,real
2026-01-13 21:15:00,79.34081934460887,real
2026-01-13 21:20:00,79.42139982029599,real
2026-01-13 21:25:00,79.50198029598309,real
2026-01-13 21:30:00,79.58256077167019,real
2026-01-13 21:35:00,79.66314124735729,real
2026-01-13 21:40:00,79.74372172304439,real
2026-01-13 21:45:00,79.8243021987315,real
2026-01-13 21:50:00,79.9048826744186,real
2026-01-13 21:55:00,79.98546315010572,real
2026-01-13 22:00:00,80.06604362579282,real
2026-01-13 22:05:00,80.14662410147992,real
2026-01-13 22:10:00,80.22720457716702,real
2026-01-13 22:15:00,80.30778505285411,real
2026-01-13 22:20:00,80.38836552854123,real
2026-01-13 22:25:00,80.46894600422833,real
2026-01-13 22:30:00,80.54952647991543,real
2026-01-13 22:35:00,80.63010695560254,real
2026-01-13 22:40:00,80.71068743128964,real
2026-01-13 22:45:00,80.79126790697674,real
2026-01-13 22:50:00,80.87184838266384,real
2026-01-13 22:55:00,80.95242885835094,real
2026-01-13 23:00:00,81.03300933403806,real
2026-01-13 23:05:00,81.11358980972516,real
2026-01-13 23:10:00,81.19417028541227,real
2026-01-13 23:15:00,81.27475076109937,real
2026-01-13 23:20:00,81.35533123678647,real
2026-01-13 23:25:00,81.43591171247357,real
2026-01-13 23:30:00,81.51649218816067,real
2026-01-13 23:35:00,81.59707266384778,real
2026-01-13 23:40:00,81.67765313953488,real
2026-01-13 23:45:00,81.75823361522198,real
2026-01-13 23:50:00,81.8388140909091,real
2026-01-13 23:55:00,81.9193945665962,real
2026-01-14 00:00:00,81.9999750422833,real
2026-01-14 00:05:00,82.0805555179704,real
2026-01-14 00:10:00,82.1611359936575,real
2026-01-14 00:15:00,82.24171646934461,real
2026-01-14 00:20:00,82.32229694503171,real
2026-01-14 00:25:00,82.40287742071882,real
2026-01-14 00:30:00,82.48345789640592,real
2026-01-14 00:35:00,82.56403837209302,real
2026-01-14 00:40:00,82.64461884778012,real
2026-01-14 00:45:00,82.72519932346722,real
2026-01-14 00:50:00,82.80577979915432,real
2026-01-14 00:55:00,82.88636027484144,real
2026-01-14 01:00:00,82.96694075052855,real
2026-01-14 01:05:00,83.04752122621565,real
2026-01-14 01:10:00,83.12810170190275,real
2026-01-14 01:15:00,83.20868217758985,real
2026-01-14 01:20:00,83.28926265327695,real
2026-01-14 01:25:00,83.36984312896405,real
2026-01-14 01:30:00,83.45042360465116,real
2026-01-14 01:35:00,83.53100408033826,real
2026-01-14 01:40:00,83.61158455602538,real
2026-01-14 01:45:00,83.69216503171248,real
2026-01-14 01:50:00,83.77274550739958,real
2026-01-14 01:55:00,83.85332598308668,real
2026-01-14 02:00:00,83.93390645877378,real
2026-01-14 02:05:00,84.01448693446088,real
2026-01-14 02:10:00,84.09506741014799,real
2026-01-14 02:15:00,84.1756478858351,real
2026-01-14 02:20:00,84.2562283615222,real
2026-01-14 02:25:00,84.3368088372093,real
2026-01-14 02:30:00,84.4173893128964,real
2026-01-14 02:35:00,84.4979697885835,real
2026-01-14 02:40:00,84.5785502642706,real
2026-01-14 02:45:00,84.65913073995772,real
2026-01-14 02:50:00,84.73971121564482,real
2026-01-14 02:55:00,84.82029169133193,real
2026-01-14 03:00:00,84.90087216701903,real
2026-01-14 03:05:00,84.98145264270613,real
2026-01-14 03:10:00,85.06203311839323,real
2026-01-14 03:15:00,85.14261359408033,real
2026-01-14 03:20:00,85.22319406976743,real
2026-01-14 03:25:00,85.30377454545454,real
2026-01-14 03:30:00,85.38435502114166,real
2026-01-14 03:35:00,85.46493549682876,real
2026-01-14 03:40:00,85.54551597251586,real
2026-01-14 03:45:00,85.62609644820296,real
2026-01-14 03:50:00,85.70667692389006,real
2026-01-14 03:55:00,85.78725739957716,real
2026-01-14 04:00:00,85.86783787526427,real
2026-01-14 04:05:00,85.94841835095137,real
2026-01-14 04:10:00,86.02899882663849,real
2026-01-14 04:15:00,86.10957930232559,real
2026-01-14 04:20:00,86.19015977801268,real
2026-01-14 04:25:00,86.27074025369978,real
2026-01-14 04:30:00,86.35132072938688,real
2026-01-14 04:35:00,86.43190120507398,real
2026-01-14 04:40:00,86.5124816807611,real
2026-01-14 04:45:00,86.5930621564482,real
2026-01-14 04:50:00,86.67364263213531,real
2026-01-14 04:55:00,86.75422310782241,real
2026-01-14 05:00:00,86.83480358350951,real
2026-01-14 05:05:00,86.91538405919661,real
2026-01-14 05:10:00,86.99596453488371,real
2026-01-14 05:15:00,87.07654501057083,real
2026-01-14 05:20:00,87.15712548625793,real
2026-01-14 05:25:00,87.23770596194504,real
2026-01-14 05:30:00,87.31828643763214,real
2026-01-14 05:35:00,87.39886691331924,real
2026-01-14 05:40:00,87.47944738900634,real
2026-01-14 05:45:00,87.56002786469344,real
2026-01-14 05:50:00,87.64060834038054,real
2026-01-14 05:55:00,87.72118881606765,real
2026-01-14 06:00:00,87.80176929175475,real
2026-01-14 06:05:00,87.88234976744187,real
2026-01-14 06:10:00,87.96293024312897,real
2026-01-14 06:15:00,88.04351071881607,real
2026-01-14 06:20:00,88.12409119450317,real
2026-01-14 06:25:00,88.20467167019027,real
2026-01-14 06:30:00,88.28525214587738,real
2026-01-14 06:35:00,88.36583262156448,real
2026-01-14 06:40:00,88.4464130972516,real
2026-01-14 06:45:00,88.5269935729387,real
2026-01-14 06:50:00,88.60757404862579,real
2026-01-14 06:55:00,88.68815452431289,real
2026-01-14 07:00:00,88.76873499999999,real
2026-01-14 07:05:00,88.84931547568709,real
2026-01-14 07:10:00,88.9298959513742,real
2026-01-14 07:15:00,89.0104764270613,real
2026-01-14 07:20:00,89.09105690274842,real
2026-01-14 07:25:00,89.17163737843552,real
2026-01-14 07:30:00,89.25221785412262,real
2026-01-14 07:35:00,89.33279832980972,real
2026-01-14 07:40:00,89.41337880549682,real
2026-01-14 07:45:00,89.49395928118393,real
2026-01-14 07:50:00,89.57453975687103,real
2026-01-14 07:55:00,89.65512023255815,real
2026-01-14 08:00:00,89.73570070824525,real
2026-01-14 08:05:00,89.81628118393235,real
2026-01-14 08:10:00,89.89686165961945,real
2026-01-14 08:15:00,89.97744213530655,real
2026-01-14 08:20:00,90.05802261099365,real
2026-01-14 08:25:00,90.13860308668076,real
2026-01-14 08:30:00,90.21918356236786,real
2026-01-14 08:35:00,90.29976403805497,real
2026-01-14 08:40:00,90.38034451374207,real
2026-01-14 08:45:00,90.46092498942917,real
2026-01-14 08:50:00,90.54150546511627,real
2026-01-14 08:55:00,90.62208594080337,real
2026-01-14 09:00:00,90.70266641649049,real
2026-01-14 09:05:00,90.78324689217759,real
2026-01-14 09:10:00,90.8638273678647,real
2026-01-14 09:15:00,90.9444078435518,real
2026-01-14 09:20:00,91.0249883192389,real
2026-01-14 09:25:00,91.105568794926,real
2026-01-14 09:30:00,91.1861492706131,real
2026-01-14 09:35:00,91.2667297463002,real
2026-01-14 09:40:00,91.34731022198731,real
2026-01-14 09:45:00,91.42789069767441,real
2026-01-14 09:50:00,91.50847117336153,real
2026-01-14 09:55:00,91.58905164904863,real
2026-01-14 10:00:00,91.66963212473573,real
2026-01-14 10:05:00,91.75021260042283,real
2026-01-14 10:10:00,91.83079307610993,real
2026-01-14 10:15:00,91.91137355179704,real
2026-01-14 10:20:00,91.99195402748414,real
2026-01-14 10:25:00,92.07253450317125,real
2026-01-14 10:30:00,92.15311497885835,real
2026-01-14 10:35:00,92.23369545454545,real
2026-01-14 10:40:00,92.31427593023255,real
2026-01-14 10:45:00,92.39485640591965,real
2026-01-14 10:50:00,92.47543688160675,real
2026-01-14 10:55:00,92.55601735729387,real
2026-01-14 11:00:00,92.63659783298097,real
2026-01-14 11:05:00,92.71717830866808,real
2026-01-14 11:10:00,92.79775878435518,real
2026-01-14 11:15:00,92.87833926004228,real
2026-01-14 11:20:00,92.95891973572938,real
2026-01-14 11:25:00,93.03950021141648,real
2026-01-14 11:30:00,93.1200806871036,real
2026-01-14 11:35:00,93.2006611627907,real
2026-01-14 11:40:00,93.28124163847781,real
2026-01-14 11:45:00,93.36182211416491,real
2026-01-14 11:50:00,93.44240258985201,real
2026-01-14 11:55:00,93.52298306553911,real
2026-01-14 12:00:00,93.60356354122621,real
2026-01-14 12:05:00,93.68414401691331,real
2026-01-14 12:10:00,93.76472449260042,real
2026-01-14 12:15:00,93.84530496828752,real
2026-01-14 12:20:00,93.92588544397464,real
2026-01-14 12:25:00,94.00646591966174,real
2026-01-14 12:30:00,94.08704639534884,real
2026-01-14 12:35:00,94.16762687103594,real
2026-01-14 12:40:00,94.24820734672304,real
2026-01-14 12:45:00,94.32878782241015,real
2026-01-14 12:50:00,94.40936829809725,real
2026-01-14 12:55:00,94.48994877378436,real
2026-01-14 13:00:00,94.57052924947146,real
2026-01-14 13:05:00,94.65110972515856,real
2026-01-14 13:10:00,94.73169020084566,real
2026-01-14 13:15:00,94.81227067653276,real
2026-01-14 13:20:00,94.89285115221986,real
2026-01-14 13:25:00,94.97343162790698,real
2026-01-14 13:30:00,95.05401210359408,real
2026-01-14 13:35:00,95.13459257928119,real
2026-01-14 13:40:00,95.21517305496829,real
2026-01-14 13:45:00,95.29575353065539,real
2026-01-14 13:50:00,95.37633400634249,real
2026-01-14 13:55:00,95.45691448202959,real
2026-01-14 14:00:00,95.5374949577167,real
2026-01-14 14:05:00,95.6180754334038,real
2026-01-14 14:10:00,95.69865590909092,real
2026-01-14 14:15:00,95.77923638477802,real
2026-01-14 14:20:00,95.85981686046512,real
2026-01-14 14:25:00,95.94039733615222,real
2026-01-14 14:30:00,96.02097781183932,real
2026-01-14 14:35:00,96.10155828752642,real
2026-01-14 14:40:00,96.18213876321353,real
2026-01-14 14:45:00,96.26271923890063,real
2026-01-14 14:50:00,96.34329971458774,real
2026-01-14 14:55:00,96.42388019027484,real
2026-01-14 15:00:00,96.50446066596194,real
2026-01-14 15:05:00,96.58504114164904,real
2026-01-14 15:10:00,96.66562161733614,real
2026-01-14 15:15:00,96.74620209302326,real
2026-01-14 15:20:00,96.82678256871036,real
2026-01-14 15:25:00,96.90736304439747,real
2026-01-14 15:30:00,96.98794352008457,real
2026-01-14 15:35:00,97.06852399577167,real
2026-01-14 15:40:00,97.14910447145877,real
2026-01-14 15:45:00,97.22968494714587,real
2026-01-14 15:50:00,97.31026542283297,real
2026-01-14 15:55:00,97.39084589852008,real
2026-01-14 16:00:00,97.47142637420718,real
2026-01-14 16:05:00,97.5520068498943,real
2026-01-14 16:10:00,97.6325873255814,real
2026-01-14 16:15:00,97.7131678012685,real
2026-01-14 16:20:00,97.7937482769556,real
2026-01-14 16:25:00,97.8743287526427,real
2026-01-14 16:30:00,97.95490922832981,real
2026-01-14 16:35:00,98.03548970401691,real
2026-01-14 16:40:00,98.11607017970402,real
2026-01-14 16:45:00,98.19665065539112,real
2026-01-14 16:50:00,98.27723113107822,real
2026-01-14 16:55:00,98.35781160676532,real
2026-01-14 17:00:00,98.43839208245242,real
2026-01-14 17:05:00,98.51897255813952,real
2026-01-14 17:10:00,98.59955303382664,real
2026-01-14 17:15:00,98.68013350951374,real
2026-01-14 17:20:00,98.76071398520085,real
2026-01-14 17:25:00,98.84129446088795,real
2026-01-14 17:30:00,98.92187493657505,real
2026-01-14 17:35:00,99.00245541226215,real
2026-01-14 17:40:00,99.08303588794925,real
2026-01-14 17:45:00,99.16361636363636,real
2026-01-14 17:50:00,99.24419683932346,real
2026-01-14 17:55:00,99.32477731501058,real
2026-01-14 18:00:00,99.40535779069768,real
2026-01-14 18:05:00,99.48593826638478,real
2026-01-14 18:10:00,99.56651874207188,real
2026-01-14 18:15:00,99.64709921775898,real
2026-01-14 18:20:00,99.72767969344608,real
2026-01-14 18:25:00,99.80826016913319,real
2026-01-14 18:30:00,99.88884064482029,real
2026-01-14 18:35:00,99.9694211205074,real
2026-01-14 18:40:00,100.0500015961945,real
2026-01-14 18:45:00,100.1305820718816,real
2026-01-14 18:50:00,100.2111625475687,real
2026-01-14 18:55:00,100.2917430232558,real
2026-01-14 19:00:00,100.37232349894292,real
2026-01-14 19:05:00,100.45290397463002,real
2026-01-14 19:10:00,100.53348445031713,real
2026-01-14 19:15:00,100.61406492600423,real
2026-01-14 19:20:00,100.69464540169133,real
2026-01-14 19:25:00,100.77522587737843,real
2026-01-14 19:30:00,100.85580635306553,real
2026-01-14 19:35:00,100.93638682875263,real
2026-01-14 19:40:00,101.01696730443975,real
2026-01-14 19:45:00,101.09754778012685,real
2026-01-14 19:50:00,101.17812825581396,real
2026-01-14 19:55:00,101.25870873150106,real
2026-01-14 20:00:00,101.33928920718816,real
2026-01-14 20:05:00,101.41986968287526,real
2026-01-14 20:10:00,101.50045015856236,real
2026-01-14 20:15:00,101.58103063424947,real
2026-01-14 20:20:00,101.66161110993657,real
2026-01-14 20:25:00,101.74219158562369,real
2026-01-14 20:30:00,101.82277206131079,real
2026-01-14 20:35:00,101.90335253699789,real
2026-01-14 20:40:00,101.98393301268499,real
2026-01-14 20:45:00,102.06451348837209,real
2026-01-14 20:50:00,102.14509396405919,real
2026-01-14 20:55:00,102.2256744397463,real
2026-01-14 21:00:00,102.3062549154334,real
2026-01-14 21:05:00,102.38683539112051,real
2026-01-14 21:10:00,102.46741586680761,real
2026-01-14 21:15:00,102.54799634249471,real
2026-01-14 21:20:00,102.62857681818181,real
2026-01-14 21:25:00,102.70915729386891,real
2026-01-14 21:30:00,102.78973776955603,real
2026-01-14 21:35:00,102.87031824524313,real
2026-01-14 21:40:00,102.95089872093024,real
2026-01-14 21:45:00,103.03147919661734,real
2026-01-14 21:50:00,103.11205967230444,real
2026-01-14 21:55:00,103.19264014799154,real
2026-01-14 22:00:00,103.27322062367864,real
2026-01-14 22:05:00,103.35380109936574,real
2026-01-14 22:10:00,103.43438157505285,real
2026-01-14 22:15:00,103.51496205073995,real
2026-01-14 22:20:00,103.59554252642707,real
2026-01-14 22:25:00,103.67612300211417,real
2026-01-14 22:30:00,103.75670347780127,real
2026-01-14 22:35:00,103.83728395348837,real
2026-01-14 22:40:00,103.91786442917547,real
2026-01-14 22:45:00,103.99844490486258,real
2026-01-14 22:50:00,104.07902538054968,real
2026-01-14 22:55:00,104.1596058562368,real
2026-01-14 23:00:00,104.2401863319239,real
2026-01-14 23:05:00,104.320766807611,real
2026-01-14 23:10:00,104.4013472832981,real
2026-01-14 23:15:00,104.4819277589852,real
2026-01-14 23:20:00,104.5625082346723,real
2026-01-14 23:25:00,104.64308871035941,real
2026-01-14 23:30:00,104.72366918604651,real
2026-01-14 23:35:00,104.80424966173362,real
2026-01-14 23:40:00,104.88483013742072,real
2026-01-14 23:45:00,104.96541061310782,real
2026-01-14 23:50:00,105.04599108879492,real
2026-01-14 23:55:00,105.12657156448202,real
2026-01-15 00:00:00,105.20715204016912,real
2026-01-15 00:05:00,105.28773251585623,real
2026-01-15 00:10:00,105.36831299154335,real
2026-01-15 00:15:00,105.44889346723045,real
2026-01-15 00:20:00,105.52947394291755,real
2026-01-15 00:25:00,105.61005441860465,real
2026-01-15 00:30:00,105.69063489429175,real
2026-01-15 00:35:00,105.77121536997885,real
2026-01-15 00:40:00,105.85179584566596,real
2026-01-15 00:45:00,105.93237632135306,real
2026-01-15 00:50:00,106.01295679704018,real
2026-01-15 00:55:00,106.09353727272727,real
2026-01-15 01:00:00,106.17411774841437,real
2026-01-15 01:05:00,106.25469822410147,real
2026-01-15 01:10:00,106.33527869978857,real
2026-01-15 01:15:00,106.41585917547567,real
2026-01-15 01:20:00,106.49643965116279,real
2026-01-15 01:25:00,106.5770201268499,real
2026-01-15 01:30:00,106.657600602537,real
2026-01-15 01:35:00,106.7381810782241,real
2026-01-15 01:40:00,106.8187615539112,real
2026-01-15 01:45:00,106.8993420295983,real
2026-01-15 01:50:00,106.9799225052854,real
2026-01-15 01:55:00,107.06050298097252,real
2026-01-15 02:00:00,107.14108345665962,real
2026-01-15 02:05:00,107.22166393234673,real
2026-01-15 02:10:00,107.30224440803383,real
2026-01-15 02:15:00,107.38282488372093,real
2026-01-15 02:20:00,107.46340535940803,real
2026-01-15 02:25:00,107.54398583509513,real
2026-01-15 02:30:00,107.62456631078223,real
2026-01-15 02:35:00,107.70514678646934,real
2026-01-15 02:40:00,107.78572726215646,real
2026-01-15 02:45:00,107.86630773784356,real
2026-01-15 02:50:00,107.94688821353066,real
2026-01-15 02:55:00,108.02746868921776,real
2026-01-15 03:00:00,108.10804916490486,real
2026-01-15 03:05:00,108.18862964059196,real
2026-01-15 03:10:00,108.26921011627907,real
2026-01-15 03:15:00,108.34979059196617,real
2026-01-15 03:20:00,108.43037106765328,real
2026-01-15 03:25:00,108.51095154334038,real
2026-01-15 03:30:00,108.59153201902748,real
2026-01-15 03:35:00,108.67211249471458,real
2026-01-15 03:40:00,108.75269297040168,real
2026-01-15 03:45:00,108.83327344608878,real
2026-01-15 03:50:00,108.9138539217759,real
2026-01-15 03:55:00,108.99443439746301,real
2026-01-15 04:00:00,109.07501487315011,real
2026-01-15 04:05:00,109.15559534883721,real
2026-01-15 04:10:00,109.23617582452431,real
2026-01-15 04:15:00,109.31675630021141,real
2026-01-15 04:20:00,109.39733677589851,real
2026-01-15 04:25:00,109.47791725158562,real
2026-01-15 04:30:00,109.55849772727272,real
2026-01-15 04:35:00,109.63907820295984,real
2026-01-15 04:40:00,109.71965867864694,real
2026-01-15 04:45:00,109.80023915433404,real
2026-01-15 04:50:00,109.88081963002114,real
2026-01-15 04:55:00,109.96140010570824,real
2026-01-15 05:00:00,110.04198058139534,real
2026-01-15 05:05:00,110.12256105708245,real
2026-01-15 05:10:00,110.20314153276956,real
2026-01-15 05:15:00,110.28372200845666,real
2026-01-15 05:20:00,110.36430248414376,real
2026-01-15 05:25:00,110.44488295983086,real
2026-01-15 05:30:00,110.52546343551796,real
2026-01-15 05:35:00,110.60604391120506,real
2026-01-15 05:40:00,110.68662438689218,real
2026-01-15 05:45:00,110.76720486257928,real
2026-01-15 05:50:00,110.84778533826639,real
2026-01-15 05:55:00,110.92836581395349,real
2026-01-15 06:00:00,111.00894628964059,real
2026-01-15 06:05:00,111.08952676532769,real
2026-01-15 06:10:00,111.17010724101479,real
2026-01-15 06:15:00,111.25068771670189,real
2026-01-15 06:20:00,111.331268192389,real
2026-01-15 06:25:00,111.4118486680761,real
2026-01-15 06:30:00,111.49242914376322,real
2026-01-15 06:35:00,111.57300961945032,real
2026-01-15 06:40:00,111.65359009513742,real
2026-01-15 06:45:00,111.73417057082452,real
2026-01-15 06:50:00,111.81475104651162,real
2026-01-15 06:55:00,111.89533152219873,real
2026-01-15 07:00:00,111.97591199788583,real
2026-01-15 07:05:00,112.05649247357294,real
2026-01-15 07:10:00,112.13707294926004,real
2026-01-15 07:15:00,112.21765342494714,real
2026-01-15 07:20:00,112.29823390063424,real
2026-01-15 07:25:00,112.37881437632134,real
2026-01-15 07:30:00,112.45939485200844,real
2026-01-15 07:35:00,112.53997532769556,real
2026-01-15 07:40:00,112.62055580338266,real
2026-01-15 07:45:00,112.70113627906977,real
2026-01-15 07:50:00,112.78171675475687,real
2026-01-15 07:55:00,112.86229723044397,real
2026-01-15 08:00:00,112.94287770613107,real
2026-01-15 08:05:00,113.02345818181817,real
2026-01-15 08:10:00,113.10403865750528,real
2026-01-15 08:15:00,113.18461913319238,real
2026-01-15 08:20:00,113.2651996088795,real
2026-01-15 08:25:00,113.3457800845666,real
2026-01-15 08:30:00,113.4263605602537,real
2026-01-15 08:35:00,113.5069410359408,real
2026-01-15 08:40:00,113.5875215116279,real
2026-01-15 08:45:00,113.668101987315,real
2026-01-15 08:50:00,113.74868246300211,real
2026-01-15 08:55:00,113.82926293868921,real
2026-01-15 09:00:00,113.90984341437633,real
2026-01-15 09:05:00,113.99042389006343,real
2026-01-15 09:10:00,114.07100436575053,real
2026-01-15 09:15:00,114.15158484143763,real
2026-01-15 09:20:00,114.23216531712472,real
2026-01-15 09:25:00,114.31274579281184,real
2026-01-15 09:30:00,114.39332626849894,real
2026-01-15 09:35:00,114.47390674418605,real
2026-01-15 09:40:00,114.55448721987315,real
2026-01-15 09:45:00,114.63506769556025,real
2026-01-15 09:50:00,114.71564817124735,real
2026-01-15 09:55:00,114.79622864693445,real
2026-01-15 10:00:00,114.87680912262155,real
2026-01-15 10:05:00,114.95738959830865,real
2026-01-15 10:10:00,115.03797007399578,real
2026-01-15 10:15:00,115.11855054968288,real
2026-01-15 10:20:00,115.19913102536998,real
2026-01-15 10:25:00,115.27971150105708,real
2026-01-15 10:30:00,115.36029197674418,real
2026-01-15 10:35:00,115.44087245243128,real
2026-01-15 10:40:00,115.52145292811838,real
2026-01-15 10:45:00,115.6020334038055,real
2026-01-15 10:50:00,115.6826138794926,real
2026-01-15 10:55:00,115.7631943551797,real
2026-01-15 11:00:00,115.8437748308668,real
2026-01-15 11:05:00,115.9243553065539,real
2026-01-15 11:10:00,116.004935782241,real
2026-01-15 11:15:00,116.0855162579281,real
2026-01-15 11:20:00,116.1660967336152,real
2026-01-15 11:25:00,116.24667720930233,real
2026-01-15 11:30:00,116.32725768498943,real
2026-01-15 11:35:00,116.40783816067653,real
2026-01-15 11:40:00,116.48841863636363,real
2026-01-15 11:45:00,116.56899911205073,real
2026-01-15 11:50:00,116.64957958773783,real
2026-01-15 11:55:00,116.73016006342493,real
2026-01-15 12:00:00,116.81074053911206,real
2026-01-15 12:05:00,116.89132101479916,real
2026-01-15 12:10:00,116.97190149048626,real
2026-01-15 12:15:00,117.05248196617336,real
2026-01-15 12:20:00,117.13306244186046,real
2026-01-15 12:25:00,117.21364291754756,real
2026-01-15 12:30:00,117.29422339323466,real
2026-01-15 12:35:00,117.37480386892176,real
2026-01-15 12:40:00,117.45538434460889,real
2026-01-15 12:45:00,117.53596482029599,real
2026-01-15 12:50:00,117.61654529598309,real
2026-01-15 12:55:00,117.69712577167019,real
2026-01-15 13:00:00,117.77770624735729,real
2026-01-15 13:05:00,117.85828672304439,real
2026-01-15 13:10:00,117.93886719873149,real
2026-01-15 13:15:00,118.01944767441861,real
2026-01-15 13:20:00,118.10002815010571,real
2026-01-15 13:25:00,118.18060862579281,real
2026-01-15 13:30:00,118.26118910147991,real
2026-01-15 13:35:00,118.34176957716701,real
2026-01-15 13:40:00,118.42235005285411,real
2026-01-15 13:45:00,118.50293052854121,real
2026-01-15 13:50:00,118.58351100422831,real
2026-01-15 13:55:00,118.66409147991544,real
2026-01-15 14:00:00,118.74467195560254,real
2026-01-15 14:05:00,118.82525243128964,real
2026-01-15 14:10:00,118.90583290697674,real
2026-01-15 14:15:00,118.98641338266384,real
2026-01-15 14:20:00,119.06699385835094,real
2026-01-15 14:25:00,119.14757433403804,real
2026-01-15 14:30:00,119.22815480972517,real
2026-01-15 14:35:00,119.30873528541227,real
2026-01-15 14:40:00,119.38931576109937,real
2026-01-15 14:45:00,119.46989623678647,real
2026-01-15 14:50:00,119.55047671247357,real
2026-01-15 14:55:00,119.63105718816067,real
2026-01-15 15:00:00,119.71163766384777,real
2026-01-15 15:05:00,119.79221813953487,real
2026-01-15 15:10:00,119.872798615222,real
2026-01-15 15:15:00,119.9533790909091,real
2026-01-15 15:20:00,120.0339595665962,real
2026-01-15 15:25:00,120.1145400422833,real
2026-01-15 15:30:00,120.1951205179704,real
2026-01-15 15:35:00,120.2757009936575,real
2026-01-15 15:40:00,120.3562814693446,real
2026-01-15 15:45:00,120.43686194503172,real
2026-01-15 15:50:00,120.51744242071882,real
2026-01-15 15:55:00,120.59802289640592,real
2026-01-15 16:00:00,120.67860337209302,real
2026-01-15 16:05:00,120.75918384778012,real
2026-01-15 16:10:00,120.83976432346722,real
2026-01-15 16:15:00,120.92034479915432,real
2026-01-15 16:20:00,121.00092527484142,real
2026-01-15 16:25:00,121.08150575052855,real
2026-01-15 16:30:00,121.16208622621565,real
2026-01-15 16:35:00,121.24266670190275,real
2026-01-15 16:40:00,121.32324717758985,real
2026-01-15 16:45:00,121.40382765327695,real
2026-01-15 16:50:00,121.48440812896405,real
2026-01-15 16:55:00,121.56498860465115,real
2026-01-15 17:00:00,121.64556908033828,real
2026-01-15 17:05:00,121.72614955602538,real
2026-01-15 17:10:00,121.80673003171248,real
2026-01-15 17:15:00,121.88731050739958,real
2026-01-15 17:20:00,121.96789098308668,real
2026-01-15 17:25:00,122.04847145877378,real
2026-01-15 17:30:00,122.12905193446088,real
2026-01-15 17:35:00,122.20963241014798,real
2026-01-15 17:40:00,122.2902128858351,real
2026-01-15 17:45:00,122.3707933615222,real
2026-01-15 17:50:00,122.4513738372093,real
2026-01-15 17:55:00,122.5319543128964,real
2026-01-15 18:00:00,122.6125347885835,real
2026-01-15 18:05:00,122.6931152642706,real
2026-01-15 18:10:00,122.7736957399577,real
2026-01-15 18:15:00,122.85427621564483,real
2026-01-15 18:20:00,122.93485669133193,real
2026-01-15 18:25:00,123.01543716701903,real
2026-01-15 18:30:00,123.09601764270613,real
2026-01-15 18:35:00,123.17659811839323,real
2026-01-15 18:40:00,123.25717859408033,real
2026-01-15 18:45:00,123.33775906976743,real
2026-01-15 18:50:00,123.41833954545453,real
2026-01-15 18:55:00,123.49892002114166,real
2026-01-15 19:00:00,123.57950049682876,real
2026-01-15 19:05:00,123.66008097251586,real
2026-01-15 19:10:00,123.74066144820296,real
2026-01-15 19:15:00,123.82124192389006,real
2026-01-15 19:20:00,123.90182239957716,real
2026-01-15 19:25:00,123.98240287526426,real
2026-01-15 19:30:00,124.06298335095138,real
2026-01-15 19:35:00,124.14356382663848,real
2026-01-15 19:40:00,124.22414430232558,real
2026-01-15 19:45:00,124.30472477801268,real
2026-01-15 19:50:00,124.38530525369978,real
2026-01-15 19:55:00,124.46588572938688,real
2026-01-15 20:00:00,124.54646620507398,real
2026-01-15 20:05:00,124.62704668076108,real
2026-01-15 20:10:00,124.70762715644821,real
2026-01-15 20:15:00,124.78820763213531,real
2026-01-15 20:20:00,124.86878810782241,real
2026-01-15 20:25:00,124.94936858350951,real
2026-01-15 20:30:00,125.02994905919661,real
2026-01-15 20:35:00,125.11052953488371,real
2026-01-15 20:40:00,125.19111001057081,real
2026-01-15 20:45:00,125.27169048625794,real
2026-01-15 20:50:00,125.35227096194504,real
2026-01-15 20:55:00,125.43285143763214,real
2026-01-15 21:00:00,125.51343191331924,real
2026-01-15 21:05:00,125.59401238900634,real
2026-01-15 21:10:00,125.67459286469344,real
2026-01-15 21:15:00,125.75517334038054,real
2026-01-15 21:20:00,125.83575381606764,real
2026-01-15 21:25:00,125.91633429175477,real
2026-01-15 21:30:00,125.99691476744187,real
2026-01-15 21:35:00,126.07749524312896,real
2026-01-15 21:40:00,126.15807571881606,real
2026-01-15 21:45:00,126.23865619450316,real
2026-01-15 21:50:00,126.31923667019026,real
2026-01-15 21:55:00,126.39981714587736,real
2026-01-15 22:00:00,126.48039762156449,real
2026-01-15 22:05:00,126.56097809725159,real
2026-01-15 22:10:00,126.64155857293869,real
2026-01-15 22:15:00,126.72213904862579,real
2026-01-15 22:20:00,126.80271952431289,real
2026-01-15 22:25:00,126.8833,real
2026-01-15 22:30:00,114.53666000000001,real
2026-01-15 22:35:00,106.60999999999999,real
2026-01-15 22:40:00,105.38,real
2026-01-15 22:45:00,109.437475,real
2026-01-15 22:50:00,105.85866000000001,real
2026-01-15 22:55:00,105.933328,real
2026-01-15 23:00:00,105.696658,real
2026-01-15 23:05:00,77.01,real
2026-01-15 23:10:00,63.853332,real
2026-01-15 23:15:00,56.430004,real
2026-01-15 23:20:00,47.403334,real
2026-01-15 23:25:00,44.25,real
2026-01-15 23:30:00,38.71,real
2026-01-15 23:35:00,38.72743402767102,real
2026-01-15 23:40:00,38.744868055342046,real
2026-01-15 23:45:00,38.76230208301307,real
2026-01-15 23:50:00,38.77973611068409,real
2026-01-15 23:55:00,38.79717013835511,real
2026-01-16 00:00:00,38.814604166026136,real
2026-01-16 00:05:00,38.83203819369716,real
2026-01-16 00:10:00,38.84947222136818,real
2026-01-16 00:15:00,38.866906249039204,real
2026-01-16 00:20:00,38.884340276710226,real
2026-01-16 00:25:00,38.90177430438125,real
2026-01-16 00:30:00,38.91920833205227,real
2026-01-16 00:35:00,38.936642359723294,real
2026-01-16 00:40:00,38.954076387394316,real
2026-01-16 00:45:00,38.97151041506533,real
2026-01-16 00:50:00,38.988944442736354,real
2026-01-16 00:55:00,39.00637847040738,real
2026-01-16 01:00:00,39.0238124980784,real
2026-01-16 01:05:00,39.04124652574942,real
2026-01-16 01:10:00,39.058680553420444,real
2026-01-16 01:15:00,39.07611458109147,real
2026-01-16 01:20:00,39.09354860876249,real
2026-01-16 01:25:00,39.11098263643351,real
2026-01-16 01:30:00,39.128416664104535,real
2026-01-16 01:35:00,39.14585069177556,real
2026-01-16 01:40:00,39.16328471944658,real
2026-01-16 01:45:00,39.1807187471176,real
2026-01-16 01:50:00,39.198152774788625,real
2026-01-16 01:55:00,39.21558680245965,real
2026-01-16 02:00:00,39.23302083013067,real
2026-01-16 02:05:00,39.25045485780169,real
2026-01-16 02:10:00,39.267888885472715,real
2026-01-16 02:15:00,39.28532291314374,real
2026-01-16 02:20:00,39.30275694081476,real
2026-01-16 02:25:00,39.32019096848578,real
2026-01-16 02:30:00,39.337624996156805,real
2026-01-16 02:35:00,39.35505902382783,real
2026-01-16 02:40:00,39.37249305149885,real
2026-01-16 02:45:00,39.38992707916987,real
2026-01-16 02:50:00,39.407361106840895,real
2026-01-16 02:55:00,39.42479513451192,real
2026-01-16 03:00:00,39.44222916218294,real
2026-01-16 03:05:00,39.45966318985396,real
2026-01-16 03:10:00,39.47709721752498,real
2026-01-16 03:15:00,39.494531245196,real
2026-01-16 03:20:00,39.51196527286702,real
2026-01-16 03:25:00,39.529399300538046,real
2026-01-16 03:30:00,39.54683332820907,real
2026-01-16 03:35:00,39.56426735588009,real
2026-01-16 03:40:00,39.58170138355111,real
2026-01-16 03:45:00,39.599135411222136,real
2026-01-16 03:50:00,39.61656943889316,real
2026-01-16 03:55:00,39.63400346656418,real
2026-01-16 04:00:00,39.6514374942352,real
2026-01-16 04:05:00,39.668871521906226,real
2026-01-16 04:10:00,39.68630554957725,real
2026-01-16 04:15:00,39.70373957724827,real
2026-01-16 04:20:00,39.721173604919294,real
2026-01-16 04:25:00,39.738607632590316,real
2026-01-16 04:30:00,39.75604166026134,real
2026-01-16 04:35:00,39.77347568793236,real
2026-01-16 04:40:00,39.790909715603384,real
2026-01-16 04:45:00,39.808343743274406,real
2026-01-16 04:50:00,39.82577777094543,real
2026-01-16 04:55:00,39.84321179861645,real
2026-01-16 05:00:00,39.860645826287474,real
2026-01-16 05:05:00,39.878079853958496,real
2026-01-16 05:10:00,39.89551388162952,real
2026-01-16 05:15:00,39.91294790930054,real
2026-01-16 05:20:00,39.930381936971564,real
2026-01-16 05:25:00,39.94781596464259,real
2026-01-16 05:30:00,39.9652499923136,real
2026-01-16 05:35:00,39.982684019984625,real
2026-01-16 05:40:00,40.00011804765565,real
2026-01-16 05:45:00,40.01755207532667,real
2026-01-16 05:50:00,40.03498610299769,real
2026-01-16 05:55:00,40.052420130668715,real
2026-01-16 06:00:00,40.06985415833974,real
2026-01-16 06:05:00,40.08728818601076,real
2026-01-16 06:10:00,40.10472221368178,real
2026-01-16 06:15:00,40.122156241352805,real
2026-01-16 06:20:00,40.13959026902383,real
2026-01-16 06:25:00,40.15702429669485,real
2026-01-16 06:30:00,40.17445832436587,real
2026-01-16 06:35:00,40.191892352036895,real
2026-01-16 06:40:00,40.20932637970792,real
2026-01-16 06:45:00,40.22676040737894,real
2026-01-16 06:50:00,40.24419443504996,real
2026-01-16 06:55:00,40.261628462720985,real
2026-01-16 07:00:00,40.27906249039201,real
2026-01-16 07:05:00,40.29649651806303,real
2026-01-16 07:10:00,40.31393054573405,real
2026-01-16 07:15:00,40.331364573405075,real
2026-01-16 07:20:00,40.3487986010761,real
2026-01-16 07:25:00,40.36623262874712,real
2026-01-16 07:30:00,40.38366665641814,real
2026-01-16 07:35:00,40.401100684089165,real
2026-01-16 07:40:00,40.41853471176019,real
2026-01-16 07:45:00,40.43596873943121,real
2026-01-16 07:50:00,40.45340276710223,real
2026-01-16 07:55:00,40.47083679477325,real
2026-01-16 08:00:00,40.48827082244427,real
2026-01-16 08:05:00,40.50570485011529,real
2026-01-16 08:10:00,40.523138877786316,real
2026-01-16 08:15:00,40.54057290545734,real
2026-01-16 08:20:00,40.55800693312836,real
2026-01-16 08:25:00,40.575440960799384,real
2026-01-16 08:30:00,40.592874988470406,real
2026-01-16 08:35:00,40.61030901614143,real
2026-01-16 08:40:00,40.62774304381245,real
2026-01-16 08:45:00,40.645177071483474,real
2026-01-16 08:50:00,40.662611099154496,real
2026-01-16 08:55:00,40.68004512682552,real
2026-01-16 09:00:00,40.69747915449654,real
2026-01-16 09:05:00,40.714913182167564,real
2026-01-16 09:10:00,40.732347209838586,real
2026-01-16 09:15:00,40.74978123750961,real
2026-01-16 09:20:00,40.76721526518063,real
2026-01-16 09:25:00,40.784649292851654,real
2026-01-16 09:30:00,40.80208332052268,real
2026-01-16 09:35:00,40.8195173481937,real
2026-01-16 09:40:00,40.83695137586472,real
2026-01-16 09:45:00,40.854385403535744,real
2026-01-16 09:50:00,40.87181943120677,real
2026-01-16 09:55:00,40.88925345887779,real
2026-01-16 10:00:00,40.90668748654881,real
2026-01-16 10:05:00,40.924121514219834,real
2026-01-16 10:10:00,40.94155554189086,real
2026-01-16 10:15:00,40.95898956956188,real
2026-01-16 10:20:00,40.976423597232895,real
2026-01-16 10:25:00,40.99385762490392,real
2026-01-16 10:30:00,41.01129165257494,real
2026-01-16 10:35:00,41.02872568024596,real
2026-01-16 10:40:00,41.046159707916985,real
2026-01-16 10:45:00,41.06359373558801,real
2026-01-16 10:50:00,41.08102776325903,real
2026-01-16 10:55:00,41.09846179093005,real
2026-01-16 11:00:00,41.115895818601075,real
2026-01-16 11:05:00,41.1333298462721,real
2026-01-16 11:10:00,41.15076387394312,real
2026-01-16 11:15:00,41.16819790161414,real
2026-01-16 11:20:00,41.185631929285165,real
2026-01-16 11:25:00,41.20306595695619,real
2026-01-16 11:30:00,41.22049998462721,real
2026-01-16 11:35:00,41.23793401229823,real
2026-01-16 11:40:00,41.255368039969255,real
2026-01-16 11:45:00,41.27280206764028,real
2026-01-16 11:50:00,41.2902360953113,real
2026-01-16 11:55:00,41.30767012298232,real
2026-01-16 12:00:00,41.325104150653345,real
2026-01-16 12:05:00,41.34253817832437,real
2026-01-16 12:10:00,41.35997220599539,real
2026-01-16 12:15:00,41.37740623366641,real
2026-01-16 12:20:00,41.394840261337436,real
2026-01-16 12:25:00,41.41227428900846,real
2026-01-16 12:30:00,41.42970831667948,real
2026-01-16 12:35:00,41.4471423443505,real
2026-01-16 12:40:00,41.464576372021526,real
2026-01-16 12:45:00,41.48201039969254,real
2026-01-16 12:50:00,41.499444427363564,real
2026-01-16 12:55:00,41.516878455034586,real
2026-01-16 13:00:00,41.53431248270561,real
2026-01-16 13:05:00,41.55174651037663,real
2026-01-16 13:10:00,41.569180538047654,real
2026-01-16 13:15:00,41.586614565718676,real
2026-01-16 13:20:00,41.6040485933897,real
2026-01-16 13:25:00,41.62148262106072,real
2026-01-16 13:30:00,41.638916648731744,real
2026-01-16 13:35:00,41.65635067640277,real
2026-01-16 13:40:00,41.67378470407379,real
2026-01-16 13:45:00,41.69121873174481,real
2026-01-16 13:50:00,41.708652759415834,real
2026-01-16 13:55:00,41.72608678708686,real
2026-01-16 14:00:00,41.74352081475788,real
2026-01-16 14:05:00,41.7609548424289,real
2026-01-16 14:10:00,41.778388870099924,real
2026-01-16 14:15:00,41.79582289777095,real
2026-01-16 14:20:00,41.81325692544197,real
2026-01-16 14:25:00,41.83069095311299,real
2026-01-16 14:30:00,41.848124980784014,real
2026-01-16 14:35:00,41.86555900845504,real
2026-01-16 14:40:00,41.88299303612606,real
2026-01-16 14:45:00,41.90042706379708,real
2026-01-16 14:50:00,41.917861091468104,real
2026-01-16 14:55:00,41.93529511913913,real
2026-01-16 15:00:00,41.95272914681015,real
2026-01-16 15:05:00,41.97016317448117,real
2026-01-16 15:10:00,41.98759720215219,real
2026-01-16 15:15:00,42.00503122982321,real
2026-01-16 15:20:00,42.02246525749423,real
2026-01-16 15:25:00,42.039899285165255,real
2026-01-16 15:30:00,42.05733331283628,real
2026-01-16 15:35:00,42.0747673405073,real
2026-01-16 15:40:00,42.09220136817832,real
2026-01-16 15:45:00,42.109635395849345,real
2026-01-16 15:50:00,42.12706942352037,real
2026-01-16 15:55:00,42.14450345119139,real
2026-01-16 16:00:00,42.16193747886241,real
2026-01-16 16:05:00,42.179371506533435,real
2026-01-16 16:10:00,42.19680553420446,real
2026-01-16 16:15:00,42.21423956187548,real
2026-01-16 16:20:00,42.2316735895465,real
2026-01-16 16:25:00,42.249107617217526,real
2026-01-16 16:30:00,42.26654164488855,real
2026-01-16 16:35:00,42.28397567255957,real
2026-01-16 16:40:00,42.30140970023059,real
2026-01-16 16:45:00,42.318843727901616,real
2026-01-16 16:50:00,42.33627775557264,real
2026-01-16 16:55:00,42.35371178324366,real
2026-01-16 17:00:00,42.37114581091468,real
2026-01-16 17:05:00,42.388579838585706,real
2026-01-16 17:10:00,42.40601386625673,real
2026-01-16 17:15:00,42.42344789392775,real
2026-01-16 17:20:00,42.44088192159877,real
2026-01-16 17:25:00,42.458315949269796,real
2026-01-16 17:30:00,42.47574997694082,real
2026-01-16 17:35:00,42.493184004611834,real
2026-01-16 17:40:00,42.510618032282856,real
2026-01-16 17:45:00,42.52805205995388,real
2026-01-16 17:50:00,42.5454860876249,real
2026-01-16 17:55:00,42.562920115295924,real
2026-01-16 18:00:00,42.58035414296695,real
2026-01-16 18:05:00,42.59778817063797,real
2026-01-16 18:10:00,42.61522219830899,real
2026-01-16 18:15:00,42.632656225980014,real
2026-01-16 18:20:00,42.65009025365104,real
2026-01-16 18:25:00,42.66752428132206,real
2026-01-16 18:30:00,42.68495830899308,real
2026-01-16 18:35:00,42.702392336664104,real
2026-01-16 18:40:00,42.71982636433513,real
2026-01-16 18:45:00,42.73726039200615,real
2026-01-16 18:50:00,42.75469441967717,real
2026-01-16 18:55:00,42.772128447348194,real
2026-01-16 19:00:00,42.78956247501922,real
2026-01-16 19:05:00,42.80699650269024,real
2026-01-16 19:10:00,42.82443053036126,real
2026-01-16 19:15:00,42.841864558032285,real
2026-01-16 19:20:00,42.85929858570331,real
2026-01-16 19:25:00,42.87673261337433,real
2026-01-16 19:30:00,42.89416664104535,real
2026-01-16 19:35:00,42.911600668716375,real
2026-01-16 19:40:00,42.9290346963874,real
2026-01-16 19:45:00,42.94646872405842,real
2026-01-16 19:50:00,42.963902751729435,real
2026-01-16 19:55:00,42.981336779400465,real
2026-01-16 20:00:00,42.99877080707148,real
2026-01-16 20:05:00,43.01620483474251,real
2026-01-16 20:10:00,43.033638862413525,real
2026-01-16 20:15:00,43.05107289008455,real
2026-01-16 20:20:00,43.06850691775557,real
2026-01-16 20:25:00,43.08594094542659,real
2026-01-16 20:30:00,43.103374973097615,real
2026-01-16 20:35:00,43.12080900076864,real
2026-01-16 20:40:00,43.13824302843966,real
2026-01-16 20:45:00,43.15567705611068,real
2026-01-16 20:50:00,43.173111083781706,real
2026-01-16 20:55:00,43.19054511145273,real
2026-01-16 21:00:00,43.20797913912375,real
2026-01-16 21:05:00,43.22541316679477,real
2026-01-16 21:10:00,43.242847194465796,real
2026-01-16 21:15:00,43.26028122213682,real
2026-01-16 21:20:00,43.27771524980784,real
2026-01-16 21:25:00,43.29514927747886,real
2026-01-16 21:30:00,43.312583305149886,real
2026-01-16 21:35:00,43.33001733282091,real
2026-01-16 21:40:00,43.34745136049193,real
2026-01-16 21:45:00,43.36488538816295,real
2026-01-16 21:50:00,43.382319415833976,real
2026-01-16 21:55:00,43.399753443505,real
2026-01-16 22:00:00,43.41718747117602,real
2026-01-16 22:05:00,43.434621498847044,real
2026-01-16 22:10:00,43.452055526518066,real
2026-01-16 22:15:00,43.46948955418908,real
2026-01-16 22:20:00,43.48692358186011,real
2026-01-16 22:25:00,43.50435760953113,real
2026-01-16 22:30:00,43.52179163720215,real
2026-01-16 22:35:00,43.53922566487317,real
2026-01-16 22:40:00,43.556659692544194,real
2026-01-16 22:45:00,43.57409372021522,real
2026-01-16 22:50:00,43.59152774788624,real
2026-01-16 22:55:00,43.60896177555726,real
2026-01-16 23:00:00,43.626395803228284,real
2026-01-16 23:05:00,43.64382983089931,real
2026-01-16 23:10:00,43.66126385857033,real
2026-01-16 23:15:00,43.67869788624135,real
2026-01-16 23:20:00,43.696131913912375,real
2026-01-16 23:25:00,43.7135659415834,real
2026-01-16 23:30:00,43.73099996925442,real
2026-01-16 23:35:00,43.74843399692544,real
2026-01-16 23:40:00,43.765868024596465,real
2026-01-16 23:45:00,43.78330205226749,real
2026-01-16 23:50:00,43.80073607993851,real
2026-01-16 23:55:00,43.81817010760953,real
2026-01-17 00:00:00,43.835604135280555,real
2026-01-17 00:05:00,43.85303816295158,real
2026-01-17 00:10:00,43.8704721906226,real
2026-01-17 00:15:00,43.88790621829362,real
2026-01-17 00:20:00,43.905340245964645,real
2026-01-17 00:25:00,43.92277427363567,real
2026-01-17 00:30:00,43.94020830130669,real
2026-01-17 00:35:00,43.95764232897771,real
2026-01-17 00:40:00,43.97507635664873,real
2026-01-17 00:45:00,43.99251038431976,real
2026-01-17 00:50:00,44.00994441199077,real
2026-01-17 00:55:00,44.027378439661796,real
2026-01-17 01:00:00,44.04481246733282,real
2026-01-17 01:05:00,44.06224649500384,real
2026-01-17 01:10:00,44.07968052267486,real
2026-01-17 01:15:00,44.097114550345886,real
2026-01-17 01:20:00,44.11454857801691,real
2026-01-17 01:25:00,44.13198260568793,real
2026-01-17 01:30:00,44.14941663335895,real
2026-01-17 01:35:00,44.166850661029976,real
2026-01-17 01:40:00,44.184284688701,real
2026-01-17 01:45:00,44.20171871637202,real
2026-01-17 01:50:00,44.21915274404304,real
2026-01-17 01:55:00,44.236586771714066,real
2026-01-17 02:00:00,44.25402079938509,real
2026-01-17 02:05:00,44.27145482705611,real
2026-01-17 02:10:00,44.28888885472713,real
2026-01-17 02:15:00,44.306322882398156,real
2026-01-17 02:20:00,44.32375691006918,real
2026-01-17 02:25:00,44.3411909377402,real
2026-01-17 02:30:00,44.358624965411224,real
2026-01-17 02:35:00,44.376058993082246,real
2026-01-17 02:40:00,44.39349302075327,real
2026-01-17 02:45:00,44.41092704842429,real
2026-01-17 02:50:00,44.428361076095314,real
2026-01-17 02:55:00,44.445795103766336,real
2026-01-17 03:00:00,44.46322913143736,real
2026-01-17 03:05:00,44.480663159108374,real
2026-01-17 03:10:00,44.498097186779404,real
2026-01-17 03:15:00,44.51553121445042,real
2026-01-17 03:20:00,44.53296524212144,real
2026-01-17 03:25:00,44.550399269792464,real
2026-01-17 03:30:00,44.56783329746349,real
2026-01-17 03:35:00,44.58526732513451,real
2026-01-17 03:40:00,44.60270135280553,real
2026-01-17 03:45:00,44.620135380476555,real
2026-01-17 03:50:00,44.63756940814758,real
2026-01-17 03:55:00,44.6550034358186,real
2026-01-17 04:00:00,44.67243746348962,real
2026-01-17 04:05:00,44.689871491160645,real
2026-01-17 04:10:00,44.70730551883167,real
2026-01-17 04:15:00,44.72473954650269,real
2026-01-17 04:20:00,44.74217357417371,real
2026-01-17 04:25:00,44.759607601844735,real
2026-01-17 04:30:00,44.77704162951576,real
2026-01-17 04:35:00,44.79447565718678,real
2026-01-17 04:40:00,44.8119096848578,real
2026-01-17 04:45:00,44.829343712528825,real
2026-01-17 04:50:00,44.84677774019985,real
2026-01-17 04:55:00,44.86421176787087,real
2026-01-17 05:00:00,44.88164579554189,real
2026-01-17 05:05:00,44.899079823212915,real
2026-01-17 05:10:00,44.91651385088394,real
2026-01-17 05:15:00,44.93394787855496,real
2026-01-17 05:20:00,44.95138190622598,real
2026-01-17 05:25:00,44.968815933897005,real
2026-01-17 05:30:00,44.98624996156802,real
2026-01-17 05:35:00,45.00368398923905,real
2026-01-17 05:40:00,45.021118016910066,real
2026-01-17 05:45:00,45.03855204458109,real
2026-01-17 05:50:00,45.05598607225211,real
2026-01-17 05:55:00,45.07342009992313,real
2026-01-17 06:00:00,45.090854127594156,real
2026-01-17 06:05:00,45.10828815526518,real
2026-01-17 06:10:00,45.1257221829362,real
2026-01-17 06:15:00,45.14315621060722,real
2026-01-17 06:20:00,45.160590238278246,real
2026-01-17 06:25:00,45.17802426594927,real
2026-01-17 06:30:00,45.19545829362029,real
2026-01-17 06:35:00,45.212892321291314,real
2026-01-17 06:40:00,45.230326348962336,real
2026-01-17 06:45:00,45.24776037663336,real
2026-01-17 06:50:00,45.26519440430438,real
2026-01-17 06:55:00,45.282628431975404,real
2026-01-17 07:00:00,45.300062459646426,real
2026-01-17 07:05:00,45.31749648731745,real
2026-01-17 07:10:00,45.33493051498847,real
2026-01-17 07:15:00,45.352364542659494,real
2026-01-17 07:20:00,45.369798570330516,real
2026-01-17 07:25:00,45.38723259800154,real
2026-01-17 07:30:00,45.40466662567256,real
2026-01-17 07:35:00,45.422100653343584,real
2026-01-17 07:40:00,45.43953468101461,real
2026-01-17 07:45:00,45.45696870868563,real
2026-01-17 07:50:00,45.47440273635665,real
2026-01-17 07:55:00,45.49183676402767,real
2026-01-17 08:00:00,45.5092707916987,real
2026-01-17 08:05:00,45.52670481936971,real
2026-01-17 08:10:00,45.544138847040735,real
2026-01-17 08:15:00,45.56157287471176,real
2026-01-17 08:20:00,45.57900690238278,real
2026-01-17 08:25:00,45.5964409300538,real
2026-01-17 08:30:00,45.613874957724825,real
2026-01-17 08:35:00,45.63130898539585,real
2026-01-17 08:40:00,45.64874301306687,real
2026-01-17 08:45:00,45.66617704073789,real
2026-01-17 08:50:00,45.683611068408915,real
2026-01-17 08:55:00,45.70104509607994,real
2026-01-17 09:00:00,45.71847912375096,real
2026-01-17 09:05:00,45.73591315142198,real
2026-01-17 09:10:00,45.753347179093005,real
2026-01-17 09:15:00,45.77078120676403,real
2026-01-17 09:20:00,45.78821523443505,real
2026-01-17 09:25:00,45.80564926210607,real
2026-01-17 09:30:00,45.823083289777095,real
2026-01-17 09:35:00,45.84051731744812,real
2026-01-17 09:40:00,45.85795134511914,real
2026-01-17 09:45:00,45.87538537279016,real
2026-01-17 09:50:00,45.892819400461185,real
2026-01-17 09:55:00,45.91025342813221,real
2026-01-17 10:00:00,45.92768745580323,real
2026-01-17 10:05:00,45.94512148347425,real
2026-01-17 10:10:00,45.962555511145275,real
2026-01-17 10:15:00,45.9799895388163,real
2026-01-17 10:20:00,45.99742356648731,real
2026-01-17 10:25:00,46.01485759415834,real
2026-01-17 10:30:00,46.03229162182936,real
2026-01-17 10:35:00,46.04972564950038,real
2026-01-17 10:40:00,46.067159677171404,real
2026-01-17 10:45:00,46.084593704842426,real
2026-01-17 10:50:00,46.10202773251345,real
2026-01-17 10:55:00,46.11946176018447,real
2026-01-17 11:00:00,46.136895787855494,real
2026-01-17 11:05:00,46.154329815526516,real
2026-01-17 11:10:00,46.17176384319754,real
2026-01-17 11:15:00,46.18919787086856,real
2026-01-17 11:20:00,46.206631898539584,real
2026-01-17 11:25:00,46.224065926210606,real
2026-01-17 11:30:00,46.24149995388163,real
2026-01-17 11:35:00,46.25893398155265,real
2026-01-17 11:40:00,46.276368009223674,real
2026-01-17 11:45:00,46.2938020368947,real
2026-01-17 11:50:00,46.31123606456572,real
2026-01-17 11:55:00,46.32867009223674,real
2026-01-17 12:00:00,46.346104119907764,real
2026-01-17 12:05:00,46.36353814757879,real
2026-01-17 12:10:00,46.38097217524981,real
2026-01-17 12:15:00,46.39840620292083,real
2026-01-17 12:20:00,46.415840230591854,real
2026-01-17 12:25:00,46.43327425826288,real
2026-01-17 12:30:00,46.4507082859339,real
2026-01-17 12:35:00,46.46814231360492,real
2026-01-17 12:40:00,46.485576341275944,real
2026-01-17 12:45:00,46.50301036894696,real
2026-01-17 12:50:00,46.52044439661799,real
2026-01-17 12:55:00,46.537878424289005,real
2026-01-17 13:00:00,46.55531245196003,real
2026-01-17 13:05:00,46.57274647963105,real
2026-01-17 13:10:00,46.59018050730207,real
2026-01-17 13:15:00,46.607614534973095,real
2026-01-17 13:20:00,46.62504856264412,real
2026-01-17 13:25:00,46.64248259031514,real
2026-01-17 13:30:00,46.65991661798616,real
2026-01-17 13:35:00,46.677350645657185,real
2026-01-17 13:40:00,46.69478467332821,real
2026-01-17 13:45:00,46.71221870099923,real
2026-01-17 13:50:00,46.72965272867025,real
2026-01-17 13:55:00,46.747086756341275,real
2026-01-17 14:00:00,46.7645207840123,real
2026-01-17 14:05:00,46.78195481168332,real
2026-01-17 14:10:00,46.79938883935434,real
2026-01-17 14:15:00,46.816822867025365,real
2026-01-17 14:20:00,46.83425689469639,real
2026-01-17 14:25:00,46.85169092236741,real
2026-01-17 14:30:00,46.86912495003843,real
2026-01-17 14:35:00,46.886558977709456,real
2026-01-17 14:40:00,46.90399300538048,real
2026-01-17 14:45:00,46.9214270330515,real
2026-01-17 14:50:00,46.93886106072252,real
2026-01-17 14:55:00,46.956295088393546,real
2026-01-17 15:00:00,46.97372911606456,real
2026-01-17 15:05:00,46.99116314373559,real
2026-01-17 15:10:00,47.008597171406606,real
2026-01-17 15:15:00,47.026031199077636,real
2026-01-17 15:20:00,47.04346522674865,real
2026-01-17 15:25:00,47.06089925441968,real
2026-01-17 15:30:00,47.078333282090696,real
2026-01-17 15:35:00,47.09576730976172,real
2026-01-17 15:40:00,47.11320133743274,real
2026-01-17 15:45:00,47.130635365103764,real
2026-01-17 15:50:00,47.14806939277479,real
2026-01-17 15:55:00,47.16550342044581,real
2026-01-17 16:00:00,47.18293744811683,real
2026-01-17 16:05:00,47.200371475787854,real
2026-01-17 16:10:00,47.21780550345888,real
2026-01-17 16:15:00,47.2352395311299,real
2026-01-17 16:20:00,47.25267355880092,real
2026-01-17 16:25:00,47.270107586471944,real
2026-01-17 16:30:00,47.28754161414297,real
2026-01-17 16:35:00,47.30497564181399,real
2026-01-17 16:40:00,47.32240966948501,real
2026-01-17 16:45:00,47.339843697156034,real
2026-01-17 16:50:00,47.35727772482706,real
2026-01-17 16:55:00,47.37471175249808,real
2026-01-17 17:00:00,47.3921457801691,real
2026-01-17 17:05:00,47.409579807840124,real
2026-01-17 17:10:00,47.42701383551115,real
2026-01-17 17:15:00,47.44444786318217,real
2026-01-17 17:20:00,47.46188189085319,real
2026-01-17 17:25:00,47.47931591852421,real
2026-01-17 17:30:00,47.49674994619524,real
2026-01-17 17:35:00,47.51418397386625,real
2026-01-17 17:40:00,47.53161800153728,real
2026-01-17 17:45:00,47.5490520292083,real
2026-01-17 17:50:00,47.56648605687933,real
2026-01-17 17:55:00,47.58392008455034,real
2026-01-17 18:00:00,47.601354112221365,real
2026-01-17 18:05:00,47.61878813989239,real
2026-01-17 18:10:00,47.63622216756341,real
2026-01-17 18:15:00,47.65365619523443,real
2026-01-17 18:20:00,47.671090222905455,real
2026-01-17 18:25:00,47.68852425057648,real
2026-01-17 18:30:00,47.7059582782475,real
2026-01-17 18:35:00,47.72339230591852,real
2026-01-17 18:40:00,47.740826333589546,real
2026-01-17 18:45:00,47.75826036126057,real
2026-01-17 18:50:00,47.77569438893159,real
2026-01-17 18:55:00,47.79312841660261,real
2026-01-17 19:00:00,47.810562444273636,real
2026-01-17 19:05:00,47.82799647194466,real
2026-01-17 19:10:00,47.84543049961568,real
2026-01-17 19:15:00,47.8628645272867,real
2026-01-17 19:20:00,47.880298554957726,real
2026-01-17 19:25:00,47.89773258262875,real
2026-01-17 19:30:00,47.91516661029977,real
2026-01-17 19:35:00,47.93260063797079,real
2026-01-17 19:40:00,47.950034665641816,real
2026-01-17 19:45:00,47.96746869331284,real
2026-01-17 19:50:00,47.984902720983854,real
2026-01-17 19:55:00,48.00233674865488,real
2026-01-17 20:00:00,48.0197707763259,real
2026-01-17 20:05:00,48.03720480399693,real
2026-01-17 20:10:00,48.054638831667944,real
2026-01-17 20:15:00,48.072072859338974,real
2026-01-17 20:20:00,48.08950688700999,real
2026-01-17 20:25:00,48.10694091468101,real
2026-01-17 20:30:00,48.124374942352034,real
2026-01-17 20:35:00,48.14180897002306,real
2026-01-17 20:40:00,48.15924299769408,real
2026-01-17 20:45:00,48.1766770253651,real
2026-01-17 20:50:00,48.194111053036124,real
2026-01-17 20:55:00,48.21154508070715,real
2026-01-17 21:00:00,48.22897910837817,real
2026-01-17 21:05:00,48.24641313604919,real
2026-01-17 21:10:00,48.263847163720214,real
2026-01-17 21:15:00,48.28128119139124,real
2026-01-17 21:20:00,48.29871521906226,real
2026-01-17 21:25:00,48.31614924673328,real
2026-01-17 21:30:00,48.333583274404305,real
2026-01-17 21:35:00,48.35101730207533,real
2026-01-17 21:40:00,48.36845132974635,real
2026-01-17 21:45:00,48.38588535741737,real
2026-01-17 21:50:00,48.403319385088395,real
2026-01-17 21:55:00,48.42075341275942,real
2026-01-17 22:00:00,48.43818744043044,real
2026-01-17 22:05:00,48.45562146810146,real
2026-01-17 22:10:00,48.473055495772485,real
2026-01-17 22:15:00,48.4904895234435,real
2026-01-17 22:20:00,48.50792355111453,real
2026-01-17 22:25:00,48.525357578785545,real
2026-01-17 22:30:00,48.542791606456575,real
2026-01-17 22:35:00,48.56022563412759,real
2026-01-17 22:40:00,48.57765966179862,real
2026-01-17 22:45:00,48.595093689469635,real
2026-01-17 22:50:00,48.61252771714066,real
2026-01-17 22:55:00,48.62996174481168,real
2026-01-17 23:00:00,48.6473957724827,real
2026-01-17 23:05:00,48.664829800153726,real
2026-01-17 23:10:00,48.68226382782475,real
2026-01-17 23:15:00,48.69969785549577,real
2026-01-17 23:20:00,48.71713188316679,real
2026-01-17 23:25:00,48.734565910837816,real
2026-01-17 23:30:00,48.75199993850884,real
2026-01-17 23:35:00,48.76943396617986,real
2026-01-17 23:40:00,48.78686799385088,real
2026-01-17 23:45:00,48.804302021521906,real
2026-01-17 23:50:00,48.82173604919293,real
2026-01-17 23:55:00,48.83917007686395,real
2026-01-18 00:00:00,48.85660410453497,real
2026-01-18 00:05:00,48.874038132205996,real
2026-01-18 00:10:00,48.89147215987702,real
2026-01-18 00:15:00,48.90890618754804,real
2026-01-18 00:20:00,48.926340215219064,real
2026-01-18 00:25:00,48.943774242890086,real
2026-01-18 00:30:00,48.9612082705611,real
2026-01-18 00:35:00,48.97864229823213,real
2026-01-18 00:40:00,48.99607632590315,real
2026-01-18 00:45:00,49.013510353574176,real
2026-01-18 00:50:00,49.03094438124519,real
2026-01-18 00:55:00,49.04837840891622,real
2026-01-18 01:00:00,49.06581243658724,real
2026-01-18 01:05:00,49.083246464258266,real
2026-01-18 01:10:00,49.10068049192928,real
2026-01-18 01:15:00,49.118114519600304,real
2026-01-18 01:20:00,49.13554854727133,real
2026-01-18 01:25:00,49.15298257494235,real
2026-01-18 01:30:00,49.17041660261337,real
2026-01-18 01:35:00,49.187850630284395,real
2026-01-18 01:40:00,49.20528465795542,real
2026-01-18 01:45:00,49.22271868562644,real
2026-01-18 01:50:00,49.24015271329746,real
2026-01-18 01:55:00,49.257586740968485,real
2026-01-18 02:00:00,49.27502076863951,real
2026-01-18 02:05:00,49.29245479631053,real
2026-01-18 02:10:00,49.30988882398155,real
2026-01-18 02:15:00,49.327322851652575,real
2026-01-18 02:20:00,49.3447568793236,real
2026-01-18 02:25:00,49.36219090699462,real
2026-01-18 02:30:00,49.37962493466564,real
2026-01-18 02:35:00,49.397058962336665,real
2026-01-18 02:40:00,49.41449299000769,real
2026-01-18 02:45:00,49.43192701767871,real
2026-01-18 02:50:00,49.44936104534973,real
2026-01-18 02:55:00,49.46679507302075,real
2026-01-18 03:00:00,49.48422910069178,real
2026-01-18 03:05:00,49.50166312836279,real
2026-01-18 03:10:00,49.51909715603382,real
2026-01-18 03:15:00,49.53653118370484,real
2026-01-18 03:20:00,49.55396521137587,real
2026-01-18 03:25:00,49.57139923904688,real
2026-01-18 03:30:00,49.58883326671791,real
2026-01-18 03:35:00,49.60626729438893,real
2026-01-18 03:40:00,49.62370132205995,real
2026-01-18 03:45:00,49.64113534973097,real
2026-01-18 03:50:00,49.658569377401996,real
2026-01-18 03:55:00,49.67600340507302,real
2026-01-18 04:00:00,49.69343743274404,real
2026-01-18 04:05:00,49.71087146041506,real
2026-01-18 04:10:00,49.728305488086086,real
2026-01-18 04:15:00,49.74573951575711,real
2026-01-18 04:20:00,49.76317354342813,real
2026-01-18 04:25:00,49.780607571099154,real
2026-01-18 04:30:00,49.798041598770176,real
2026-01-18 04:35:00,49.8154756264412,real
2026-01-18 04:40:00,49.83290965411222,real
2026-01-18 04:45:00,49.850343681783244,real
2026-01-18 04:50:00,49.867777709454266,real
2026-01-18 04:55:00,49.88521173712529,real
2026-01-18 05:00:00,49.90264576479631,real
2026-01-18 05:05:00,49.920079792467334,real
2026-01-18 05:10:00,49.937513820138356,real
2026-01-18 05:15:00,49.95494784780938,real
2026-01-18 05:20:00,49.972381875480394,real
2026-01-18 05:25:00,49.989815903151424,real
2026-01-18 05:30:00,50.00724993082244,real
2026-01-18 05:35:00,50.02468395849347,real
2026-01-18 05:40:00,50.042117986164484,real
2026-01-18 05:45:00,50.059552013835514,real
2026-01-18 05:50:00,50.07698604150653,real
2026-01-18 05:55:00,50.09442006917755,real
2026-01-18 06:00:00,50.111854096848575,real
2026-01-18 06:05:00,50.1292881245196,real
2026-01-18 06:10:00,50.14672215219062,real
2026-01-18 06:15:00,50.16415617986164,real
2026-01-18 06:20:00,50.181590207532665,real
2026-01-18 06:25:00,50.19902423520369,real
2026-01-18 06:30:00,50.21645826287471,real
2026-01-18 06:35:00,50.23389229054573,real
2026-01-18 06:40:00,50.251326318216755,real
2026-01-18 06:45:00,50.26876034588778,real
2026-01-18 06:50:00,50.2861943735588,real
2026-01-18 06:55:00,50.30362840122982,real
2026-01-18 07:00:00,50.321062428900845,real
2026-01-18 07:05:00,50.33849645657187,real
2026-01-18 07:10:00,50.35593048424289,real
2026-01-18 07:15:00,50.37336451191391,real
2026-01-18 07:20:00,50.390798539584935,real
2026-01-18 07:25:00,50.40823256725596,real
2026-01-18 07:30:00,50.42566659492698,real
2026-01-18 07:35:00,50.443100622598,real
2026-01-18 07:40:00,50.460534650269025,real
2026-01-18 07:45:00,50.47796867794004,real
2026-01-18 07:50:00,50.49540270561107,real
2026-01-18 07:55:00,50.512836733282086,real
2026-01-18 08:00:00,50.530270760953115,real
2026-01-18 08:05:00,50.54770478862413,real
2026-01-18 08:10:00,50.56513881629516,real
2026-01-18 08:15:00,50.582572843966176,real
2026-01-18 08:20:00,50.6000068716372,real
2026-01-18 08:25:00,50.61744089930822,real
2026-01-18 08:30:00,50.63487492697924,real
2026-01-18 08:35:00,50.652308954650266,real
2026-01-18 08:40:00,50.66974298232129,real
2026-01-18 08:45:00,50.68717700999231,real
2026-01-18 08:50:00,50.704611037663334,real
2026-01-18 08:55:00,50.722045065334356,real
2026-01-18 09:00:00,50.73947909300538,real
2026-01-18 09:05:00,50.7569131206764,real
2026-01-18 09:10:00,50.774347148347424,real
2026-01-18 09:15:00,50.791781176018446,real
2026-01-18 09:20:00,50.80921520368947,real
2026-01-18 09:25:00,50.82664923136049,real
2026-01-18 09:30:00,50.844083259031514,real
2026-01-18 09:35:00,50.86151728670254,real
2026-01-18 09:40:00,50.87895131437356,real
2026-01-18 09:45:00,50.89638534204458,real
2026-01-18 09:50:00,50.913819369715604,real
2026-01-18 09:55:00,50.93125339738663,real
2026-01-18 10:00:00,50.94868742505765,real
2026-01-18 10:05:00,50.96612145272867,real
2026-01-18 10:10:00,50.98355548039969,real
2026-01-18 10:15:00,51.00098950807072,real
2026-01-18 10:20:00,51.01842353574173,real
2026-01-18 10:25:00,51.03585756341276,real
2026-01-18 10:30:00,51.05329159108378,real
2026-01-18 10:35:00,51.07072561875481,real
2026-01-18 10:40:00,51.08815964642582,real
2026-01-18 10:45:00,51.105593674096845,real
2026-01-18 10:50:00,51.12302770176787,real
2026-01-18 10:55:00,51.14046172943889,real
2026-01-18 11:00:00,51.15789575710991,real
2026-01-18 11:05:00,51.175329784780935,real
2026-01-18 11:10:00,51.19276381245196,real
2026-01-18 11:15:00,51.21019784012298,real
2026-01-18 11:20:00,51.227631867794,real
2026-01-18 11:25:00,51.245065895465025,real
2026-01-18 11:30:00,51.26249992313605,real
2026-01-18 11:35:00,51.27993395080707,real
2026-01-18 11:40:00,51.29736797847809,real
2026-01-18 11:45:00,51.314802006149115,real
2026-01-18 11:50:00,51.33223603382014,real
2026-01-18 11:55:00,51.34967006149116,real
2026-01-18 12:00:00,51.36710408916218,real
2026-01-18 12:05:00,51.384538116833205,real
2026-01-18 12:10:00,51.40197214450423,real
2026-01-18 12:15:00,51.41940617217525,real
2026-01-18 12:20:00,51.43684019984627,real
2026-01-18 12:25:00,51.454274227517296,real
2026-01-18 12:30:00,51.47170825518832,real
2026-01-18 12:35:00,51.48914228285933,real
2026-01-18 12:40:00,51.50657631053036,real
2026-01-18 12:45:00,51.52401033820138,real
2026-01-18 12:50:00,51.54144436587241,real
2026-01-18 12:55:00,51.558878393543424,real
2026-01-18 13:00:00,51.57631242121445,real
2026-01-18 13:05:00,51.59374644888547,real
2026-01-18 13:10:00,51.61118047655649,real
2026-01-18 13:15:00,51.628614504227514,real
2026-01-18 13:20:00,51.646048531898536,real
2026-01-18 13:25:00,51.66348255956956,real
2026-01-18 13:30:00,51.68091658724058,real
2026-01-18 13:35:00,51.698350614911604,real
2026-01-18 13:40:00,51.715784642582626,real
2026-01-18 13:45:00,51.73321867025365,real
2026-01-18 13:50:00,51.75065269792467,real
2026-01-18 13:55:00,51.768086725595694,real
2026-01-18 14:00:00,51.78552075326672,real
2026-01-18 14:05:00,51.80295478093774,real
2026-01-18 14:10:00,51.82038880860876,real
2026-01-18 14:15:00,51.837822836279784,real
2026-01-18 14:20:00,51.85525686395081,real
2026-01-18 14:25:00,51.87269089162183,real
2026-01-18 14:30:00,51.89012491929285,real
2026-01-18 14:35:00,51.907558946963874,real
2026-01-18 14:40:00,51.9249929746349,real
2026-01-18 14:45:00,51.94242700230592,real
2026-01-18 14:50:00,51.95986102997694,real
2026-01-18 14:55:00,51.977295057647964,real
2026-01-18 15:00:00,51.99472908531898,real
2026-01-18 15:05:00,52.01216311299001,real
2026-01-18 15:10:00,52.029597140661025,real
2026-01-18 15:15:00,52.047031168332055,real
2026-01-18 15:20:00,52.06446519600307,real
2026-01-18 15:25:00,52.0818992236741,real
2026-01-18 15:30:00,52.099333251345115,real
2026-01-18 15:35:00,52.11676727901614,real
2026-01-18 15:40:00,52.13420130668716,real
2026-01-18 15:45:00,52.15163533435818,real
2026-01-18 15:50:00,52.169069362029205,real
2026-01-18 15:55:00,52.18650338970023,real
2026-01-18 16:00:00,52.20393741737125,real
2026-01-18 16:05:00,52.22137144504227,real
2026-01-18 16:10:00,52.238805472713295,real
2026-01-18 16:15:00,52.25623950038432,real
2026-01-18 16:20:00,52.27367352805534,real
2026-01-18 16:25:00,52.29110755572636,real
2026-01-18 16:30:00,52.308541583397385,real
2026-01-18 16:35:00,52.32597561106841,real
2026-01-18 16:40:00,52.34340963873943,real
2026-01-18 16:45:00,52.36084366641045,real
2026-01-18 16:50:00,52.378277694081476,real
2026-01-18 16:55:00,52.3957117217525,real
2026-01-18 17:00:00,52.41314574942352,real
2026-01-18 17:05:00,52.43057977709454,real
2026-01-18 17:10:00,52.448013804765566,real
2026-01-18 17:15:00,52.46544783243659,real
2026-01-18 17:20:00,52.48288186010761,real
2026-01-18 17:25:00,52.500315887778626,real
2026-01-18 17:30:00,52.517749915449656,real
2026-01-18 17:35:00,52.53518394312067,real
2026-01-18 17:40:00,52.5526179707917,real
2026-01-18 17:45:00,52.570051998462716,real
2026-01-18 17:50:00,52.587486026133746,real
2026-01-18 17:55:00,52.60492005380476,real
2026-01-18 18:00:00,52.622354081475784,real
2026-01-18 18:05:00,52.63978810914681,real
2026-01-18 18:10:00,52.65722213681783,real
2026-01-18 18:15:00,52.67465616448885,real
2026-01-18 18:20:00,52.692090192159874,real
2026-01-18 18:25:00,52.7095242198309,real
2026-01-18 18:30:00,52.72695824750192,real
2026-01-18 18:35:00,52.74439227517294,real
2026-01-18 18:40:00,52.761826302843964,real
2026-01-18 18:45:00,52.77926033051499,real
2026-01-18 18:50:00,52.79669435818601,real
2026-01-18 18:55:00,52.81412838585703,real
2026-01-18 19:00:00,52.831562413528054,real
2026-01-18 19:05:00,52.84899644119908,real
2026-01-18 19:10:00,52.8664304688701,real
2026-01-18 19:15:00,52.88386449654112,real
2026-01-18 19:20:00,52.901298524212145,real
2026-01-18 19:25:00,52.91873255188317,real
2026-01-18 19:30:00,52.93616657955419,real
2026-01-18 19:35:00,52.95360060722521,real
2026-01-18 19:40:00,52.971034634896235,real
2026-01-18 19:45:00,52.98846866256726,real
2026-01-18 19:50:00,53.00590269023827,real
2026-01-18 19:55:00,53.0233367179093,real
2026-01-18 20:00:00,53.04077074558032,real
2026-01-18 20:05:00,53.05820477325135,real
2026-01-18 20:10:00,53.07563880092236,real
2026-01-18 20:15:00,53.09307282859339,real
2026-01-18 20:20:00,53.11050685626441,real
2026-01-18 20:25:00,53.12794088393543,real
2026-01-18 20:30:00,53.14537491160645,real
2026-01-18 20:35:00,53.162808939277475,real
2026-01-18 20:40:00,53.1802429669485,real
2026-01-18 20:45:00,53.19767699461952,real
2026-01-18 20:50:00,53.21511102229054,real
2026-01-18 20:55:00,53.232545049961566,real
2026-01-18 21:00:00,53.24997907763259,real
2026-01-18 21:05:00,53.26741310530361,real
2026-01-18 21:10:00,53.28484713297463,real
2026-01-18 21:15:00,53.302281160645656,real
2026-01-18 21:20:00,53.31971518831668,real
2026-01-18 21:25:00,53.3371492159877,real
2026-01-18 21:30:00,53.35458324365872,real
2026-01-18 21:35:00,53.372017271329746,real
2026-01-18 21:40:00,53.38945129900077,real
2026-01-18 21:45:00,53.40688532667179,real
2026-01-18 21:50:00,53.42431935434281,real
2026-01-18 21:55:00,53.441753382013836,real
2026-01-18 22:00:00,53.45918740968486,real
2026-01-18 22:05:00,53.47662143735588,real
2026-01-18 22:10:00,53.494055465026904,real
2026-01-18 22:15:00,53.51148949269792,real
2026-01-18 22:20:00,53.52892352036895,real
2026-01-18 22:25:00,53.546357548039964,real
2026-01-18 22:30:00,53.563791575710994,real
2026-01-18 22:35:00,53.58122560338201,real
2026-01-18 22:40:00,53.59865963105304,real
2026-01-18 22:45:00,53.616093658724054,real
2026-01-18 22:50:00,53.63352768639508,real
2026-01-18 22:55:00,53.6509617140661,real
2026-01-18 23:00:00,53.66839574173712,real
2026-01-18 23:05:00,53.685829769408144,real
2026-01-18 23:10:00,53.70326379707917,real
2026-01-18 23:15:00,53.72069782475019,real
2026-01-18 23:20:00,53.73813185242121,real
2026-01-18 23:25:00,53.755565880092234,real
2026-01-18 23:30:00,53.77299990776326,real
2026-01-18 23:35:00,53.79043393543428,real
2026-01-18 23:40:00,53.8078679631053,real
2026-01-18 23:45:00,53.825301990776325,real
2026-01-18 23:50:00,53.84273601844735,real
2026-01-18 23:55:00,53.86017004611837,real
2026-01-19 00:00:00,53.87760407378939,real
2026-01-19 00:05:00,53.895038101460415,real
2026-01-19 00:10:00,53.91247212913144,real
2026-01-19 00:15:00,53.92990615680246,real
2026-01-19 00:20:00,53.94734018447348,real
2026-01-19 00:25:00,53.964774212144505,real
2026-01-19 00:30:00,53.98220823981553,real
2026-01-19 00:35:00,53.99964226748655,real
2026-01-19 00:40:00,54.017076295157565,real
2026-01-19 00:45:00,54.034510322828595,real
2026-01-19 00:50:00,54.05194435049961,real
2026-01-19 00:55:00,54.06937837817064,real
2026-01-19 01:00:00,54.086812405841656,real
2026-01-19 01:05:00,54.104246433512685,real
2026-01-19 01:10:00,54.1216804611837,real
2026-01-19 01:15:00,54.13911448885472,real
2026-01-19 01:20:00,54.156548516525746,real
2026-01-19 01:25:00,54.17398254419677,real
2026-01-19 01:30:00,54.19141657186779,real
2026-01-19 01:35:00,54.20885059953881,real
2026-01-19 01:40:00,54.226284627209836,real
2026-01-19 01:45:00,54.24371865488086,real
2026-01-19 01:50:00,54.26115268255188,real
2026-01-19 01:55:00,54.2785867102229,real
2026-01-19 02:00:00,54.296020737893926,real
2026-01-19 02:05:00,54.31345476556495,real
2026-01-19 02:10:00,54.33088879323597,real
2026-01-19 02:15:00,54.34832282090699,real
2026-01-19 02:20:00,54.365756848578016,real
2026-01-19 02:25:00,54.38319087624904,real
2026-01-19 02:30:00,54.40062490392006,real
2026-01-19 02:35:00,54.418058931591084,real
2026-01-19 02:40:00,54.435492959262106,real
2026-01-19 02:45:00,54.45292698693313,real
2026-01-19 02:50:00,54.47036101460415,real
2026-01-19 02:55:00,54.487795042275174,real
2026-01-19 03:00:00,54.505229069946196,real
2026-01-19 03:05:00,54.52266309761721,real
2026-01-19 03:10:00,54.54009712528824,real
2026-01-19 03:15:00,54.55753115295926,real
2026-01-19 03:20:00,54.57496518063029,real
2026-01-19 03:25:00,54.5923992083013,real
2026-01-19 03:30:00,54.60983323597233,real
2026-01-19 03:35:00,54.62726726364335,real
2026-01-19 03:40:00,54.64470129131437,real
2026-01-19 03:45:00,54.66213531898539,real
2026-01-19 03:50:00,54.679569346656415,real
2026-01-19 03:55:00,54.69700337432744,real
2026-01-19 04:00:00,54.71443740199846,real
2026-01-19 04:05:00,54.73187142966948,real
2026-01-19 04:10:00,54.749305457340505,real
2026-01-19 04:15:00,54.76673948501153,real
2026-01-19 04:20:00,54.78417351268255,real
2026-01-19 04:25:00,54.80160754035357,real
2026-01-19 04:30:00,54.819041568024595,real
2026-01-19 04:35:00,54.83647559569562,real
2026-01-19 04:40:00,54.85390962336664,real
2026-01-19 04:45:00,54.87134365103766,real
2026-01-19 04:50:00,54.888777678708685,real
2026-01-19 04:55:00,54.90621170637971,real
2026-01-19 05:00:00,54.92364573405073,real
2026-01-19 05:05:00,54.94107976172175,real
2026-01-19 05:10:00,54.95851378939277,real
2026-01-19 05:15:00,54.9759478170638,real
2026-01-19 05:20:00,54.99338184473481,real
2026-01-19 05:25:00,55.01081587240584,real
2026-01-19 05:30:00,55.02824990007686,real
2026-01-19 05:35:00,55.04568392774789,real
2026-01-19 05:40:00,55.0631179554189,real
2026-01-19 05:45:00,55.08055198308993,real
2026-01-19 05:50:00,55.09798601076095,real
2026-01-19 05:55:00,55.11542003843198,real
2026-01-19 06:00:00,55.13285406610299,real
2026-01-19 06:05:00,55.15028809377402,real
2026-01-19 06:10:00,55.16772212144504,real
2026-01-19 06:15:00,55.18515614911607,real
2026-01-19 06:20:00,55.20259017678708,real
2026-01-19 06:25:00,55.220024204458106,real
2026-01-19 06:30:00,55.23745823212913,real
2026-01-19 06:35:00,55.25489225980015,real
2026-01-19 06:40:00,55.272326287471174,real
2026-01-19 06:45:00,55.289760315142196,real
2026-01-19 06:50:00,55.30719434281322,real
2026-01-19 06:55:00,55.32462837048424,real
2026-01-19 07:00:00,55.342062398155264,real
2026-01-19 07:05:00,55.359496425826286,real
2026-01-19 07:10:00,55.37693045349731,real
2026-01-19 07:15:00,55.39436448116833,real
2026-01-19 07:20:00,55.411798508839354,real
2026-01-19 07:25:00,55.429232536510376,real
2026-01-19 07:30:00,55.4466665641814,real
2026-01-19 07:35:00,55.464100591852414,real
2026-01-19 07:40:00,55.481534619523444,real
2026-01-19 07:45:00,55.49896864719446,real
2026-01-19 07:50:00,55.51640267486549,real
2026-01-19 07:55:00,55.533836702536505,real
2026-01-19 08:00:00,55.551270730207534,real
2026-01-19 08:05:00,55.56870475787855,real
2026-01-19 08:10:00,55.58613878554958,real
2026-01-19 08:15:00,55.603572813220595,real
2026-01-19 08:20:00,55.621006840891624,real
2026-01-19 08:25:00,55.63844086856264,real
2026-01-19 08:30:00,55.65587489623367,real
2026-01-19 08:35:00,55.673308923904685,real
2026-01-19 08:40:00,55.69074295157571,real
2026-01-19 08:45:00,55.70817697924673,real
2026-01-19 08:50:00,55.72561100691775,real
2026-01-19 08:55:00,55.743045034588775,real
2026-01-19 09:00:00,55.7604790622598,real
2026-01-19 09:05:00,55.77791308993082,real
2026-01-19 09:10:00,55.79534711760184,real
2026-01-19 09:15:00,55.812781145272865,real
2026-01-19 09:20:00,55.83021517294389,real
2026-01-19 09:25:00,55.84764920061491,real
2026-01-19 09:30:00,55.86508322828593,real
2026-01-19 09:35:00,55.882517255956955,real
2026-01-19 09:40:00,55.89995128362798,real
2026-01-19 09:45:00,55.917385311299,real
2026-01-19 09:50:00,55.93481933897002,real
2026-01-19 09:55:00,55.952253366641045,real
2026-01-19 10:00:00,55.96968739431206,real
2026-01-19 10:05:00,55.98712142198309,real
2026-01-19 10:10:00,56.004555449654106,real
2026-01-19 10:15:00,56.021989477325135,real
2026-01-19 10:20:00,56.03942350499615,real
2026-01-19 10:25:00,56.05685753266718,real
2026-01-19 10:30:00,56.074291560338196,real
2026-01-19 10:35:00,56.091725588009226,real
2026-01-19 10:40:00,56.10915961568024,real
2026-01-19 10:45:00,56.12659364335127,real
2026-01-19 10:50:00,56.144027671022286,real
2026-01-19 10:55:00,56.161461698693316,real
2026-01-19 11:00:00,56.17889572636433,real
2026-01-19 11:05:00,56.196329754035354,real
2026-01-19 11:10:00,56.213763781706376,real
2026-01-19 11:15:00,56.2311978093774,real
2026-01-19 11:20:00,56.24863183704842,real
2026-01-19 11:25:00,56.266065864719444,real
2026-01-19 11:30:00,56.283499892390466,real
2026-01-19 11:35:00,56.30093392006149,real
2026-01-19 11:40:00,56.31836794773251,real
2026-01-19 11:45:00,56.335801975403534,real
2026-01-19 11:50:00,56.35323600307456,real
2026-01-19 11:55:00,56.37067003074558,real
2026-01-19 12:00:00,56.3881040584166,real
2026-01-19 12:05:00,56.405538086087624,real
2026-01-19 12:10:00,56.42297211375865,real
2026-01-19 12:15:00,56.44040614142967,real
2026-01-19 12:20:00,56.45784016910069,real
2026-01-19 12:25:00,56.47527419677171,real
2026-01-19 12:30:00,56.49270822444274,real
2026-01-19 12:35:00,56.51014225211375,real
2026-01-19 12:40:00,56.52757627978478,real
2026-01-19 12:45:00,56.5450103074558,real
2026-01-19 12:50:00,56.56244433512683,real
2026-01-19 12:55:00,56.57987836279784,real
2026-01-19 13:00:00,56.59731239046887,real
2026-01-19 13:05:00,56.61474641813989,real
2026-01-19 13:10:00,56.63218044581092,real
2026-01-19 13:15:00,56.64961447348193,real
2026-01-19 13:20:00,56.66704850115296,real
2026-01-19 13:25:00,56.68448252882398,real
2026-01-19 13:30:00,56.701916556495,real
2026-01-19 13:35:00,56.71935058416602,real
2026-01-19 13:40:00,56.736784611837045,real
2026-01-19 13:45:00,56.75421863950807,real
2026-01-19 13:50:00,56.77165266717909,real
2026-01-19 13:55:00,56.78908669485011,real
2026-01-19 14:00:00,56.806520722521135,real
2026-01-19 14:05:00,56.82395475019216,real
2026-01-19 14:10:00,56.84138877786318,real
2026-01-19 14:15:00,56.8588228055342,real
2026-01-19 14:20:00,56.876256833205225,real
2026-01-19 14:25:00,56.89369086087625,real
2026-01-19 14:30:00,56.91112488854727,real
2026-01-19 14:35:00,56.92855891621829,real
2026-01-19 14:40:00,56.945992943889316,real
2026-01-19 14:45:00,56.96342697156034,real
2026-01-19 14:50:00,56.98086099923135,real
2026-01-19 14:55:00,56.99829502690238,real
2026-01-19 15:00:00,57.0157290545734,real
2026-01-19 15:05:00,57.03316308224443,real
2026-01-19 15:10:00,57.050597109915444,real
2026-01-19 15:15:00,57.06803113758647,real
2026-01-19 15:20:00,57.08546516525749,real
2026-01-19 15:25:00,57.10289919292852,real
2026-01-19 15:30:00,57.120333220599534,real
2026-01-19 15:35:00,57.13776724827056,real
2026-01-19 15:40:00,57.15520127594158,real
2026-01-19 15:45:00,57.17263530361261,real
2026-01-19 15:50:00,57.190069331283624,real
2026-01-19 15:55:00,57.207503358954646,real
2026-01-19 16:00:00,57.22493738662567,real
2026-01-19 16:05:00,57.24237141429669,real
2026-01-19 16:10:00,57.259805441967714,real
2026-01-19 16:15:00,57.27723946963874,real
2026-01-19 16:20:00,57.29467349730976,real
2026-01-19 16:25:00,57.31210752498078,real
2026-01-19 16:30:00,57.329541552651804,real
2026-01-19 16:35:00,57.34697558032283,real
2026-01-19 16:40:00,57.36440960799385,real
2026-01-19 16:45:00,57.38184363566487,real
2026-01-19 16:50:00,57.399277663335894,real
2026-01-19 16:55:00,57.41671169100692,real
2026-01-19 17:00:00,57.43414571867794,real
2026-01-19 17:05:00,57.451579746348955,real
2026-01-19 17:10:00,57.469013774019984,real
2026-01-19 17:15:00,57.486447801691,real
2026-01-19 17:20:00,57.50388182936203,real
2026-01-19 17:25:00,57.521315857033045,real
2026-01-19 17:30:00,57.538749884704075,real
2026-01-19 17:35:00,57.55618391237509,real
2026-01-19 17:40:00,57.57361794004612,real
2026-01-19 17:45:00,57.591051967717135,real
2026-01-19 17:50:00,57.608485995388165,real
2026-01-19 17:55:00,57.62592002305918,real
2026-01-19 18:00:00,57.64335405073021,real
2026-01-19 18:05:00,57.660788078401225,real
2026-01-19 18:10:00,57.678222106072255,real
2026-01-19 18:15:00,57.69565613374327,real
2026-01-19 18:20:00,57.71309016141429,real
2026-01-19 18:25:00,57.730524189085315,real
2026-01-19 18:30:00,57.74795821675634,real
2026-01-19 18:35:00,57.76539224442736,real
2026-01-19 18:40:00,57.78282627209838,real
2026-01-19 18:45:00,57.800260299769405,real
2026-01-19 18:50:00,57.81769432744043,real
2026-01-19 18:55:00,57.83512835511145,real
2026-01-19 19:00:00,57.85256238278247,real
2026-01-19 19:05:00,57.869996410453496,real
2026-01-19 19:10:00,57.88743043812452,real
2026-01-19 19:15:00,57.90486446579554,real
2026-01-19 19:20:00,57.92229849346656,real
2026-01-19 19:25:00,57.939732521137586,real
2026-01-19 19:30:00,57.9571665488086,real
2026-01-19 19:35:00,57.97460057647963,real
2026-01-19 19:40:00,57.992034604150646,real
2026-01-19 19:45:00,58.009468631821676,real
2026-01-19 19:50:00,58.02690265949269,real
2026-01-19 19:55:00,58.04433668716372,real
2026-01-19 20:00:00,58.061770714834736,real
2026-01-19 20:05:00,58.079204742505766,real
2026-01-19 20:10:00,58.09663877017678,real
2026-01-19 20:15:00,58.11407279784781,real
2026-01-19 20:20:00,58.13150682551883,real
2026-01-19 20:25:00,58.148940853189856,real
2026-01-19 20:30:00,58.16637488086087,real
2026-01-19 20:35:00,58.1838089085319,real
2026-01-19 20:40:00,58.20124293620292,real
2026-01-19 20:45:00,58.21867696387394,real
2026-01-19 20:50:00,58.23611099154496,real
2026-01-19 20:55:00,58.253545019215984,real
2026-01-19 21:00:00,58.27097904688701,real
2026-01-19 21:05:00,58.28841307455803,real
2026-01-19 21:10:00,58.30584710222905,real
2026-01-19 21:15:00,58.323281129900074,real
2026-01-19 21:20:00,58.3407151575711,real
2026-01-19 21:25:00,58.35814918524212,real
2026-01-19 21:30:00,58.37558321291314,real
2026-01-19 21:35:00,58.393017240584165,real
2026-01-19 21:40:00,58.41045126825519,real
2026-01-19 21:45:00,58.42788529592621,real
2026-01-19 21:50:00,58.44531932359723,real
2026-01-19 21:55:00,58.46275335126825,real
2026-01-19 22:00:00,58.48018737893928,real
2026-01-19 22:05:00,58.49762140661029,real
2026-01-19 22:10:00,58.51505543428132,real
2026-01-19 22:15:00,58.53248946195234,real
2026-01-19 22:20:00,58.54992348962337,real
2026-01-19 22:25:00,58.56735751729438,real
2026-01-19 22:30:00,58.58479154496541,real
2026-01-19 22:35:00,58.60222557263643,real
2026-01-19 22:40:00,58.61965960030746,real
2026-01-19 22:45:00,58.63709362797847,real
2026-01-19 22:50:00,58.6545276556495,real
2026-01-19 22:55:00,58.67196168332052,real
2026-01-19 23:00:00,58.68939571099155,real
2026-01-19 23:05:00,58.70682973866256,real
2026-01-19 23:10:00,58.724263766333586,real
2026-01-19 23:15:00,58.74169779400461,real
2026-01-19 23:20:00,58.75913182167563,real
2026-01-19 23:25:00,58.77656584934665,real
2026-01-19 23:30:00,58.793999877017676,real
2026-01-19 23:35:00,58.8114339046887,real
2026-01-19 23:40:00,58.82886793235972,real
2026-01-19 23:45:00,58.84630196003074,real
2026-01-19 23:50:00,58.863735987701766,real
2026-01-19 23:55:00,58.88117001537279,real
2026-01-20 00:00:00,58.89860404304381,real
2026-01-20 00:05:00,58.91603807071483,real
2026-01-20 00:10:00,58.933472098385856,real
2026-01-20 00:15:00,58.95090612605688,real
2026-01-20 00:20:00,58.968340153727894,real
2026-01-20 00:25:00,58.985774181398924,real
2026-01-20 00:30:00,59.00320820906994,real
2026-01-20 00:35:00,59.02064223674097,real
2026-01-20 00:40:00,59.038076264411984,real
2026-01-20 00:45:00,59.055510292083014,real
2026-01-20 00:50:00,59.07294431975403,real
2026-01-20 00:55:00,59.09037834742506,real
2026-01-20 01:00:00,59.107812375096074,real
2026-01-20 01:05:00,59.125246402767104,real
2026-01-20 01:10:00,59.14268043043812,real
2026-01-20 01:15:00,59.16011445810915,real
2026-01-20 01:20:00,59.177548485780164,real
2026-01-20 01:25:00,59.194982513451194,real
2026-01-20 01:30:00,59.21241654112221,real
2026-01-20 01:35:00,59.22985056879323,real
2026-01-20 01:40:00,59.247284596464254,real
2026-01-20 01:45:00,59.26471862413528,real
2026-01-20 01:50:00,59.2821526518063,real
2026-01-20 01:55:00,59.29958667947732,real
2026-01-20 02:00:00,59.317020707148345,real
2026-01-20 02:05:00,59.33445473481937,real
2026-01-20 02:10:00,59.35188876249039,real
2026-01-20 02:15:00,59.36932279016141,real
2026-01-20 02:20:00,59.386756817832435,real
2026-01-20 02:25:00,59.40419084550346,real
2026-01-20 02:30:00,59.42162487317448,real
2026-01-20 02:35:00,59.4390589008455,real
2026-01-20 02:40:00,59.456492928516525,real
2026-01-20 02:45:00,59.47392695618754,real
2026-01-20 02:50:00,59.49136098385857,real
2026-01-20 02:55:00,59.508795011529585,real
2026-01-20 03:00:00,59.526229039200615,real
2026-01-20 03:05:00,59.54366306687163,real
2026-01-20 03:10:00,59.56109709454266,real
2026-01-20 03:15:00,59.578531122213676,real
2026-01-20 03:20:00,59.595965149884705,real
2026-01-20 03:25:00,59.61339917755572,real
2026-01-20 03:30:00,59.63083320522675,real
2026-01-20 03:35:00,59.648267232897766,real
2026-01-20 03:40:00,59.665701260568795,real
2026-01-20 03:45:00,59.68313528823981,real
2026-01-20 03:50:00,59.70056931591084,real
2026-01-20 03:55:00,59.718003343581856,real
2026-01-20 04:00:00,59.73543737125288,real
2026-01-20 04:05:00,59.7528713989239,real
2026-01-20 04:10:00,59.77030542659492,real
2026-01-20 04:15:00,59.787739454265946,real
2026-01-20 04:20:00,59.80517348193697,real
2026-01-20 04:25:00,59.82260750960799,real
2026-01-20 04:30:00,59.84004153727901,real
2026-01-20 04:35:00,59.857475564950036,real
2026-01-20 04:40:00,59.87490959262106,real
2026-01-20 04:45:00,59.89234362029208,real
2026-01-20 04:50:00,59.909777647963104,real
2026-01-20 04:55:00,59.927211675634126,real
2026-01-20 05:00:00,59.94464570330515,real
2026-01-20 05:05:00,59.96207973097617,real
2026-01-20 05:10:00,59.97951375864719,real
2026-01-20 05:15:00,59.996947786318216,real
2026-01-20 05:20:00,60.01438181398923,real
2026-01-20 05:25:00,60.03181584166026,real
2026-01-20 05:30:00,60.04924986933128,real
2026-01-20 05:35:00,60.06668389700231,real
2026-01-20 05:40:00,60.08411792467332,real
2026-01-20 05:45:00,60.10155195234435,real
2026-01-20 05:50:00,60.11898598001537,real
2026-01-20 05:55:00,60.1364200076864,real
2026-01-20 06:00:00,60.15385403535741,real
2026-01-20 06:05:00,60.17128806302844,real
2026-01-20 06:10:00,60.18872209069946,real
2026-01-20 06:15:00,60.20615611837049,real
2026-01-20 06:20:00,60.2235901460415,real
2026-01-20 06:25:00,60.241024173712525,real
2026-01-20 06:30:00,60.25845820138355,real
2026-01-20 06:35:00,60.27589222905457,real
2026-01-20 06:40:00,60.29332625672559,real
2026-01-20 06:45:00,60.310760284396615,real
2026-01-20 06:50:00,60.32819431206764,real
2026-01-20 06:55:00,60.34562833973866,real
2026-01-20 07:00:00,60.36306236740968,real
2026-01-20 07:05:00,60.380496395080705,real
2026-01-20 07:10:00,60.39793042275173,real
2026-01-20 07:15:00,60.41536445042275,real
2026-01-20 07:20:00,60.43279847809377,real
2026-01-20 07:25:00,60.450232505764795,real
2026-01-20 07:30:00,60.46766653343582,real
2026-01-20 07:35:00,60.48510056110683,real
2026-01-20 07:40:00,60.50253458877786,real
2026-01-20 07:45:00,60.51996861644888,real
2026-01-20 07:50:00,60.53740264411991,real
2026-01-20 07:55:00,60.55483667179092,real
2026-01-20 08:00:00,60.57227069946195,real
2026-01-20 08:05:00,60.58970472713297,real
2026-01-20 08:10:00,60.607138754804,real
2026-01-20 08:15:00,60.62457278247501,real
2026-01-20 08:20:00,60.64200681014604,real
2026-01-20 08:25:00,60.65944083781706,real
2026-01-20 08:30:00,60.67687486548809,real
2026-01-20 08:35:00,60.6943088931591,real
2026-01-20 08:40:00,60.71174292083013,real
2026-01-20 08:45:00,60.72917694850115,real
2026-01-20 08:50:00,60.74661097617217,real
2026-01-20 08:55:00,60.764045003843194,real
2026-01-20 09:00:00,60.781479031514216,real
2026-01-20 09:05:00,60.79891305918524,real
2026-01-20 09:10:00,60.81634708685626,real
2026-01-20 09:15:00,60.833781114527284,real
2026-01-20 09:20:00,60.851215142198306,real
2026-01-20 09:25:00,60.86864916986933,real
2026-01-20 09:30:00,60.88608319754035,real
2026-01-20 09:35:00,60.903517225211374,real
2026-01-20 09:40:00,60.920951252882396,real
2026-01-20 09:45:00,60.93838528055342,real
2026-01-20 09:50:00,60.95581930822444,real
2026-01-20 09:55:00,60.973253335895464,real
2026-01-20 10:00:00,60.99068736356648,real
2026-01-20 10:05:00,61.00812139123751,real
2026-01-20 10:10:00,61.025555418908525,real
2026-01-20 10:15:00,61.042989446579554,real
2026-01-20 10:20:00,61.06042347425057,real
2026-01-20 10:25:00,61.0778575019216,real
2026-01-20 10:30:00,61.095291529592615,real
2026-01-20 10:35:00,61.112725557263644,real
2026-01-20 10:40:00,61.13015958493466,real
2026-01-20 10:45:00,61.14759361260569,real
2026-01-20 10:50:00,61.165027640276705,real
2026-01-20 10:55:00,61.182461667947734,real
2026-01-20 11:00:00,61.19989569561875,real
2026-01-20 11:05:00,61.21732972328978,real
2026-01-20 11:10:00,61.234763750960795,real
2026-01-20 11:15:00,61.25219777863182,real
2026-01-20 11:20:00,61.26963180630284,real
2026-01-20 11:25:00,61.28706583397386,real
2026-01-20 11:30:00,61.304499861644885,real
2026-01-20 11:35:00,61.32193388931591,real
2026-01-20 11:40:00,61.33936791698693,real
2026-01-20 11:45:00,61.35680194465795,real
2026-01-20 11:50:00,61.374235972328975,real
2026-01-20 11:55:00,61.39167,real
2026-01-20 12:00:00,60.466668000000006,real
2026-01-20 12:05:00,54.98333,real
2026-01-20 12:10:00,63.81667,real
2026-01-20 12:15:00,65.91499999999999,real
2026-01-20 12:20:00,68.926664,real
2026-01-20 12:25:00,62.410000000000004,real
2026-01-20 12:30:00,56.093334000000006,real
2026-01-20 12:35:00,50.8999975,real
2026-01-20 12:40:00,61.353332,real
2026-01-20 12:45:00,52.63333,real
2026-01-20 12:50:00,55.47052315789474,real
2026-01-20 12:55:00,58.30771631578948,real
2026-01-20 13:00:00,61.14490947368421,real
2026-01-20 13:05:00,63.98210263157895,real
2026-01-20 13:10:00,66.81929578947368,real
2026-01-20 13:15:00,69.65648894736842,real
2026-01-20 13:20:00,72.49368210526316,real
2026-01-20 13:25:00,75.33087526315789,real
2026-01-20 13:30:00,78.16806842105264,real
2026-01-20 13:35:00,81.00526157894737,real
2026-01-20 13:40:00,83.84245473684211,real
2026-01-20 13:45:00,86.67964789473685,real
2026-01-20 13:50:00,89.51684105263158,real
2026-01-20 13:55:00,92.35403421052632,real
2026-01-20 14:00:00,95.19122736842105,real
2026-01-20 14:05:00,98.02842052631578,real
2026-01-20 14:10:00,100.86561368421053,real
2026-01-20 14:15:00,103.70280684210528,real
2026-01-20 14:20:00,106.54,real
2026-01-20 14:25:00,95.900002,real
2026-01-20 14:30:00,97.01668,real
2026-01-20 14:35:00,97.305825,real
2026-01-20 14:40:00,92.173338,real
2026-01-20 14:45:00,39.6499994,real
2026-01-20 14:50:00,87.309998,real
2026-01-20 14:55:00,83.95666800000001,real
2026-01-20 15:00:00,85.04333,real
2026-01-20 15:05:00,80.06666600000001,real
2026-01-20 15:10:00,79.229996,real
2026-01-20 15:15:00,78.833336,real
2026-01-20 15:20:00,69.713334,real
2026-01-20 15:25:00,68.6,real
2026-01-20 15:30:00,116.54333999999999,real
2026-01-20 15:35:00,108.180014,real
2026-01-20 15:40:00,95.016665,real
2026-01-20 15:45:00,88.7549995,real
2026-01-20 15:50:00,82.493334,real
2026-01-20 15:55:00,81.73651442201836,real
2026-01-20 16:00:00,80.9796948440367,real
2026-01-20 16:05:00,80.22287526605506,real
2026-01-20 16:10:00,79.4660556880734,real
2026-01-20 16:15:00,78.70923611009175,real
2026-01-20 16:20:00,77.95241653211009,real
2026-01-20 16:25:00,77.19559695412845,real
2026-01-20 16:30:00,76.43877737614679,real
2026-01-20 16:35:00,75.68195779816514,real
2026-01-20 16:40:00,74.92513822018348,real
2026-01-20 16:45:00,74.16831864220184,real
2026-01-20 16:50:00,73.41149906422018,real
2026-01-20 16:55:00,72.65467948623854,real
2026-01-20 17:00:00,71.89785990825689,real
2026-01-20 17:05:00,71.14104033027523,real
2026-01-20 17:10:00,70.38422075229359,real
2026-01-20 17:15:00,69.62740117431193,real
2026-01-20 17:20:00,68.87058159633028,real
2026-01-20 17:25:00,68.11376201834862,real
2026-01-20 17:30:00,67.35694244036698,real
2026-01-20 17:35:00,66.60012286238532,real
2026-01-20 17:40:00,65.84330328440367,real
2026-01-20 17:45:00,65.08648370642203,real
2026-01-20 17:50:00,64.32966412844037,real
2026-01-20 17:55:00,63.57284455045872,real
2026-01-20 18:00:00,62.81602497247707,real
2026-01-20 18:05:00,62.059205394495415,real
2026-01-20 18:10:00,61.30238581651376,real
2026-01-20 18:15:00,60.54556623853211,real
2026-01-20 18:20:00,59.78874666055046,real
2026-01-20 18:25:00,59.031927082568814,real
2026-01-20 18:30:00,58.275107504587154,real
2026-01-20 18:35:00,57.51828792660551,real
2026-01-20 18:40:00,56.76146834862385,real
2026-01-20 18:45:00,56.004648770642206,real
2026-01-20 18:50:00,55.247829192660554,real
2026-01-20 18:55:00,54.4910096146789,real
2026-01-20 19:00:00,53.73419003669725,real
2026-01-20 19:05:00,52.9773704587156,real
2026-01-20 19:10:00,52.220550880733946,real
2026-01-20 19:15:00,51.463731302752294,real
2026-01-20 19:20:00,50.70691172477064,real
2026-01-20 19:25:00,49.95009214678899,real
2026-01-20 19:30:00,49.19327256880734,real
2026-01-20 19:35:00,48.436452990825686,real
2026-01-20 19:40:00,47.67963341284404,real
2026-01-20 19:45:00,46.92281383486239,real
2026-01-20 19:50:00,46.16599425688074,real
2026-01-20 19:55:00,45.409174678899085,real
2026-01-20 20:00:00,44.65235510091743,real
2026-01-20 20:05:00,43.89553552293578,real
2026-01-20 20:10:00,43.13871594495413,real
2026-01-20 20:15:00,42.38189636697248,real
2026-01-20 20:20:00,41.625076788990825,real
2026-01-20 20:25:00,40.86825721100917,real
2026-01-20 20:30:00,40.11143763302752,real
2026-01-20 20:35:00,39.35461805504587,real
2026-01-20 20:40:00,38.59779847706422,real
2026-01-20 20:45:00,37.84097889908257,real
2026-01-20 20:50:00,37.08415932110092,real
2026-01-20 20:55:00,36.32733974311927,real
2026-01-20 21:00:00,35.570520165137616,real
2026-01-20 21:05:00,34.813700587155964,real
2026-01-20 21:10:00,34.05688100917431,real
2026-01-20 21:15:00,33.30006143119266,real
2026-01-20 21:20:00,32.54324185321101,real
2026-01-20 21:25:00,31.786422275229356,real
2026-01-20 21:30:00,31.029602697247704,real
2026-01-20 21:35:00,30.27278311926605,real
2026-01-20 21:40:00,29.5159635412844,real
2026-01-20 21:45:00,28.759143963302748,real
2026-01-20 21:50:00,28.002324385321103,real
2026-01-20 21:55:00,27.24550480733945,real
2026-01-20 22:00:00,26.4886852293578,real
2026-01-20 22:05:00,25.731865651376147,real
2026-01-20 22:10:00,24.975046073394495,real
2026-01-20 22:15:00,24.218226495412843,real
2026-01-20 22:20:00,23.46140691743119,real
2026-01-20 22:25:00,22.70458733944954,real
2026-01-20 22:30:00,21.947767761467887,real
2026-01-20 22:35:00,21.190948183486235,real
2026-01-20 22:40:00,20.434128605504583,real
2026-01-20 22:45:00,19.67730902752293,real
2026-01-20 22:50:00,18.92048944954128,real
2026-01-20 22:55:00,18.163669871559634,real
2026-01-20 23:00:00,17.406850293577975,real
2026-01-20 23:05:00,16.65003071559633,real
2026-01-20 23:10:00,15.89321113761467,real
2026-01-20 23:15:00,15.136391559633026,real
2026-01-20 23:20:00,14.379571981651367,real
2026-01-20 23:25:00,13.622752403669722,real
2026-01-20 23:30:00,12.865932825688077,real
2026-01-20 23:35:00,12.109113247706418,real
2026-01-20 23:40:00,11.352293669724773,real
2026-01-20 23:45:00,10.595474091743114,real
2026-01-20 23:50:00,9.838654513761469,real
2026-01-20 23:55:00,9.08183493577981,real
2026-01-21 00:00:00,8.325015357798165,real
2026-01-21 00:05:00,7.568195779816506,real
2026-01-21 00:10:00,6.811376201834861,real
2026-01-21 00:15:00,6.054556623853202,real
2026-01-21 00:20:00,5.297737045871557,real
2026-01-21 00:25:00,4.540917467889898,real
2026-01-21 00:30:00,3.784097889908253,real
2026-01-21 00:35:00,3.027278311926608,real
2026-01-21 00:40:00,2.270458733944949,real
2026-01-21 00:45:00,1.513639155963304,real
2026-01-21 00:50:00,0.7568195779816449,real
2026-01-21 00:55:00,0.0,real
2026-01-21 01:00:00,0.0,real
2026-01-21 01:05:00,0.0,real
2026-01-21 01:10:00,0.2680473372781065,real
2026-01-21 01:15:00,0.536094674556213,real
2026-01-21 01:20:00,0.8041420118343194,real
2026-01-21 01:25:00,1.072189349112426,real
2026-01-21 01:30:00,1.3402366863905324,real
2026-01-21 01:35:00,1.6082840236686389,real
2026-01-21 01:40:00,1.8763313609467454,real
2026-01-21 01:45:00,2.144378698224852,real
2026-01-21 01:50:00,2.4124260355029583,real
2026-01-21 01:55:00,2.680473372781065,real
2026-01-21 02:00:00,2.9485207100591713,real
2026-01-21 02:05:00,3.2165680473372777,real
2026-01-21 02:10:00,3.4846153846153842,real
2026-01-21 02:15:00,3.7526627218934907,real
2026-01-21 02:20:00,4.020710059171598,real
2026-01-21 02:25:00,4.288757396449704,real
2026-01-21 02:30:00,4.556804733727811,real
2026-01-21 02:35:00,4.824852071005917,real
2026-01-21 02:40:00,5.0928994082840235,real
2026-01-21 02:45:00,5.36094674556213,real
2026-01-21 02:50:00,5.6289940828402365,real
2026-01-21 02:55:00,5.8970414201183425,real
2026-01-21 03:00:00,6.1650887573964495,real
2026-01-21 03:05:00,6.4331360946745555,real
2026-01-21 03:10:00,6.701183431952662,real
2026-01-21 03:15:00,6.9692307692307685,real
2026-01-21 03:20:00,7.237278106508875,real
2026-01-21 03:25:00,7.505325443786981,real
2026-01-21 03:30:00,7.773372781065088,real
2026-01-21 03:35:00,8.041420118343195,real
2026-01-21 03:40:00,8.309467455621302,real
2026-01-21 03:45:00,8.577514792899407,real
2026-01-21 03:50:00,8.845562130177514,real
2026-01-21 03:55:00,9.113609467455621,real
2026-01-21 04:00:00,9.381656804733728,real
2026-01-21 04:05:00,9.649704142011833,real
2026-01-21 04:10:00,9.91775147928994,real
2026-01-21 04:15:00,10.185798816568047,real
2026-01-21 04:20:00,10.453846153846154,real
2026-01-21 04:25:00,10.72189349112426,real
2026-01-21 04:30:00,10.989940828402366,real
2026-01-21 04:35:00,11.257988165680473,real
2026-01-21 04:40:00,11.52603550295858,real
2026-01-21 04:45:00,11.794082840236685,real
2026-01-21 04:50:00,12.062130177514792,real
2026-01-21 04:55:00,12.330177514792899,real
2026-01-21 05:00:00,12.598224852071006,real
2026-01-21 05:05:00,12.866272189349111,real
2026-01-21 05:10:00,13.134319526627218,real
2026-01-21 05:15:00,13.402366863905325,real
2026-01-21 05:20:00,13.670414201183432,real
2026-01-21 05:25:00,13.938461538461537,real
2026-01-21 05:30:00,14.206508875739644,real
2026-01-21 05:35:00,14.47455621301775,real
2026-01-21 05:40:00,14.742603550295858,real
2026-01-21 05:45:00,15.010650887573963,real
2026-01-21 05:50:00,15.27869822485207,real
2026-01-21 05:55:00,15.546745562130177,real
2026-01-21 06:00:00,15.814792899408284,real
2026-01-21 06:05:00,16.08284023668639,real
2026-01-21 06:10:00,16.350887573964496,real
2026-01-21 06:15:00,16.618934911242604,real
2026-01-21 06:20:00,16.88698224852071,real
2026-01-21 06:25:00,17.155029585798815,real
2026-01-21 06:30:00,17.423076923076923,real
2026-01-21 06:35:00,17.69112426035503,real
2026-01-21 06:40:00,17.959171597633134,real
2026-01-21 06:45:00,18.227218934911242,real
2026-01-21 06:50:00,18.495266272189347,real
2026-01-21 06:55:00,18.763313609467456,real
2026-01-21 07:00:00,19.03136094674556,real
2026-01-21 07:05:00,19.299408284023666,real
2026-01-21 07:10:00,19.567455621301775,real
2026-01-21 07:15:00,19.83550295857988,real
2026-01-21 07:20:00,20.103550295857985,real
2026-01-21 07:25:00,20.371597633136094,real
2026-01-21 07:30:00,20.6396449704142,real
2026-01-21 07:35:00,20.907692307692308,real
2026-01-21 07:40:00,21.175739644970413,real
2026-01-21 07:45:00,21.44378698224852,real
2026-01-21 07:50:00,21.711834319526627,real
2026-01-21 07:55:00,21.979881656804732,real
2026-01-21 08:00:00,22.247928994082837,real
2026-01-21 08:05:00,22.515976331360946,real
2026-01-21 08:10:00,22.78402366863905,real
2026-01-21 08:15:00,23.05207100591716,real
2026-01-21 08:20:00,23.320118343195265,real
2026-01-21 08:25:00,23.58816568047337,real
2026-01-21 08:30:00,23.85621301775148,real
2026-01-21 08:35:00,24.124260355029584,real
2026-01-21 08:40:00,24.392307692307693,real
2026-01-21 08:45:00,24.660355029585798,real
2026-01-21 08:50:00,24.928402366863903,real
2026-01-21 08:55:00,25.19644970414201,real
2026-01-21 09:00:00,25.464497041420117,real
2026-01-21 09:05:00,25.732544378698222,real
2026-01-21 09:10:00,26.00059171597633,real
2026-01-21 09:15:00,26.268639053254436,real
2026-01-21 09:20:00,26.536686390532545,real
2026-01-21 09:25:00,26.80473372781065,real
2026-01-21 09:30:00,27.072781065088755,real
2026-01-21 09:35:00,27.340828402366864,real
2026-01-21 09:40:00,27.60887573964497,real
2026-01-21 09:45:00,27.876923076923074,real
2026-01-21 09:50:00,28.144970414201183,real
2026-01-21 09:55:00,28.413017751479288,real
2026-01-21 10:00:00,28.681065088757396,real
2026-01-21 10:05:00,28.9491124260355,real
2026-01-21 10:10:00,29.217159763313607,real
2026-01-21 10:15:00,29.485207100591715,real
2026-01-21 10:20:00,29.75325443786982,real
2026-01-21 10:25:00,30.021301775147926,real
2026-01-21 10:30:00,30.289349112426034,real
2026-01-21 10:35:00,30.55739644970414,real
2026-01-21 10:40:00,30.825443786982248,real
2026-01-21 10:45:00,31.093491124260353,real
2026-01-21 10:50:00,31.36153846153846,real
2026-01-21 10:55:00,31.629585798816567,real
2026-01-21 11:00:00,31.897633136094672,real
2026-01-21 11:05:00,32.16568047337278,real
2026-01-21 11:10:00,32.433727810650886,real
2026-01-21 11:15:00,32.70177514792899,real
2026-01-21 11:20:00,32.9698224852071,real
2026-01-21 11:25:00,33.23786982248521,real
2026-01-21 11:30:00,33.505917159763314,real
2026-01-21 11:35:00,33.77396449704142,real
2026-01-21 11:40:00,34.042011834319524,real
2026-01-21 11:45:00,34.31005917159763,real
2026-01-21 11:50:00,34.578106508875734,real
2026-01-21 11:55:00,34.84615384615385,real
2026-01-21 12:00:00,35.11420118343195,real
2026-01-21 12:05:00,35.38224852071006,real
2026-01-21 12:10:00,35.65029585798816,real
2026-01-21 12:15:00,35.91834319526627,real
2026-01-21 12:20:00,36.18639053254438,real
2026-01-21 12:25:00,36.454437869822485,real
2026-01-21 12:30:00,36.72248520710059,real
2026-01-21 12:35:00,36.990532544378695,real
2026-01-21 12:40:00,37.2585798816568,real
2026-01-21 12:45:00,37.52662721893491,real
2026-01-21 12:50:00,37.79467455621302,real
2026-01-21 12:55:00,38.06272189349112,real
2026-01-21 13:00:00,38.33076923076923,real
2026-01-21 13:05:00,38.59881656804733,real
2026-01-21 13:10:00,38.86686390532544,real
2026-01-21 13:15:00,39.13491124260355,real
2026-01-21 13:20:00,39.402958579881656,real
2026-01-21 13:25:00,39.67100591715976,real
2026-01-21 13:30:00,39.939053254437866,real
2026-01-21 13:35:00,40.20710059171597,real
2026-01-21 13:40:00,40.47514792899408,real
2026-01-21 13:45:00,40.74319526627219,real
2026-01-21 13:50:00,41.01124260355029,real
2026-01-21 13:55:00,41.2792899408284,real
2026-01-21 14:00:00,41.547337278106504,real
2026-01-21 14:05:00,41.815384615384616,real
2026-01-21 14:10:00,42.08343195266272,real
2026-01-21 14:15:00,42.351479289940826,real
2026-01-21 14:20:00,42.61952662721893,real
2026-01-21 14:25:00,42.88757396449704,real
2026-01-21 14:30:00,43.15562130177515,real
2026-01-21 14:35:00,43.423668639053254,real
2026-01-21 14:40:00,43.69171597633136,real
2026-01-21 14:45:00,43.959763313609464,real
2026-01-21 14:50:00,44.22781065088757,real
2026-01-21 14:55:00,44.495857988165675,real
2026-01-21 15:00:00,44.76390532544379,real
2026-01-21 15:05:00,45.03195266272189,real
2026-01-21 15:10:00,45.3,real
2026-01-21 15:15:00,45.3,real
2026-01-21 15:20:00,22.65,real
2026-01-21 15:25:00,0.0,real
2026-01-21 15:30:00,0.0,real
2026-01-21 15:35:00,0.0,real
2026-01-21 15:40:00,0.0,real
2026-01-21 15:45:00,0.0,real
2026-01-21 15:50:00,0.0,real
2026-01-21 15:55:00,0.0,real
2026-01-21 16:00:00,0.0,real
2026-01-21 16:05:00,0.0,real
2026-01-21 16:10:00,0.0,real
2026-01-21 16:15:00,0.0,real
2026-01-21 16:20:00,0.0,real
2026-01-21 16:25:00,0.32511698595146865,real
2026-01-21 16:30:00,0.6502339719029373,real
2026-01-21 16:35:00,0.9753509578544061,real
2026-01-21 16:40:00,1.3004679438058746,real
2026-01-21 16:45:00,1.6255849297573435,real
2026-01-21 16:50:00,1.9507019157088121,real
2026-01-21 16:55:00,2.275818901660281,real
2026-01-21 17:00:00,2.600935887611749,real
2026-01-21 17:05:00,2.926052873563218,real
2026-01-21 17:10:00,3.251169859514687,real
2026-01-21 17:15:00,3.5762868454661554,real
2026-01-21 17:20:00,3.9014038314176243,real
2026-01-21 17:25:00,4.226520817369093,real
2026-01-21 17:30:00,4.551637803320562,real
2026-01-21 17:35:00,4.87675478927203,real
2026-01-21 17:40:00,5.201871775223498,real
2026-01-21 17:45:00,5.526988761174968,real
2026-01-21 17:50:00,5.852105747126436,real
2026-01-21 17:55:00,6.177222733077905,real
2026-01-21 18:00:00,6.502339719029374,real
2026-01-21 18:05:00,6.827456704980842,real
2026-01-21 18:10:00,7.152573690932311,real
2026-01-21 18:15:00,7.477690676883779,real
2026-01-21 18:20:00,7.8028076628352485,real
2026-01-21 18:25:00,8.127924648786717,real
2026-01-21 18:30:00,8.453041634738186,real
2026-01-21 18:35:00,8.778158620689654,real
2026-01-21 18:40:00,9.103275606641123,real
2026-01-21 18:45:00,9.428392592592592,real
2026-01-21 18:50:00,9.75350957854406,real
2026-01-21 18:55:00,10.07862656449553,real
2026-01-21 19:00:00,10.403743550446997,real
2026-01-21 19:05:00,10.728860536398466,real
2026-01-21 19:10:00,11.053977522349935,real
2026-01-21 19:15:00,11.379094508301403,real
2026-01-21 19:20:00,11.704211494252872,real
2026-01-21 19:25:00,12.029328480204342,real
2026-01-21 19:30:00,12.35444546615581,real
2026-01-21 19:35:00,12.679562452107279,real
2026-01-21 19:40:00,13.004679438058748,real
2026-01-21 19:45:00,13.329796424010215,real
2026-01-21 19:50:00,13.654913409961685,real
2026-01-21 19:55:00,13.980030395913154,real
2026-01-21 20:00:00,14.305147381864622,real
2026-01-21 20:05:00,14.63026436781609,real
2026-01-21 20:10:00,14.955381353767558,real
2026-01-21 20:15:00,15.280498339719028,real
2026-01-21 20:20:00,15.605615325670497,real
2026-01-21 20:25:00,15.930732311621965,real
2026-01-21 20:30:00,16.255849297573434,real
2026-01-21 20:35:00,16.5809662835249,real
2026-01-21 20:40:00,16.906083269476373,real
2026-01-21 20:45:00,17.23120025542784,real
2026-01-21 20:50:00,17.556317241379308,real
2026-01-21 20:55:00,17.88143422733078,real
2026-01-21 21:00:00,18.206551213282246,real
2026-01-21 21:05:00,18.531668199233714,real
2026-01-21 21:10:00,18.856785185185185,real
2026-01-21 21:15:00,19.181902171136652,real
2026-01-21 21:20:00,19.50701915708812,real
2026-01-21 21:25:00,19.83213614303959,real
2026-01-21 21:30:00,20.15725312899106,real
2026-01-21 21:35:00,20.482370114942526,real
2026-01-21 21:40:00,20.807487100893994,real
2026-01-21 21:45:00,21.132604086845465,real
2026-01-21 21:50:00,21.457721072796932,real
2026-01-21 21:55:00,21.7828380587484,real
2026-01-21 22:00:00,22.10795504469987,real
2026-01-21 22:05:00,22.43307203065134,real
2026-01-21 22:10:00,22.758189016602806,real
2026-01-21 22:15:00,23.083306002554277,real
2026-01-21 22:20:00,23.408422988505745,real
2026-01-21 22:25:00,23.733539974457212,real
2026-01-21 22:30:00,24.058656960408683,real
2026-01-21 22:35:00,24.38377394636015,real
2026-01-21 22:40:00,24.70889093231162,real
2026-01-21 22:45:00,25.03400791826309,real
2026-01-21 22:50:00,25.359124904214557,real
2026-01-21 22:55:00,25.684241890166025,real
2026-01-21 23:00:00,26.009358876117496,real
2026-01-21 23:05:00,26.334475862068963,real
2026-01-21 23:10:00,26.65959284802043,real
2026-01-21 23:15:00,26.984709833971902,real
2026-01-21 23:20:00,27.30982681992337,real
2026-01-21 23:25:00,27.634943805874837,real
2026-01-21 23:30:00,27.960060791826308,real
2026-01-21 23:35:00,28.285177777777776,real
2026-01-21 23:40:00,28.610294763729243,real
2026-01-21 23:45:00,28.93541174968071,real
2026-01-21 23:50:00,29.26052873563218,real
2026-01-21 23:55:00,29.58564572158365,real
2026-01-22 00:00:00,29.910762707535117,real
2026-01-22 00:05:00,30.235879693486588,real
2026-01-22 00:10:00,30.560996679438055,real
2026-01-22 00:15:00,30.886113665389523,real
2026-01-22 00:20:00,31.211230651340994,real
2026-01-22 00:25:00,31.53634763729246,real
2026-01-22 00:30:00,31.86146462324393,real
2026-01-22 00:35:00,32.1865816091954,real
2026-01-22 00:40:00,32.51169859514687,real
2026-01-22 00:45:00,32.836815581098335,real
2026-01-22 00:50:00,33.1619325670498,real
2026-01-22 00:55:00,33.48704955300127,real
2026-01-22 01:00:00,33.812166538952745,real
2026-01-22 01:05:00,34.13728352490421,real
2026-01-22 01:10:00,34.46240051085568,real
2026-01-22 01:15:00,34.78751749680715,real
2026-01-22 01:20:00,35.112634482758615,real
2026-01-22 01:25:00,35.43775146871008,real
2026-01-22 01:30:00,35.76286845466156,real
2026-01-22 01:35:00,36.087985440613025,real
2026-01-22 01:40:00,36.41310242656449,real
2026-01-22 01:45:00,36.73821941251596,real
2026-01-22 01:50:00,37.06333639846743,real
2026-01-22 01:55:00,37.388453384418895,real
2026-01-22 02:00:00,37.71357037037037,real
2026-01-22 02:05:00,38.03868735632184,real
2026-01-22 02:10:00,38.363804342273305,real
2026-01-22 02:15:00,38.68892132822477,real
2026-01-22 02:20:00,39.01403831417624,real
2026-01-22 02:25:00,39.33915530012771,real
2026-01-22 02:30:00,39.66427228607918,real
2026-01-22 02:35:00,39.98938927203065,real
2026-01-22 02:40:00,40.31450625798212,real
2026-01-22 02:45:00,40.639623243933585,real
2026-01-22 02:50:00,40.96474022988505,real
2026-01-22 02:55:00,41.28985721583652,real
2026-01-22 03:00:00,41.61497420178799,real
2026-01-22 03:05:00,41.94009118773946,real
2026-01-22 03:10:00,42.26520817369093,real
2026-01-22 03:15:00,42.5903251596424,real
2026-01-22 03:20:00,42.915442145593865,real
2026-01-22 03:25:00,43.24055913154533,real
2026-01-22 03:30:00,43.5656761174968,real
2026-01-22 03:35:00,43.890793103448274,real
2026-01-22 03:40:00,44.21591008939974,real
2026-01-22 03:45:00,44.54102707535121,real
2026-01-22 03:50:00,44.86614406130268,real
2026-01-22 03:55:00,45.191261047254145,real
2026-01-22 04:00:00,45.51637803320561,real
2026-01-22 04:05:00,45.84149501915709,real
2026-01-22 04:10:00,46.166612005108554,real
2026-01-22 04:15:00,46.49172899106002,real
2026-01-22 04:20:00,46.81684597701149,real
2026-01-22 04:25:00,47.14196296296296,real
2026-01-22 04:30:00,47.467079948914424,real
2026-01-22 04:35:00,47.7921969348659,real
2026-01-22 04:40:00,48.11731392081737,real
2026-01-22 04:45:00,48.442430906768834,real
2026-01-22 04:50:00,48.7675478927203,real
2026-01-22 04:55:00,49.09266487867177,real
2026-01-22 05:00:00,49.41778186462324,real
2026-01-22 05:05:00,49.742898850574704,real
2026-01-22 05:10:00,50.06801583652618,real
2026-01-22 05:15:00,50.39313282247765,real
2026-01-22 05:20:00,50.718249808429114,real
2026-01-22 05:25:00,51.04336679438058,real
2026-01-22 05:30:00,51.36848378033205,real
2026-01-22 05:35:00,51.69360076628352,real
2026-01-22 05:40:00,52.01871775223499,real
2026-01-22 05:45:00,52.34383473818646,real
2026-01-22 05:50:00,52.668951724137926,real
2026-01-22 05:55:00,52.994068710089394,real
2026-01-22 06:00:00,53.31918569604086,real
2026-01-22 06:05:00,53.64430268199233,real
2026-01-22 06:10:00,53.969419667943804,real
2026-01-22 06:15:00,54.29453665389527,real
2026-01-22 06:20:00,54.61965363984674,real
2026-01-22 06:25:00,54.944770625798206,real
2026-01-22 06:30:00,55.269887611749674,real
2026-01-22 06:35:00,55.59500459770114,real
2026-01-22 06:40:00,55.920121583652616,real
2026-01-22 06:45:00,56.24523856960408,real
2026-01-22 06:50:00,56.57035555555555,real
2026-01-22 06:55:00,56.89547254150702,real
2026-01-22 07:00:00,57.220589527458486,real
2026-01-22 07:05:00,57.545706513409954,real
2026-01-22 07:10:00,57.87082349936142,real
2026-01-22 07:15:00,58.195940485312896,real
2026-01-22 07:20:00,58.52105747126436,real
2026-01-22 07:25:00,58.84617445721583,real
2026-01-22 07:30:00,59.1712914431673,real
2026-01-22 07:35:00,59.496408429118766,real
2026-01-22 07:40:00,59.821525415070234,real
2026-01-22 07:45:00,60.14664240102171,real
2026-01-22 07:50:00,60.471759386973176,real
2026-01-22 07:55:00,60.79687637292464,real
2026-01-22 08:00:00,61.12199335887611,real
2026-01-22 08:05:00,61.44711034482758,real
2026-01-22 08:10:00,61.772227330779046,real
2026-01-22 08:15:00,62.09734431673052,real
2026-01-22 08:20:00,62.42246130268199,real
2026-01-22 08:25:00,62.747578288633456,real
2026-01-22 08:30:00,63.07269527458492,real
2026-01-22 08:35:00,63.39781226053639,real
2026-01-22 08:40:00,63.72292924648786,real
2026-01-22 08:45:00,64.04804623243933,real
2026-01-22 08:50:00,64.3731632183908,real
2026-01-22 08:55:00,64.69828020434227,real
2026-01-22 09:00:00,65.02339719029374,real
2026-01-22 09:05:00,65.3485141762452,real
2026-01-22 09:10:00,65.67363116219667,real
2026-01-22 09:15:00,65.99874814814814,real
2026-01-22 09:20:00,66.3238651340996,real
2026-01-22 09:25:00,66.64898212005107,real
2026-01-22 09:30:00,66.97409910600254,real
2026-01-22 09:35:00,67.29921609195402,real
2026-01-22 09:40:00,67.62433307790549,real
2026-01-22 09:45:00,67.94945006385696,real
2026-01-22 09:50:00,68.27456704980843,real
2026-01-22 09:55:00,68.59968403575989,real
2026-01-22 10:00:00,68.92480102171136,real
2026-01-22 10:05:00,69.24991800766283,real
2026-01-22 10:10:00,69.5750349936143,real
2026-01-22 10:15:00,69.90015197956576,real
2026-01-22 10:20:00,70.22526896551723,real
2026-01-22 10:25:00,70.5503859514687,real
2026-01-22 10:30:00,70.87550293742017,real
2026-01-22 10:35:00,71.20061992337165,real
2026-01-22 10:40:00,71.52573690932311,real
2026-01-22 10:45:00,71.85085389527458,real
2026-01-22 10:50:00,72.17597088122605,real
2026-01-22 10:55:00,72.50108786717752,real
2026-01-22 11:00:00,72.82620485312898,real
2026-01-22 11:05:00,73.15132183908045,real
2026-01-22 11:10:00,73.47643882503192,real
2026-01-22 11:15:00,73.80155581098339,real
2026-01-22 11:20:00,74.12667279693486,real
2026-01-22 11:25:00,74.45178978288632,real
2026-01-22 11:30:00,74.77690676883779,real
2026-01-22 11:35:00,75.10202375478926,real
2026-01-22 11:40:00,75.42714074074074,real
2026-01-22 11:45:00,75.7522577266922,real
2026-01-22 11:50:00,76.07737471264367,real
2026-01-22 11:55:00,76.40249169859514,real
2026-01-22 12:00:00,76.72760868454661,real
2026-01-22 12:05:00,77.05272567049808,real
2026-01-22 12:10:00,77.37784265644954,real
2026-01-22 12:15:00,77.70295964240101,real
2026-01-22 12:20:00,78.02807662835248,real
2026-01-22 12:25:00,78.35319361430395,real
2026-01-22 12:30:00,78.67831060025541,real
2026-01-22 12:35:00,79.00342758620688,real
2026-01-22 12:40:00,79.32854457215836,real
2026-01-22 12:45:00,79.65366155810983,real
2026-01-22 12:50:00,79.9787785440613,real
2026-01-22 12:55:00,80.30389553001277,real
2026-01-22 13:00:00,80.62901251596423,real
2026-01-22 13:05:00,80.9541295019157,real
2026-01-22 13:10:00,81.27924648786717,real
2026-01-22 13:15:00,81.60436347381864,real
2026-01-22 13:20:00,81.9294804597701,real
2026-01-22 13:25:00,82.25459744572157,real
2026-01-22 13:30:00,82.57971443167304,real
2026-01-22 13:35:00,82.90483141762451,real
2026-01-22 13:40:00,83.22994840357597,real
2026-01-22 13:45:00,83.55506538952746,real
2026-01-22 13:50:00,83.88018237547892,real
2026-01-22 13:55:00,84.20529936143039,real
2026-01-22 14:00:00,84.53041634738186,real
2026-01-22 14:05:00,84.85553333333333,real
2026-01-22 14:10:00,75.97777777777777,real
2026-01-22 14:15:00,52.98834000000001,real
2026-01-22 14:20:00,51.321676000000004,real
2026-01-22 14:25:00,53.27036444444444,real
2026-01-22 14:30:00,14.984998999999998,real
2026-01-22 14:35:00,13.475,real
2026-01-22 14:40:00,54.455556666666666,real
2026-01-22 14:45:00,64.166672,real
2026-01-22 14:50:00,57.693336,real
2026-01-22 14:55:00,53.48333,real
2026-01-22 15:00:00,53.49900066401062,real
2026-01-22 15:05:00,53.51467132802125,real
2026-01-22 15:10:00,53.53034199203187,real
2026-01-22 15:15:00,53.5460126560425,real
2026-01-22 15:20:00,53.56168332005312,real
2026-01-22 15:25:00,53.57735398406375,real
2026-01-22 15:30:00,53.59302464807437,real
2026-01-22 15:35:00,53.608695312085,real
2026-01-22 15:40:00,53.62436597609562,real
2026-01-22 15:45:00,53.640036640106246,real
2026-01-22 15:50:00,53.655707304116866,real
2026-01-22 15:55:00,53.671377968127494,real
2026-01-22 16:00:00,53.687048632138115,real
2026-01-22 16:05:00,53.70271929614874,real
2026-01-22 16:10:00,53.718389960159364,real
2026-01-22 16:15:00,53.73406062416999,real
2026-01-22 16:20:00,53.74973128818061,real
2026-01-22 16:25:00,53.76540195219124,real
2026-01-22 16:30:00,53.78107261620186,real
2026-01-22 16:35:00,53.79674328021248,real
2026-01-22 16:40:00,53.81241394422311,real
2026-01-22 16:45:00,53.82808460823373,real
2026-01-22 16:50:00,53.84375527224436,real
2026-01-22 16:55:00,53.85942593625498,real
2026-01-22 17:00:00,53.87509660026561,real
2026-01-22 17:05:00,53.89076726427623,real
2026-01-22 17:10:00,53.906437928286856,real
2026-01-22 17:15:00,53.92210859229748,real
2026-01-22 17:20:00,53.937779256308104,real
2026-01-22 17:25:00,53.953449920318725,real
2026-01-22 17:30:00,53.96912058432935,real
2026-01-22 17:35:00,53.984791248339974,real
2026-01-22 17:40:00,54.0004619123506,real
2026-01-22 17:45:00,54.01613257636122,real
2026-01-22 17:50:00,54.03180324037185,real
2026-01-22 17:55:00,54.04747390438247,real
2026-01-22 18:00:00,54.0631445683931,real
2026-01-22 18:05:00,54.07881523240372,real
2026-01-22 18:10:00,54.09448589641434,real
2026-01-22 18:15:00,54.11015656042497,real
2026-01-22 18:20:00,54.12582722443559,real
2026-01-22 18:25:00,54.14149788844622,real
2026-01-22 18:30:00,54.15716855245684,real
2026-01-22 18:35:00,54.172839216467466,real
2026-01-22 18:40:00,54.18850988047809,real
2026-01-22 18:45:00,54.204180544488715,real
2026-01-22 18:50:00,54.219851208499335,real
2026-01-22 18:55:00,54.23552187250996,real
2026-01-22 19:00:00,54.251192536520584,real
2026-01-22 19:05:00,54.26686320053121,real
2026-01-22 19:10:00,54.28253386454183,real
2026-01-22 19:15:00,54.29820452855246,real
2026-01-22 19:20:00,54.31387519256308,real
2026-01-22 19:25:00,54.32954585657371,real
2026-01-22 19:30:00,54.34521652058433,real
2026-01-22 19:35:00,54.36088718459496,real
2026-01-22 19:40:00,54.37655784860558,real
2026-01-22 19:45:00,54.3922285126162,real
2026-01-22 19:50:00,54.40789917662683,real
2026-01-22 19:55:00,54.42356984063745,real
2026-01-22 20:00:00,54.439240504648076,real
2026-01-22 20:05:00,54.4549111686587,real
2026-01-22 20:10:00,54.470581832669325,real
2026-01-22 20:15:00,54.486252496679946,real
2026-01-22 20:20:00,54.50192316069057,real
2026-01-22 20:25:00,54.517593824701194,real
2026-01-22 20:30:00,54.53326448871182,real
2026-01-22 20:35:00,54.54893515272244,real
2026-01-22 20:40:00,54.56460581673307,real
2026-01-22 20:45:00,54.58027648074369,real
2026-01-22 20:50:00,54.59594714475432,real
2026-01-22 20:55:00,54.61161780876494,real
2026-01-22 21:00:00,54.62728847277557,real
2026-01-22 21:05:00,54.64295913678619,real
2026-01-22 21:10:00,54.65862980079682,real
2026-01-22 21:15:00,54.67430046480744,real
2026-01-22 21:20:00,54.68997112881806,real
2026-01-22 21:25:00,54.705641792828686,real
2026-01-22 21:30:00,54.72131245683931,real
2026-01-22 21:35:00,54.736983120849935,real
2026-01-22 21:40:00,54.752653784860556,real
2026-01-22 21:45:00,54.768324448871184,real
2026-01-22 21:50:00,54.783995112881804,real
2026-01-22 21:55:00,54.79966577689243,real
2026-01-22 22:00:00,54.81533644090305,real
2026-01-22 22:05:00,54.83100710491368,real
2026-01-22 22:10:00,54.8466777689243,real
2026-01-22 22:15:00,54.86234843293493,real
2026-01-22 22:20:00,54.87801909694555,real
2026-01-22 22:25:00,54.89368976095618,real
2026-01-22 22:30:00,54.9093604249668,real
2026-01-22 22:35:00,54.92503108897743,real
2026-01-22 22:40:00,54.94070175298805,real
2026-01-22 22:45:00,54.956372416998676,real
2026-01-22 22:50:00,54.972043081009296,real
2026-01-22 22:55:00,54.98771374501992,real
2026-01-22 23:00:00,55.003384409030545,real
2026-01-22 23:05:00,55.019055073041166,real
2026-01-22 23:10:00,55.034725737051794,real
2026-01-22 23:15:00,55.050396401062414,real
2026-01-22 23:20:00,55.06606706507304,real
2026-01-22 23:25:00,55.08173772908366,real
2026-01-22 23:30:00,55.09740839309429,real
2026-01-22 23:35:00,55.11307905710491,real
2026-01-22 23:40:00,55.12874972111554,real
2026-01-22 23:45:00,55.14442038512616,real
2026-01-22 23:50:00,55.16009104913679,real
2026-01-22 23:55:00,55.17576171314741,real
2026-01-23 00:00:00,55.19143237715804,real
2026-01-23 00:05:00,55.20710304116866,real
2026-01-23 00:10:00,55.222773705179286,real
2026-01-23 00:15:00,55.23844436918991,real
2026-01-23 00:20:00,55.254115033200534,real
2026-01-23 00:25:00,55.269785697211155,real
2026-01-23 00:30:00,55.28545636122178,real
2026-01-23 00:35:00,55.301127025232404,real
2026-01-23 00:40:00,55.316797689243025,real
2026-01-23 00:45:00,55.33246835325365,real
2026-01-23 00:50:00,55.34813901726427,real
2026-01-23 00:55:00,55.3638096812749,real
2026-01-23 01:00:00,55.37948034528552,real
2026-01-23 01:05:00,55.39515100929615,real
2026-01-23 01:10:00,55.41082167330677,real
2026-01-23 01:15:00,55.4264923373174,real
2026-01-23 01:20:00,55.44216300132802,real
2026-01-23 01:25:00,55.45783366533865,real
2026-01-23 01:30:00,55.47350432934927,real
2026-01-23 01:35:00,55.489174993359896,real
2026-01-23 01:40:00,55.50484565737052,real
2026-01-23 01:45:00,55.520516321381145,real
2026-01-23 01:50:00,55.536186985391765,real
2026-01-23 01:55:00,55.55185764940239,real
2026-01-23 02:00:00,55.567528313413014,real
2026-01-23 02:05:00,55.583198977423635,real
2026-01-23 02:10:00,55.59886964143426,real
2026-01-23 02:15:00,55.61454030544489,real
2026-01-23 02:20:00,55.63021096945551,real
2026-01-23 02:25:00,55.64588163346613,real
2026-01-23 02:30:00,55.66155229747676,real
2026-01-23 02:35:00,55.67722296148738,real
2026-01-23 02:40:00,55.69289362549801,real
2026-01-23 02:45:00,55.70856428950863,real
2026-01-23 02:50:00,55.72423495351926,real
2026-01-23 02:55:00,55.73990561752988,real
2026-01-23 03:00:00,55.755576281540506,real
2026-01-23 03:05:00,55.77124694555113,real
2026-01-23 03:10:00,55.786917609561755,real
2026-01-23 03:15:00,55.802588273572375,real
2026-01-23 03:20:00,55.818258937583,real
2026-01-23 03:25:00,55.833929601593624,real
2026-01-23 03:30:00,55.84960026560425,real
2026-01-23 03:35:00,55.86527092961487,real
2026-01-23 03:40:00,55.8809415936255,real
2026-01-23 03:45:00,55.89661225763612,real
2026-01-23 03:50:00,55.91228292164675,real
2026-01-23 03:55:00,55.92795358565737,real
2026-01-23 04:00:00,55.94362424966799,real
2026-01-23 04:05:00,55.95929491367862,real
2026-01-23 04:10:00,55.97496557768924,real
2026-01-23 04:15:00,55.99063624169987,real
2026-01-23 04:20:00,56.00630690571049,real
2026-01-23 04:25:00,56.021977569721116,real
2026-01-23 04:30:00,56.03764823373174,real
2026-01-23 04:35:00,56.053318897742365,real
2026-01-23 04:40:00,56.068989561752986,real
2026-01-23 04:45:00,56.08466022576361,real
2026-01-23 04:50:00,56.100330889774234,real
2026-01-23 04:55:00,56.11600155378486,real
2026-01-23 05:00:00,56.13167221779548,real
2026-01-23 05:05:00,56.14734288180611,real
2026-01-23 05:10:00,56.16301354581673,real
2026-01-23 05:15:00,56.17868420982736,real
2026-01-23 05:20:00,56.19435487383798,real
2026-01-23 05:25:00,56.21002553784861,real
2026-01-23 05:30:00,56.22569620185923,real
2026-01-23 05:35:00,56.24136686586985,real
2026-01-23 05:40:00,56.25703752988048,real
2026-01-23 05:45:00,56.2727081938911,real
2026-01-23 05:50:00,56.288378857901726,real
2026-01-23 05:55:00,56.30404952191235,real
2026-01-23 06:00:00,56.319720185922975,real
2026-01-23 06:05:00,56.335390849933596,real
2026-01-23 06:10:00,56.351061513944224,real
2026-01-23 06:15:00,56.366732177954844,real
2026-01-23 06:20:00,56.38240284196547,real
2026-01-23 06:25:00,56.39807350597609,real
2026-01-23 06:30:00,56.41374416998672,real
2026-01-23 06:35:00,56.42941483399734,real
2026-01-23 06:40:00,56.44508549800797,real
2026-01-23 06:45:00,56.46075616201859,real
2026-01-23 06:50:00,56.47642682602922,real
2026-01-23 06:55:00,56.49209749003984,real
2026-01-23 07:00:00,56.50776815405047,real
2026-01-23 07:05:00,56.52343881806109,real
2026-01-23 07:10:00,56.53910948207171,real
2026-01-23 07:15:00,56.55478014608234,real
2026-01-23 07:20:00,56.57045081009296,real
2026-01-23 07:25:00,56.586121474103585,real
2026-01-23 07:30:00,56.601792138114206,real
2026-01-23 07:35:00,56.617462802124834,real
2026-01-23 07:40:00,56.633133466135455,real
2026-01-23 07:45:00,56.64880413014608,real
2026-01-23 07:50:00,56.6644747941567,real
2026-01-23 07:55:00,56.68014545816733,real
2026-01-23 08:00:00,56.69581612217795,real
2026-01-23 08:05:00,56.71148678618858,real
2026-01-23 08:10:00,56.7271574501992,real
2026-01-23 08:15:00,56.74282811420983,real
2026-01-23 08:20:00,56.75849877822045,real
2026-01-23 08:25:00,56.77416944223108,real
2026-01-23 08:30:00,56.7898401062417,real
2026-01-23 08:35:00,56.805510770252326,real
2026-01-23 08:40:00,56.82118143426295,real
2026-01-23 08:45:00,56.83685209827357,real
2026-01-23 08:50:00,56.852522762284195,real
2026-01-23 08:55:00,56.868193426294816,real
2026-01-23 09:00:00,56.883864090305444,real
2026-01-23 09:05:00,56.899534754316065,real
2026-01-23 09:10:00,56.91520541832669,real
2026-01-23 09:15:00,56.93087608233731,real
2026-01-23 09:20:00,56.94654674634794,real
2026-01-23 09:25:00,56.96221741035856,real
2026-01-23 09:30:00,56.97788807436919,real
2026-01-23 09:35:00,56.99355873837981,real
2026-01-23 09:40:00,57.00922940239044,real
2026-01-23 09:45:00,57.02490006640106,real
2026-01-23 09:50:00,57.04057073041169,real
2026-01-23 09:55:00,57.05624139442231,real
2026-01-23 10:00:00,57.071912058432936,real
2026-01-23 10:05:00,57.08758272244356,real
2026-01-23 10:10:00,57.103253386454185,real
2026-01-23 10:15:00,57.118924050464805,real
2026-01-23 10:20:00,57.134594714475426,real
2026-01-23 10:25:00,57.150265378486054,real
2026-01-23 10:30:00,57.165936042496675,real
2026-01-23 10:35:00,57.1816067065073,real
2026-01-23 10:40:00,57.197277370517924,real
2026-01-23 10:45:00,57.21294803452855,real
2026-01-23 10:50:00,57.22861869853917,real
2026-01-23 10:55:00,57.2442893625498,real
2026-01-23 11:00:00,57.25996002656042,real
2026-01-23 11:05:00,57.27563069057105,real
2026-01-23 11:10:00,57.29130135458167,real
2026-01-23 11:15:00,57.3069720185923,real
2026-01-23 11:20:00,57.32264268260292,real
2026-01-23 11:25:00,57.338313346613546,real
2026-01-23 11:30:00,57.35398401062417,real
2026-01-23 11:35:00,57.369654674634795,real
2026-01-23 11:40:00,57.385325338645416,real
2026-01-23 11:45:00,57.40099600265604,real
2026-01-23 11:50:00,57.416666666666664,real
2026-01-23 11:55:00,68.9,real
2026-01-23 12:00:00,57.416666666666664,real
2026-01-23 12:05:00,0.0,real
